subject,field,snapshot_sha256,url,original_url,fetched_at,basis,quote
aalo-crusoe-partnership-2026,agreement,c09f99f70de99f1bb90a66fdbf9295f1fcb32f7259f4795f5c6c5b75cb87e9d3,https://www.aalo.com/post/crusoe-and-aalo-atomics-form-strategic-partnership,,2026-10-05T18:49:54.686981+00:00,disclosed,Crusoe and Aalo Form Strategic Partnership
aalo-crusoe-partnership-2026,announced_on,c09f99f70de99f1bb90a66fdbf9295f1fcb32f7259f4795f5c6c5b75cb87e9d3,https://www.aalo.com/post/crusoe-and-aalo-atomics-form-strategic-partnership,,2026-10-05T18:49:54.686981+00:00,disclosed,"Published July 30, 2026"
aalo-cumulative-300m-2026,amount,5db834f0ad169346a6995c2713f7c6f110be9de9e8fbc862a7e99a30b9d9b1b1,https://www.aalo.com/company,,2026-10-05T18:50:46.600860+00:00,disclosed,$300M+ Hundreds of millions of venture capital raised
aalo-cumulative-300m-2026,announced_on,5db834f0ad169346a6995c2713f7c6f110be9de9e8fbc862a7e99a30b9d9b1b1,https://www.aalo.com/company,,2026-10-05T18:50:46.600860+00:00,disclosed,$300M+ Hundreds of millions of venture capital raised
aalo-doe-idaho-siting-mou-2024,agreement,f19b349e54342ac2ca2184ed9d338f7f1b4d768e12aa8a417bf475206d80cfc1,https://www.aalo.com/post/aalo-atomics-raises-27m-series-a,,2026-10-05T17:58:49.560888+00:00,disclosed,Signed a siting Memorandum of Understanding (MOU) with the DOE.
aalo-doe-reactor-pilot-program-2025,agreement,d92aed237e3d72eebae1422dcd91a89156bb7ec851d5eb319adbd1bf1c0d3730,https://www.energy.gov/articles/department-energy-announces-initial-selections-new-reactor-pilot-program,,2026-10-05T17:59:18.711506+00:00,disclosed,"today’s selected companies— Aalo Atomics Inc., Antares Nuclear Inc."
aalo-doe-reactor-pilot-program-2025,announced_on,d92aed237e3d72eebae1422dcd91a89156bb7ec851d5eb319adbd1bf1c0d3730,https://www.energy.gov/articles/department-energy-announces-initial-selections-new-reactor-pilot-program,,2026-10-05T17:59:18.711506+00:00,disclosed,"August 12, 2025"
aalo-seed-2023,amount,b6570ca1dd4ca83858bad8a47d925e16d97b32c9fd02246428c1525d29b84a47,https://www.aalo.com/post/aalo-atomics-raises-6-26m-seed-round,,2026-10-05T18:49:31.990902+00:00,disclosed,Aalo Atomics has closed $6.26M in equity financing
aalo-seed-2023,announced_on,b6570ca1dd4ca83858bad8a47d925e16d97b32c9fd02246428c1525d29b84a47,https://www.aalo.com/post/aalo-atomics-raises-6-26m-seed-round,,2026-10-05T18:49:31.990902+00:00,disclosed,"Published April 11, 2023"
aalo-seed-2023,round_label,b6570ca1dd4ca83858bad8a47d925e16d97b32c9fd02246428c1525d29b84a47,https://www.aalo.com/post/aalo-atomics-raises-6-26m-seed-round,,2026-10-05T18:49:31.990902+00:00,disclosed,Aalo Atomics Raises $6.26M Seed Round
aalo-seed-2023:fifty-years,participant,b6570ca1dd4ca83858bad8a47d925e16d97b32c9fd02246428c1525d29b84a47,https://www.aalo.com/post/aalo-atomics-raises-6-26m-seed-round,,2026-10-05T18:49:31.990902+00:00,disclosed,"The round was led by Fifty Years, a deep-tech VC firm based in San Francisco"
aalo-seed-2023:valor-equity-partners,participant,b6570ca1dd4ca83858bad8a47d925e16d97b32c9fd02246428c1525d29b84a47,https://www.aalo.com/post/aalo-atomics-raises-6-26m-seed-round,,2026-10-05T18:49:31.990902+00:00,disclosed,with participation by Valor Equity Partners (early SpaceX and Tesla investors)
aalo-series-a-2024,amount,f19b349e54342ac2ca2184ed9d338f7f1b4d768e12aa8a417bf475206d80cfc1,https://www.aalo.com/post/aalo-atomics-raises-27m-series-a,,2026-10-05T17:58:49.560888+00:00,disclosed,Investors are backing us with $27M
aalo-series-a-2024,announced_on,f19b349e54342ac2ca2184ed9d338f7f1b4d768e12aa8a417bf475206d80cfc1,https://www.aalo.com/post/aalo-atomics-raises-27m-series-a,,2026-10-05T17:58:49.560888+00:00,disclosed,"Published August 14, 2024"
aalo-series-a-2024,round_label,f19b349e54342ac2ca2184ed9d338f7f1b4d768e12aa8a417bf475206d80cfc1,https://www.aalo.com/post/aalo-atomics-raises-27m-series-a,,2026-10-05T17:58:49.560888+00:00,disclosed,Aalo Atomics Raises $27M Series A
aalo-series-b-2025,amount,059a40db4fcc6ab66c449aa22932f1ef51eec6567af5cb4e6229d3ba498da942,https://techcrunch.com/2025/08/19/aalo-atomics-raises-100m-to-build-a-microreactor-and-data-center-together/,,2026-10-05T18:49:41.703072+00:00,reported,"raising $100 million in a Series B, the company announced today"
aalo-series-b-2025,announced_on,059a40db4fcc6ab66c449aa22932f1ef51eec6567af5cb4e6229d3ba498da942,https://techcrunch.com/2025/08/19/aalo-atomics-raises-100m-to-build-a-microreactor-and-data-center-together/,,2026-10-05T18:49:41.703072+00:00,reported,"8:41 AM PDT · August 19, 2025"
aalo-series-b-2025,round_label,059a40db4fcc6ab66c449aa22932f1ef51eec6567af5cb4e6229d3ba498da942,https://techcrunch.com/2025/08/19/aalo-atomics-raises-100m-to-build-a-microreactor-and-data-center-together/,,2026-10-05T18:49:41.703072+00:00,reported,raising $100 million in a Series B
aalo-series-b-2025:alumni-ventures,participant,059a40db4fcc6ab66c449aa22932f1ef51eec6567af5cb4e6229d3ba498da942,https://techcrunch.com/2025/08/19/aalo-atomics-raises-100m-to-build-a-microreactor-and-data-center-together/,,2026-10-05T18:49:41.703072+00:00,reported,"The Series B round was led by Valor Equity Partners with participation from 50Y, Alumni Ventures, Crescent Enterprises, Crosscut, Fine Structure Ventures, Gaingels, Harpoon Ventures, Hitachi Ventures, Kindred Ventures, MCJ, NRG Energy, Nucleation Capital, Perpetual VC, Tishman Speyer, and VamosVentures."
aalo-series-b-2025:crescent-enterprises,participant,059a40db4fcc6ab66c449aa22932f1ef51eec6567af5cb4e6229d3ba498da942,https://techcrunch.com/2025/08/19/aalo-atomics-raises-100m-to-build-a-microreactor-and-data-center-together/,,2026-10-05T18:49:41.703072+00:00,reported,"The Series B round was led by Valor Equity Partners with participation from 50Y, Alumni Ventures, Crescent Enterprises, Crosscut, Fine Structure Ventures, Gaingels, Harpoon Ventures, Hitachi Ventures, Kindred Ventures, MCJ, NRG Energy, Nucleation Capital, Perpetual VC, Tishman Speyer, and VamosVentures."
aalo-series-b-2025:crosscut-ventures,participant,059a40db4fcc6ab66c449aa22932f1ef51eec6567af5cb4e6229d3ba498da942,https://techcrunch.com/2025/08/19/aalo-atomics-raises-100m-to-build-a-microreactor-and-data-center-together/,,2026-10-05T18:49:41.703072+00:00,reported,"The Series B round was led by Valor Equity Partners with participation from 50Y, Alumni Ventures, Crescent Enterprises, Crosscut, Fine Structure Ventures, Gaingels, Harpoon Ventures, Hitachi Ventures, Kindred Ventures, MCJ, NRG Energy, Nucleation Capital, Perpetual VC, Tishman Speyer, and VamosVentures."
aalo-series-b-2025:fifty-years,participant,059a40db4fcc6ab66c449aa22932f1ef51eec6567af5cb4e6229d3ba498da942,https://techcrunch.com/2025/08/19/aalo-atomics-raises-100m-to-build-a-microreactor-and-data-center-together/,,2026-10-05T18:49:41.703072+00:00,reported,"The Series B round was led by Valor Equity Partners with participation from 50Y, Alumni Ventures, Crescent Enterprises, Crosscut, Fine Structure Ventures, Gaingels, Harpoon Ventures, Hitachi Ventures, Kindred Ventures, MCJ, NRG Energy, Nucleation Capital, Perpetual VC, Tishman Speyer, and VamosVentures."
aalo-series-b-2025:fine-structure-ventures,participant,059a40db4fcc6ab66c449aa22932f1ef51eec6567af5cb4e6229d3ba498da942,https://techcrunch.com/2025/08/19/aalo-atomics-raises-100m-to-build-a-microreactor-and-data-center-together/,,2026-10-05T18:49:41.703072+00:00,reported,"The Series B round was led by Valor Equity Partners with participation from 50Y, Alumni Ventures, Crescent Enterprises, Crosscut, Fine Structure Ventures, Gaingels, Harpoon Ventures, Hitachi Ventures, Kindred Ventures, MCJ, NRG Energy, Nucleation Capital, Perpetual VC, Tishman Speyer, and VamosVentures."
aalo-series-b-2025:gaingels,participant,059a40db4fcc6ab66c449aa22932f1ef51eec6567af5cb4e6229d3ba498da942,https://techcrunch.com/2025/08/19/aalo-atomics-raises-100m-to-build-a-microreactor-and-data-center-together/,,2026-10-05T18:49:41.703072+00:00,reported,"The Series B round was led by Valor Equity Partners with participation from 50Y, Alumni Ventures, Crescent Enterprises, Crosscut, Fine Structure Ventures, Gaingels, Harpoon Ventures, Hitachi Ventures, Kindred Ventures, MCJ, NRG Energy, Nucleation Capital, Perpetual VC, Tishman Speyer, and VamosVentures."
aalo-series-b-2025:harpoon-ventures,participant,059a40db4fcc6ab66c449aa22932f1ef51eec6567af5cb4e6229d3ba498da942,https://techcrunch.com/2025/08/19/aalo-atomics-raises-100m-to-build-a-microreactor-and-data-center-together/,,2026-10-05T18:49:41.703072+00:00,reported,"The Series B round was led by Valor Equity Partners with participation from 50Y, Alumni Ventures, Crescent Enterprises, Crosscut, Fine Structure Ventures, Gaingels, Harpoon Ventures, Hitachi Ventures, Kindred Ventures, MCJ, NRG Energy, Nucleation Capital, Perpetual VC, Tishman Speyer, and VamosVentures."
aalo-series-b-2025:hitachi-ventures,participant,059a40db4fcc6ab66c449aa22932f1ef51eec6567af5cb4e6229d3ba498da942,https://techcrunch.com/2025/08/19/aalo-atomics-raises-100m-to-build-a-microreactor-and-data-center-together/,,2026-10-05T18:49:41.703072+00:00,reported,"The Series B round was led by Valor Equity Partners with participation from 50Y, Alumni Ventures, Crescent Enterprises, Crosscut, Fine Structure Ventures, Gaingels, Harpoon Ventures, Hitachi Ventures, Kindred Ventures, MCJ, NRG Energy, Nucleation Capital, Perpetual VC, Tishman Speyer, and VamosVentures."
aalo-series-b-2025:kindred-ventures,participant,059a40db4fcc6ab66c449aa22932f1ef51eec6567af5cb4e6229d3ba498da942,https://techcrunch.com/2025/08/19/aalo-atomics-raises-100m-to-build-a-microreactor-and-data-center-together/,,2026-10-05T18:49:41.703072+00:00,reported,"The Series B round was led by Valor Equity Partners with participation from 50Y, Alumni Ventures, Crescent Enterprises, Crosscut, Fine Structure Ventures, Gaingels, Harpoon Ventures, Hitachi Ventures, Kindred Ventures, MCJ, NRG Energy, Nucleation Capital, Perpetual VC, Tishman Speyer, and VamosVentures."
aalo-series-b-2025:mcj,participant,059a40db4fcc6ab66c449aa22932f1ef51eec6567af5cb4e6229d3ba498da942,https://techcrunch.com/2025/08/19/aalo-atomics-raises-100m-to-build-a-microreactor-and-data-center-together/,,2026-10-05T18:49:41.703072+00:00,reported,"The Series B round was led by Valor Equity Partners with participation from 50Y, Alumni Ventures, Crescent Enterprises, Crosscut, Fine Structure Ventures, Gaingels, Harpoon Ventures, Hitachi Ventures, Kindred Ventures, MCJ, NRG Energy, Nucleation Capital, Perpetual VC, Tishman Speyer, and VamosVentures."
aalo-series-b-2025:nrg,participant,059a40db4fcc6ab66c449aa22932f1ef51eec6567af5cb4e6229d3ba498da942,https://techcrunch.com/2025/08/19/aalo-atomics-raises-100m-to-build-a-microreactor-and-data-center-together/,,2026-10-05T18:49:41.703072+00:00,reported,"The Series B round was led by Valor Equity Partners with participation from 50Y, Alumni Ventures, Crescent Enterprises, Crosscut, Fine Structure Ventures, Gaingels, Harpoon Ventures, Hitachi Ventures, Kindred Ventures, MCJ, NRG Energy, Nucleation Capital, Perpetual VC, Tishman Speyer, and VamosVentures."
aalo-series-b-2025:nucleation-capital,participant,059a40db4fcc6ab66c449aa22932f1ef51eec6567af5cb4e6229d3ba498da942,https://techcrunch.com/2025/08/19/aalo-atomics-raises-100m-to-build-a-microreactor-and-data-center-together/,,2026-10-05T18:49:41.703072+00:00,reported,"The Series B round was led by Valor Equity Partners with participation from 50Y, Alumni Ventures, Crescent Enterprises, Crosscut, Fine Structure Ventures, Gaingels, Harpoon Ventures, Hitachi Ventures, Kindred Ventures, MCJ, NRG Energy, Nucleation Capital, Perpetual VC, Tishman Speyer, and VamosVentures."
aalo-series-b-2025:perpetual-vc,participant,059a40db4fcc6ab66c449aa22932f1ef51eec6567af5cb4e6229d3ba498da942,https://techcrunch.com/2025/08/19/aalo-atomics-raises-100m-to-build-a-microreactor-and-data-center-together/,,2026-10-05T18:49:41.703072+00:00,reported,"The Series B round was led by Valor Equity Partners with participation from 50Y, Alumni Ventures, Crescent Enterprises, Crosscut, Fine Structure Ventures, Gaingels, Harpoon Ventures, Hitachi Ventures, Kindred Ventures, MCJ, NRG Energy, Nucleation Capital, Perpetual VC, Tishman Speyer, and VamosVentures."
aalo-series-b-2025:tishman-speyer,participant,059a40db4fcc6ab66c449aa22932f1ef51eec6567af5cb4e6229d3ba498da942,https://techcrunch.com/2025/08/19/aalo-atomics-raises-100m-to-build-a-microreactor-and-data-center-together/,,2026-10-05T18:49:41.703072+00:00,reported,"The Series B round was led by Valor Equity Partners with participation from 50Y, Alumni Ventures, Crescent Enterprises, Crosscut, Fine Structure Ventures, Gaingels, Harpoon Ventures, Hitachi Ventures, Kindred Ventures, MCJ, NRG Energy, Nucleation Capital, Perpetual VC, Tishman Speyer, and VamosVentures."
aalo-series-b-2025:valor-equity-partners,participant,059a40db4fcc6ab66c449aa22932f1ef51eec6567af5cb4e6229d3ba498da942,https://techcrunch.com/2025/08/19/aalo-atomics-raises-100m-to-build-a-microreactor-and-data-center-together/,,2026-10-05T18:49:41.703072+00:00,reported,The Series B round was led by Valor Equity Partners
aalo-series-b-2025:vamosventures,participant,059a40db4fcc6ab66c449aa22932f1ef51eec6567af5cb4e6229d3ba498da942,https://techcrunch.com/2025/08/19/aalo-atomics-raises-100m-to-build-a-microreactor-and-data-center-together/,,2026-10-05T18:49:41.703072+00:00,reported,"The Series B round was led by Valor Equity Partners with participation from 50Y, Alumni Ventures, Crescent Enterprises, Crosscut, Fine Structure Ventures, Gaingels, Harpoon Ventures, Hitachi Ventures, Kindred Ventures, MCJ, NRG Energy, Nucleation Capital, Perpetual VC, Tishman Speyer, and VamosVentures."
advanced-conductor-technologies-dear0001459,amount,dd380210f070f04bb650eb422f5ec1a47c085044a727e647fe5e2a4271f11085,https://api.usaspending.gov/api/v2/search/spending_by_award/,,2026-10-05T18:50:32.159065+00:00,disclosed,"""Award ID"": ""DEAR0001459"", ""Recipient Name"": ""ADVANCED CONDUCTOR TECHNOLOGIES LLC"", ""Recipient UEI"": ""CLNQLMBDRLH3"", ""Award Amount"": 1499526.0"
advanced-conductor-technologies-dear0001459,announced_on,dd380210f070f04bb650eb422f5ec1a47c085044a727e647fe5e2a4271f11085,https://api.usaspending.gov/api/v2/search/spending_by_award/,,2026-10-05T18:50:32.159065+00:00,disclosed,"""Base Obligation Date"": ""2021-08-18"", ""generated_internal_id"": ""ASST_NON_DEAR0001459_089"""
advanced-conductor-technologies-dear0001459,disbursed_usd,dd380210f070f04bb650eb422f5ec1a47c085044a727e647fe5e2a4271f11085,https://api.usaspending.gov/api/v2/search/spending_by_award/,,2026-10-05T18:50:32.159065+00:00,disclosed,"""Award Amount"": 1499526.0, ""Total Outlays"": 1499526.0"
advanced-conductor-technologies-dear0001459,round_label,dd380210f070f04bb650eb422f5ec1a47c085044a727e647fe5e2a4271f11085,https://api.usaspending.gov/api/v2/search/spending_by_award/,,2026-10-05T18:50:32.159065+00:00,disclosed,"""Award ID"": ""DEAR0001459"", ""Recipient Name"": ""ADVANCED CONDUCTOR TECHNOLOGIES LLC"""
advanced-conductor-technologies-dear0001459,use_of_proceeds,dd380210f070f04bb650eb422f5ec1a47c085044a727e647fe5e2a4271f11085,https://api.usaspending.gov/api/v2/search/spending_by_award/,,2026-10-05T18:50:32.159065+00:00,disclosed,"""Description"": ""NEW TINA SBIR TOPIC Q CABLES AWARD TO ADVANCED CONDUCTOR TECHNOLOGIES LLC\nCONTROL NUMBER 1954 - 16"
advanced-conductor-technologies-dear0001459:arpa-e,participant,dd380210f070f04bb650eb422f5ec1a47c085044a727e647fe5e2a4271f11085,https://api.usaspending.gov/api/v2/search/spending_by_award/,,2026-10-05T18:50:32.159065+00:00,disclosed,"""Awarding Agency"": ""Department of Energy"", ""Awarding Sub Agency"": ""Department of Energy"""
advanced-conductor-technologies-desc0007660,amount,dd380210f070f04bb650eb422f5ec1a47c085044a727e647fe5e2a4271f11085,https://api.usaspending.gov/api/v2/search/spending_by_award/,,2026-10-05T18:50:32.159065+00:00,disclosed,"""Award ID"": ""DESC0007660"", ""Recipient Name"": ""ADVANCED CONDUCTOR TECHNOLOGIES LLC"", ""Recipient UEI"": ""CLNQLMBDRLH3"", ""Award Amount"": 1149925.0"
advanced-conductor-technologies-desc0007660,announced_on,dd380210f070f04bb650eb422f5ec1a47c085044a727e647fe5e2a4271f11085,https://api.usaspending.gov/api/v2/search/spending_by_award/,,2026-10-05T18:50:32.159065+00:00,disclosed,"""Base Obligation Date"": ""2012-02-15"", ""generated_internal_id"": ""ASST_NON_DESC0007660_089"""
advanced-conductor-technologies-desc0007660,round_label,dd380210f070f04bb650eb422f5ec1a47c085044a727e647fe5e2a4271f11085,https://api.usaspending.gov/api/v2/search/spending_by_award/,,2026-10-05T18:50:32.159065+00:00,disclosed,"""Award ID"": ""DESC0007660"", ""Recipient Name"": ""ADVANCED CONDUCTOR TECHNOLOGIES LLC"""
advanced-conductor-technologies-desc0007660,use_of_proceeds,dd380210f070f04bb650eb422f5ec1a47c085044a727e647fe5e2a4271f11085,https://api.usaspending.gov/api/v2/search/spending_by_award/,,2026-10-05T18:50:32.159065+00:00,disclosed,"""Description"": ""REBCO COATED CONDUCTOR CABLES FOR FUSION MAGNETS"""
advanced-conductor-technologies-desc0007660:doe-office-of-science,participant,dd380210f070f04bb650eb422f5ec1a47c085044a727e647fe5e2a4271f11085,https://api.usaspending.gov/api/v2/search/spending_by_award/,,2026-10-05T18:50:32.159065+00:00,disclosed,"""Awarding Agency"": ""Department of Energy"", ""Awarding Sub Agency"": ""Department of Energy"""
advanced-conductor-technologies-desc0009485,amount,dd380210f070f04bb650eb422f5ec1a47c085044a727e647fe5e2a4271f11085,https://api.usaspending.gov/api/v2/search/spending_by_award/,,2026-10-05T18:50:32.159065+00:00,disclosed,"""Award ID"": ""DESC0009485"", ""Recipient Name"": ""ADVANCED CONDUCTOR TECHNOLOGIES LLC"", ""Recipient UEI"": ""CLNQLMBDRLH3"", ""Award Amount"": 149279.0"
advanced-conductor-technologies-desc0009485,announced_on,dd380210f070f04bb650eb422f5ec1a47c085044a727e647fe5e2a4271f11085,https://api.usaspending.gov/api/v2/search/spending_by_award/,,2026-10-05T18:50:32.159065+00:00,disclosed,"""Base Obligation Date"": ""2013-02-06"", ""generated_internal_id"": ""ASST_NON_DESC0009485_089"""
advanced-conductor-technologies-desc0009485,round_label,dd380210f070f04bb650eb422f5ec1a47c085044a727e647fe5e2a4271f11085,https://api.usaspending.gov/api/v2/search/spending_by_award/,,2026-10-05T18:50:32.159065+00:00,disclosed,"""Award ID"": ""DESC0009485"", ""Recipient Name"": ""ADVANCED CONDUCTOR TECHNOLOGIES LLC"""
advanced-conductor-technologies-desc0009485,use_of_proceeds,dd380210f070f04bb650eb422f5ec1a47c085044a727e647fe5e2a4271f11085,https://api.usaspending.gov/api/v2/search/spending_by_award/,,2026-10-05T18:50:32.159065+00:00,disclosed,"""Description"": ""DEMOUNTABLE JOINTS FOR HTS FUSION CABLES"""
advanced-conductor-technologies-desc0009485:doe-office-of-science,participant,dd380210f070f04bb650eb422f5ec1a47c085044a727e647fe5e2a4271f11085,https://api.usaspending.gov/api/v2/search/spending_by_award/,,2026-10-05T18:50:32.159065+00:00,disclosed,"""Awarding Agency"": ""Department of Energy"", ""Awarding Sub Agency"": ""Department of Energy"""
advanced-conductor-technologies-desc0009545,amount,dd380210f070f04bb650eb422f5ec1a47c085044a727e647fe5e2a4271f11085,https://api.usaspending.gov/api/v2/search/spending_by_award/,,2026-10-05T18:50:32.159065+00:00,disclosed,"""Award ID"": ""DESC0009545"", ""Recipient Name"": ""ADVANCED CONDUCTOR TECHNOLOGIES LLC"", ""Recipient UEI"": ""CLNQLMBDRLH3"", ""Award Amount"": 1147874.44"
advanced-conductor-technologies-desc0009545,announced_on,dd380210f070f04bb650eb422f5ec1a47c085044a727e647fe5e2a4271f11085,https://api.usaspending.gov/api/v2/search/spending_by_award/,,2026-10-05T18:50:32.159065+00:00,disclosed,"""Base Obligation Date"": ""2013-01-31"", ""generated_internal_id"": ""ASST_NON_DESC0009545_089"""
advanced-conductor-technologies-desc0009545,disbursed_usd,dd380210f070f04bb650eb422f5ec1a47c085044a727e647fe5e2a4271f11085,https://api.usaspending.gov/api/v2/search/spending_by_award/,,2026-10-05T18:50:32.159065+00:00,disclosed,"""Award Amount"": 1147874.44, ""Total Outlays"": 19999.0"
advanced-conductor-technologies-desc0009545,round_label,dd380210f070f04bb650eb422f5ec1a47c085044a727e647fe5e2a4271f11085,https://api.usaspending.gov/api/v2/search/spending_by_award/,,2026-10-05T18:50:32.159065+00:00,disclosed,"""Award ID"": ""DESC0009545"", ""Recipient Name"": ""ADVANCED CONDUCTOR TECHNOLOGIES LLC"""
advanced-conductor-technologies-desc0009545,use_of_proceeds,dd380210f070f04bb650eb422f5ec1a47c085044a727e647fe5e2a4271f11085,https://api.usaspending.gov/api/v2/search/spending_by_award/,,2026-10-05T18:50:32.159065+00:00,disclosed,"""Description"": ""REBCO COATED CONDUCTOR CABLES FOR ACCELERATOR MAGNETS"""
advanced-conductor-technologies-desc0009545:doe-office-of-science,participant,dd380210f070f04bb650eb422f5ec1a47c085044a727e647fe5e2a4271f11085,https://api.usaspending.gov/api/v2/search/spending_by_award/,,2026-10-05T18:50:32.159065+00:00,disclosed,"""Awarding Agency"": ""Department of Energy"", ""Awarding Sub Agency"": ""Department of Energy"""
advanced-conductor-technologies-desc0013723,amount,dd380210f070f04bb650eb422f5ec1a47c085044a727e647fe5e2a4271f11085,https://api.usaspending.gov/api/v2/search/spending_by_award/,,2026-10-05T18:50:32.159065+00:00,disclosed,"""Award ID"": ""DESC0013723"", ""Recipient Name"": ""ADVANCED CONDUCTOR TECHNOLOGIES LLC"", ""Recipient UEI"": ""CLNQLMBDRLH3"", ""Award Amount"": 2285098.0"
advanced-conductor-technologies-desc0013723,announced_on,dd380210f070f04bb650eb422f5ec1a47c085044a727e647fe5e2a4271f11085,https://api.usaspending.gov/api/v2/search/spending_by_award/,,2026-10-05T18:50:32.159065+00:00,disclosed,"""Base Obligation Date"": ""2015-05-21"", ""generated_internal_id"": ""ASST_NON_DESC0013723_089"""
advanced-conductor-technologies-desc0013723,disbursed_usd,dd380210f070f04bb650eb422f5ec1a47c085044a727e647fe5e2a4271f11085,https://api.usaspending.gov/api/v2/search/spending_by_award/,,2026-10-05T18:50:32.159065+00:00,disclosed,"""Award Amount"": 2285098.0, ""Total Outlays"": 1160098.0"
advanced-conductor-technologies-desc0013723,round_label,dd380210f070f04bb650eb422f5ec1a47c085044a727e647fe5e2a4271f11085,https://api.usaspending.gov/api/v2/search/spending_by_award/,,2026-10-05T18:50:32.159065+00:00,disclosed,"""Award ID"": ""DESC0013723"", ""Recipient Name"": ""ADVANCED CONDUCTOR TECHNOLOGIES LLC"""
advanced-conductor-technologies-desc0013723,use_of_proceeds,dd380210f070f04bb650eb422f5ec1a47c085044a727e647fe5e2a4271f11085,https://api.usaspending.gov/api/v2/search/spending_by_award/,,2026-10-05T18:50:32.159065+00:00,disclosed,"""Description"": ""STABLE, LOW-LOSS JOINTS FOR HTS FUSION MAGNETS"""
advanced-conductor-technologies-desc0013723:doe-office-of-science,participant,dd380210f070f04bb650eb422f5ec1a47c085044a727e647fe5e2a4271f11085,https://api.usaspending.gov/api/v2/search/spending_by_award/,,2026-10-05T18:50:32.159065+00:00,disclosed,"""Awarding Agency"": ""Department of Energy"", ""Awarding Sub Agency"": ""Department of Energy"""
advanced-conductor-technologies-desc0015775,amount,dd380210f070f04bb650eb422f5ec1a47c085044a727e647fe5e2a4271f11085,https://api.usaspending.gov/api/v2/search/spending_by_award/,,2026-10-05T18:50:32.159065+00:00,disclosed,"""Award ID"": ""DESC0015775"", ""Recipient Name"": ""ADVANCED CONDUCTOR TECHNOLOGIES LLC"", ""Recipient UEI"": ""CLNQLMBDRLH3"", ""Award Amount"": 1149998.0"
advanced-conductor-technologies-desc0015775,announced_on,dd380210f070f04bb650eb422f5ec1a47c085044a727e647fe5e2a4271f11085,https://api.usaspending.gov/api/v2/search/spending_by_award/,,2026-10-05T18:50:32.159065+00:00,disclosed,"""Base Obligation Date"": ""2016-06-08"", ""generated_internal_id"": ""ASST_NON_DESC0015775_089"""
advanced-conductor-technologies-desc0015775,disbursed_usd,dd380210f070f04bb650eb422f5ec1a47c085044a727e647fe5e2a4271f11085,https://api.usaspending.gov/api/v2/search/spending_by_award/,,2026-10-05T18:50:32.159065+00:00,disclosed,"""Award Amount"": 1149998.0, ""Total Outlays"": 199998.0"
advanced-conductor-technologies-desc0015775,round_label,dd380210f070f04bb650eb422f5ec1a47c085044a727e647fe5e2a4271f11085,https://api.usaspending.gov/api/v2/search/spending_by_award/,,2026-10-05T18:50:32.159065+00:00,disclosed,"""Award ID"": ""DESC0015775"", ""Recipient Name"": ""ADVANCED CONDUCTOR TECHNOLOGIES LLC"""
advanced-conductor-technologies-desc0015775,use_of_proceeds,dd380210f070f04bb650eb422f5ec1a47c085044a727e647fe5e2a4271f11085,https://api.usaspending.gov/api/v2/search/spending_by_award/,,2026-10-05T18:50:32.159065+00:00,disclosed,"""Description"": ""DEVELOPMENT OF CORC  WIRES FOR USE IN CANTED COSINE THETA ACCELERATOR MAGNETS"""
advanced-conductor-technologies-desc0015775:doe-office-of-science,participant,dd380210f070f04bb650eb422f5ec1a47c085044a727e647fe5e2a4271f11085,https://api.usaspending.gov/api/v2/search/spending_by_award/,,2026-10-05T18:50:32.159065+00:00,disclosed,"""Awarding Agency"": ""Department of Energy"", ""Awarding Sub Agency"": ""Department of Energy"""
advanced-conductor-technologies-desc0018125,amount,dd380210f070f04bb650eb422f5ec1a47c085044a727e647fe5e2a4271f11085,https://api.usaspending.gov/api/v2/search/spending_by_award/,,2026-10-05T18:50:32.159065+00:00,disclosed,"""Award ID"": ""DESC0018125"", ""Recipient Name"": ""ADVANCED CONDUCTOR TECHNOLOGIES LLC"", ""Recipient UEI"": ""CLNQLMBDRLH3"", ""Award Amount"": 1149999.0"
advanced-conductor-technologies-desc0018125,announced_on,dd380210f070f04bb650eb422f5ec1a47c085044a727e647fe5e2a4271f11085,https://api.usaspending.gov/api/v2/search/spending_by_award/,,2026-10-05T18:50:32.159065+00:00,disclosed,"""Base Obligation Date"": ""2017-09-05"", ""generated_internal_id"": ""ASST_NON_DESC0018125_089"""
advanced-conductor-technologies-desc0018125,disbursed_usd,dd380210f070f04bb650eb422f5ec1a47c085044a727e647fe5e2a4271f11085,https://api.usaspending.gov/api/v2/search/spending_by_award/,,2026-10-05T18:50:32.159065+00:00,disclosed,"""Award Amount"": 1149999.0, ""Total Outlays"": 660000.0"
advanced-conductor-technologies-desc0018125,round_label,dd380210f070f04bb650eb422f5ec1a47c085044a727e647fe5e2a4271f11085,https://api.usaspending.gov/api/v2/search/spending_by_award/,,2026-10-05T18:50:32.159065+00:00,disclosed,"""Award ID"": ""DESC0018125"", ""Recipient Name"": ""ADVANCED CONDUCTOR TECHNOLOGIES LLC"""
advanced-conductor-technologies-desc0018125,use_of_proceeds,dd380210f070f04bb650eb422f5ec1a47c085044a727e647fe5e2a4271f11085,https://api.usaspending.gov/api/v2/search/spending_by_award/,,2026-10-05T18:50:32.159065+00:00,disclosed,"""Description"": ""19/C: HIGH-TEMPERATURE SUPERCONDUCTING CABLES FOR COMPACT FUSION REACTORS"""
advanced-conductor-technologies-desc0018125:doe-office-of-science,participant,dd380210f070f04bb650eb422f5ec1a47c085044a727e647fe5e2a4271f11085,https://api.usaspending.gov/api/v2/search/spending_by_award/,,2026-10-05T18:50:32.159065+00:00,disclosed,"""Awarding Agency"": ""Department of Energy"", ""Awarding Sub Agency"": ""Department of Energy"""
advanced-conductor-technologies-desc0018127,amount,dd380210f070f04bb650eb422f5ec1a47c085044a727e647fe5e2a4271f11085,https://api.usaspending.gov/api/v2/search/spending_by_award/,,2026-10-05T18:50:32.159065+00:00,disclosed,"""Award ID"": ""DESC0018127"", ""Recipient Name"": ""ADVANCED CONDUCTOR TECHNOLOGIES LLC"", ""Recipient UEI"": ""CLNQLMBDRLH3"", ""Award Amount"": 1150000.0"
advanced-conductor-technologies-desc0018127,announced_on,dd380210f070f04bb650eb422f5ec1a47c085044a727e647fe5e2a4271f11085,https://api.usaspending.gov/api/v2/search/spending_by_award/,,2026-10-05T18:50:32.159065+00:00,disclosed,"""Base Obligation Date"": ""2017-09-06"", ""generated_internal_id"": ""ASST_NON_DESC0018127_089"""
advanced-conductor-technologies-desc0018127,disbursed_usd,dd380210f070f04bb650eb422f5ec1a47c085044a727e647fe5e2a4271f11085,https://api.usaspending.gov/api/v2/search/spending_by_award/,,2026-10-05T18:50:32.159065+00:00,disclosed,"""Award Amount"": 1150000.0, ""Total Outlays"": 575000.0"
advanced-conductor-technologies-desc0018127,round_label,dd380210f070f04bb650eb422f5ec1a47c085044a727e647fe5e2a4271f11085,https://api.usaspending.gov/api/v2/search/spending_by_award/,,2026-10-05T18:50:32.159065+00:00,disclosed,"""Award ID"": ""DESC0018127"", ""Recipient Name"": ""ADVANCED CONDUCTOR TECHNOLOGIES LLC"""
advanced-conductor-technologies-desc0018127,use_of_proceeds,dd380210f070f04bb650eb422f5ec1a47c085044a727e647fe5e2a4271f11085,https://api.usaspending.gov/api/v2/search/spending_by_award/,,2026-10-05T18:50:32.159065+00:00,disclosed,"""Description"": ""26/B: CORC® CABLE BASED HIGH FIELD HYBRID MAGNETS FOR FUTURE COLLIDERS"""
advanced-conductor-technologies-desc0018127:doe-office-of-science,participant,dd380210f070f04bb650eb422f5ec1a47c085044a727e647fe5e2a4271f11085,https://api.usaspending.gov/api/v2/search/spending_by_award/,,2026-10-05T18:50:32.159065+00:00,disclosed,"""Awarding Agency"": ""Department of Energy"", ""Awarding Sub Agency"": ""Department of Energy"""
advanced-conductor-technologies-desc0018706,amount,dd380210f070f04bb650eb422f5ec1a47c085044a727e647fe5e2a4271f11085,https://api.usaspending.gov/api/v2/search/spending_by_award/,,2026-10-05T18:50:32.159065+00:00,disclosed,"""Award ID"": ""DESC0018706"", ""Recipient Name"": ""ADVANCED CONDUCTOR TECHNOLOGIES LLC"", ""Recipient UEI"": ""CLNQLMBDRLH3"", ""Award Amount"": 149088.34"
advanced-conductor-technologies-desc0018706,announced_on,dd380210f070f04bb650eb422f5ec1a47c085044a727e647fe5e2a4271f11085,https://api.usaspending.gov/api/v2/search/spending_by_award/,,2026-10-05T18:50:32.159065+00:00,disclosed,"""Base Obligation Date"": ""2018-06-15"", ""generated_internal_id"": ""ASST_NON_DESC0018706_089"""
advanced-conductor-technologies-desc0018706,disbursed_usd,dd380210f070f04bb650eb422f5ec1a47c085044a727e647fe5e2a4271f11085,https://api.usaspending.gov/api/v2/search/spending_by_award/,,2026-10-05T18:50:32.159065+00:00,disclosed,"""Award Amount"": 149088.34, ""Total Outlays"": 15000.0"
advanced-conductor-technologies-desc0018706,round_label,dd380210f070f04bb650eb422f5ec1a47c085044a727e647fe5e2a4271f11085,https://api.usaspending.gov/api/v2/search/spending_by_award/,,2026-10-05T18:50:32.159065+00:00,disclosed,"""Award ID"": ""DESC0018706"", ""Recipient Name"": ""ADVANCED CONDUCTOR TECHNOLOGIES LLC"""
advanced-conductor-technologies-desc0018706,use_of_proceeds,dd380210f070f04bb650eb422f5ec1a47c085044a727e647fe5e2a4271f11085,https://api.usaspending.gov/api/v2/search/spending_by_award/,,2026-10-05T18:50:32.159065+00:00,disclosed,"""Description"": ""SMART CORC CABLES"""
advanced-conductor-technologies-desc0018706:doe-office-of-science,participant,dd380210f070f04bb650eb422f5ec1a47c085044a727e647fe5e2a4271f11085,https://api.usaspending.gov/api/v2/search/spending_by_award/,,2026-10-05T18:50:32.159065+00:00,disclosed,"""Awarding Agency"": ""Department of Energy"", ""Awarding Sub Agency"": ""Department of Energy"""
advanced-conductor-technologies-desc0018710,amount,dd380210f070f04bb650eb422f5ec1a47c085044a727e647fe5e2a4271f11085,https://api.usaspending.gov/api/v2/search/spending_by_award/,,2026-10-05T18:50:32.159065+00:00,disclosed,"""Award ID"": ""DESC0018710"", ""Recipient Name"": ""ADVANCED CONDUCTOR TECHNOLOGIES LLC"", ""Recipient UEI"": ""CLNQLMBDRLH3"", ""Award Amount"": 149822.3"
advanced-conductor-technologies-desc0018710,announced_on,dd380210f070f04bb650eb422f5ec1a47c085044a727e647fe5e2a4271f11085,https://api.usaspending.gov/api/v2/search/spending_by_award/,,2026-10-05T18:50:32.159065+00:00,disclosed,"""Base Obligation Date"": ""2018-06-26"", ""generated_internal_id"": ""ASST_NON_DESC0018710_089"""
advanced-conductor-technologies-desc0018710,disbursed_usd,dd380210f070f04bb650eb422f5ec1a47c085044a727e647fe5e2a4271f11085,https://api.usaspending.gov/api/v2/search/spending_by_award/,,2026-10-05T18:50:32.159065+00:00,disclosed,"""Award Amount"": 149822.3, ""Total Outlays"": 0.0"
advanced-conductor-technologies-desc0018710,round_label,dd380210f070f04bb650eb422f5ec1a47c085044a727e647fe5e2a4271f11085,https://api.usaspending.gov/api/v2/search/spending_by_award/,,2026-10-05T18:50:32.159065+00:00,disclosed,"""Award ID"": ""DESC0018710"", ""Recipient Name"": ""ADVANCED CONDUCTOR TECHNOLOGIES LLC"""
advanced-conductor-technologies-desc0018710,use_of_proceeds,dd380210f070f04bb650eb422f5ec1a47c085044a727e647fe5e2a4271f11085,https://api.usaspending.gov/api/v2/search/spending_by_award/,,2026-10-05T18:50:32.159065+00:00,disclosed,"""Description"": ""HIGH-CURRENT DENSITY CORC® WIRES FOR USE IN ACCELERATOR MAGNETS"""
advanced-conductor-technologies-desc0018710:doe-office-of-science,participant,dd380210f070f04bb650eb422f5ec1a47c085044a727e647fe5e2a4271f11085,https://api.usaspending.gov/api/v2/search/spending_by_award/,,2026-10-05T18:50:32.159065+00:00,disclosed,"""Awarding Agency"": ""Department of Energy"", ""Awarding Sub Agency"": ""Department of Energy"""
advanced-conductor-technologies-desc0019934,amount,dd380210f070f04bb650eb422f5ec1a47c085044a727e647fe5e2a4271f11085,https://api.usaspending.gov/api/v2/search/spending_by_award/,,2026-10-05T18:50:32.159065+00:00,disclosed,"""Award ID"": ""DESC0019934"", ""Recipient Name"": ""ADVANCED CONDUCTOR TECHNOLOGIES LLC"", ""Recipient UEI"": ""CLNQLMBDRLH3"", ""Award Amount"": 2500000.0"
advanced-conductor-technologies-desc0019934,announced_on,dd380210f070f04bb650eb422f5ec1a47c085044a727e647fe5e2a4271f11085,https://api.usaspending.gov/api/v2/search/spending_by_award/,,2026-10-05T18:50:32.159065+00:00,disclosed,"""Base Obligation Date"": ""2019-07-02"", ""generated_internal_id"": ""ASST_NON_DESC0019934_089"""
advanced-conductor-technologies-desc0019934,disbursed_usd,dd380210f070f04bb650eb422f5ec1a47c085044a727e647fe5e2a4271f11085,https://api.usaspending.gov/api/v2/search/spending_by_award/,,2026-10-05T18:50:32.159065+00:00,disclosed,"""Award Amount"": 2500000.0, ""Total Outlays"": 2475000.0"
advanced-conductor-technologies-desc0019934,round_label,dd380210f070f04bb650eb422f5ec1a47c085044a727e647fe5e2a4271f11085,https://api.usaspending.gov/api/v2/search/spending_by_award/,,2026-10-05T18:50:32.159065+00:00,disclosed,"""Award ID"": ""DESC0019934"", ""Recipient Name"": ""ADVANCED CONDUCTOR TECHNOLOGIES LLC"""
advanced-conductor-technologies-desc0019934,use_of_proceeds,dd380210f070f04bb650eb422f5ec1a47c085044a727e647fe5e2a4271f11085,https://api.usaspending.gov/api/v2/search/spending_by_award/,,2026-10-05T18:50:32.159065+00:00,disclosed,"""Description"": ""SMART CORC® CABLE TERMINATIONS WITH INTEGRATED QUENCH DETECTION"""
advanced-conductor-technologies-desc0019934:doe-office-of-science,participant,dd380210f070f04bb650eb422f5ec1a47c085044a727e647fe5e2a4271f11085,https://api.usaspending.gov/api/v2/search/spending_by_award/,,2026-10-05T18:50:32.159065+00:00,disclosed,"""Awarding Agency"": ""Department of Energy"", ""Awarding Sub Agency"": ""Department of Energy"""
advanced-conductor-technologies-desc0020710,amount,dd380210f070f04bb650eb422f5ec1a47c085044a727e647fe5e2a4271f11085,https://api.usaspending.gov/api/v2/search/spending_by_award/,,2026-10-05T18:50:32.159065+00:00,disclosed,"""Award ID"": ""DESC0020710"", ""Recipient Name"": ""ADVANCED CONDUCTOR TECHNOLOGIES LLC"", ""Recipient UEI"": ""CLNQLMBDRLH3"", ""Award Amount"": 200000.0"
advanced-conductor-technologies-desc0020710,announced_on,dd380210f070f04bb650eb422f5ec1a47c085044a727e647fe5e2a4271f11085,https://api.usaspending.gov/api/v2/search/spending_by_award/,,2026-10-05T18:50:32.159065+00:00,disclosed,"""Base Obligation Date"": ""2020-06-24"", ""generated_internal_id"": ""ASST_NON_DESC0020710_089"""
advanced-conductor-technologies-desc0020710,disbursed_usd,dd380210f070f04bb650eb422f5ec1a47c085044a727e647fe5e2a4271f11085,https://api.usaspending.gov/api/v2/search/spending_by_award/,,2026-10-05T18:50:32.159065+00:00,disclosed,"""Award Amount"": 200000.0, ""Total Outlays"": 200000.0"
advanced-conductor-technologies-desc0020710,round_label,dd380210f070f04bb650eb422f5ec1a47c085044a727e647fe5e2a4271f11085,https://api.usaspending.gov/api/v2/search/spending_by_award/,,2026-10-05T18:50:32.159065+00:00,disclosed,"""Award ID"": ""DESC0020710"", ""Recipient Name"": ""ADVANCED CONDUCTOR TECHNOLOGIES LLC"""
advanced-conductor-technologies-desc0020710,use_of_proceeds,dd380210f070f04bb650eb422f5ec1a47c085044a727e647fe5e2a4271f11085,https://api.usaspending.gov/api/v2/search/spending_by_award/,,2026-10-05T18:50:32.159065+00:00,disclosed,"""Description"": ""HIGH-STRENGTH COMPOSITE HTS CORC CABLES FOR PLASMA FUSION CONFINEMENT SYSTEMS"""
advanced-conductor-technologies-desc0020710:doe-office-of-science,participant,dd380210f070f04bb650eb422f5ec1a47c085044a727e647fe5e2a4271f11085,https://api.usaspending.gov/api/v2/search/spending_by_award/,,2026-10-05T18:50:32.159065+00:00,disclosed,"""Awarding Agency"": ""Department of Energy"", ""Awarding Sub Agency"": ""Department of Energy"""
advanced-conductor-technologies-desc0021687,amount,dd380210f070f04bb650eb422f5ec1a47c085044a727e647fe5e2a4271f11085,https://api.usaspending.gov/api/v2/search/spending_by_award/,,2026-10-05T18:50:32.159065+00:00,disclosed,"""Award ID"": ""DESC0021687"", ""Recipient Name"": ""ADVANCED CONDUCTOR TECHNOLOGIES LLC"", ""Recipient UEI"": ""CLNQLMBDRLH3"", ""Award Amount"": 200000.0"
advanced-conductor-technologies-desc0021687,announced_on,dd380210f070f04bb650eb422f5ec1a47c085044a727e647fe5e2a4271f11085,https://api.usaspending.gov/api/v2/search/spending_by_award/,,2026-10-05T18:50:32.159065+00:00,disclosed,"""Base Obligation Date"": ""2021-06-08"", ""generated_internal_id"": ""ASST_NON_DESC0021687_089"""
advanced-conductor-technologies-desc0021687,disbursed_usd,dd380210f070f04bb650eb422f5ec1a47c085044a727e647fe5e2a4271f11085,https://api.usaspending.gov/api/v2/search/spending_by_award/,,2026-10-05T18:50:32.159065+00:00,disclosed,"""Award Amount"": 200000.0, ""Total Outlays"": 200000.0"
advanced-conductor-technologies-desc0021687,round_label,dd380210f070f04bb650eb422f5ec1a47c085044a727e647fe5e2a4271f11085,https://api.usaspending.gov/api/v2/search/spending_by_award/,,2026-10-05T18:50:32.159065+00:00,disclosed,"""Award ID"": ""DESC0021687"", ""Recipient Name"": ""ADVANCED CONDUCTOR TECHNOLOGIES LLC"""
advanced-conductor-technologies-desc0021687,use_of_proceeds,dd380210f070f04bb650eb422f5ec1a47c085044a727e647fe5e2a4271f11085,https://api.usaspending.gov/api/v2/search/spending_by_award/,,2026-10-05T18:50:32.159065+00:00,disclosed,"""Description"": ""HYBRID ACCELERATOR MAGNETS BASED ON DOG BONE SHAPED CORC; WIRE INSERTS FOR OPERATION BEYOND 20 T"""
advanced-conductor-technologies-desc0021687:doe-office-of-science,participant,dd380210f070f04bb650eb422f5ec1a47c085044a727e647fe5e2a4271f11085,https://api.usaspending.gov/api/v2/search/spending_by_award/,,2026-10-05T18:50:32.159065+00:00,disclosed,"""Awarding Agency"": ""Department of Energy"", ""Awarding Sub Agency"": ""Department of Energy"""
advanced-conductor-technologies-desc0024159,amount,dd380210f070f04bb650eb422f5ec1a47c085044a727e647fe5e2a4271f11085,https://api.usaspending.gov/api/v2/search/spending_by_award/,,2026-10-05T18:50:32.159065+00:00,disclosed,"""Award ID"": ""DESC0024159"", ""Recipient Name"": ""ADVANCED CONDUCTOR TECHNOLOGIES LLC"", ""Recipient UEI"": ""CLNQLMBDRLH3"", ""Award Amount"": 200000.0"
advanced-conductor-technologies-desc0024159,announced_on,dd380210f070f04bb650eb422f5ec1a47c085044a727e647fe5e2a4271f11085,https://api.usaspending.gov/api/v2/search/spending_by_award/,,2026-10-05T18:50:32.159065+00:00,disclosed,"""Base Obligation Date"": ""2023-09-29"", ""generated_internal_id"": ""ASST_NON_DESC0024159_089"""
advanced-conductor-technologies-desc0024159,disbursed_usd,dd380210f070f04bb650eb422f5ec1a47c085044a727e647fe5e2a4271f11085,https://api.usaspending.gov/api/v2/search/spending_by_award/,,2026-10-05T18:50:32.159065+00:00,disclosed,"""Award Amount"": 200000.0, ""Total Outlays"": 200000.0"
advanced-conductor-technologies-desc0024159,round_label,dd380210f070f04bb650eb422f5ec1a47c085044a727e647fe5e2a4271f11085,https://api.usaspending.gov/api/v2/search/spending_by_award/,,2026-10-05T18:50:32.159065+00:00,disclosed,"""Award ID"": ""DESC0024159"", ""Recipient Name"": ""ADVANCED CONDUCTOR TECHNOLOGIES LLC"""
advanced-conductor-technologies-desc0024159,use_of_proceeds,dd380210f070f04bb650eb422f5ec1a47c085044a727e647fe5e2a4271f11085,https://api.usaspending.gov/api/v2/search/spending_by_award/,,2026-10-05T18:50:32.159065+00:00,disclosed,"""Description"": ""NEXT GENERATION HIGH-TEMPERATURE SUPERCONDUCTING CORC CONDUCTORS FOR HIGH-FIELD ACCELERATOR MAGNETS"
advanced-conductor-technologies-desc0024159:doe-office-of-science,participant,dd380210f070f04bb650eb422f5ec1a47c085044a727e647fe5e2a4271f11085,https://api.usaspending.gov/api/v2/search/spending_by_award/,,2026-10-05T18:50:32.159065+00:00,disclosed,"""Awarding Agency"": ""Department of Energy"", ""Awarding Sub Agency"": ""Department of Energy"""
advanced-conductor-technologies-desc0024288,amount,dd380210f070f04bb650eb422f5ec1a47c085044a727e647fe5e2a4271f11085,https://api.usaspending.gov/api/v2/search/spending_by_award/,,2026-10-05T18:50:32.159065+00:00,disclosed,"""Award ID"": ""DESC0024288"", ""Recipient Name"": ""ADVANCED CONDUCTOR TECHNOLOGIES LLC"", ""Recipient UEI"": ""CLNQLMBDRLH3"", ""Award Amount"": 200000.0"
advanced-conductor-technologies-desc0024288,announced_on,dd380210f070f04bb650eb422f5ec1a47c085044a727e647fe5e2a4271f11085,https://api.usaspending.gov/api/v2/search/spending_by_award/,,2026-10-05T18:50:32.159065+00:00,disclosed,"""Base Obligation Date"": ""2023-09-26"", ""generated_internal_id"": ""ASST_NON_DESC0024288_089"""
advanced-conductor-technologies-desc0024288,disbursed_usd,dd380210f070f04bb650eb422f5ec1a47c085044a727e647fe5e2a4271f11085,https://api.usaspending.gov/api/v2/search/spending_by_award/,,2026-10-05T18:50:32.159065+00:00,disclosed,"""Award Amount"": 200000.0, ""Total Outlays"": 200000.0"
advanced-conductor-technologies-desc0024288,round_label,dd380210f070f04bb650eb422f5ec1a47c085044a727e647fe5e2a4271f11085,https://api.usaspending.gov/api/v2/search/spending_by_award/,,2026-10-05T18:50:32.159065+00:00,disclosed,"""Award ID"": ""DESC0024288"", ""Recipient Name"": ""ADVANCED CONDUCTOR TECHNOLOGIES LLC"""
advanced-conductor-technologies-desc0024288,use_of_proceeds,dd380210f070f04bb650eb422f5ec1a47c085044a727e647fe5e2a4271f11085,https://api.usaspending.gov/api/v2/search/spending_by_award/,,2026-10-05T18:50:32.159065+00:00,disclosed,"""Description"": ""DEVELOPMENT OF LONG-LENGTH CORC CABLES AND CABLE-IN-CONDUIT-CONDUCTORS FOR COMPACT FUSION REACTORS"""
advanced-conductor-technologies-desc0024288:doe-office-of-science,participant,dd380210f070f04bb650eb422f5ec1a47c085044a727e647fe5e2a4271f11085,https://api.usaspending.gov/api/v2/search/spending_by_award/,,2026-10-05T18:50:32.159065+00:00,disclosed,"""Awarding Agency"": ""Department of Energy"", ""Awarding Sub Agency"": ""Department of Energy"""
advanced-conductor-technologies-desc0024760,amount,dd380210f070f04bb650eb422f5ec1a47c085044a727e647fe5e2a4271f11085,https://api.usaspending.gov/api/v2/search/spending_by_award/,,2026-10-05T18:50:32.159065+00:00,disclosed,"""Award ID"": ""DESC0024760"", ""Recipient Name"": ""ADVANCED CONDUCTOR TECHNOLOGIES LLC"", ""Recipient UEI"": ""CLNQLMBDRLH3"", ""Award Amount"": 1300000.0"
advanced-conductor-technologies-desc0024760,announced_on,dd380210f070f04bb650eb422f5ec1a47c085044a727e647fe5e2a4271f11085,https://api.usaspending.gov/api/v2/search/spending_by_award/,,2026-10-05T18:50:32.159065+00:00,disclosed,"""Base Obligation Date"": ""2024-03-08"", ""generated_internal_id"": ""ASST_NON_DESC0024760_089"""
advanced-conductor-technologies-desc0024760,disbursed_usd,dd380210f070f04bb650eb422f5ec1a47c085044a727e647fe5e2a4271f11085,https://api.usaspending.gov/api/v2/search/spending_by_award/,,2026-10-05T18:50:32.159065+00:00,disclosed,"""Award Amount"": 1300000.0, ""Total Outlays"": 800000.0"
advanced-conductor-technologies-desc0024760,round_label,dd380210f070f04bb650eb422f5ec1a47c085044a727e647fe5e2a4271f11085,https://api.usaspending.gov/api/v2/search/spending_by_award/,,2026-10-05T18:50:32.159065+00:00,disclosed,"""Award ID"": ""DESC0024760"", ""Recipient Name"": ""ADVANCED CONDUCTOR TECHNOLOGIES LLC"""
advanced-conductor-technologies-desc0024760,use_of_proceeds,dd380210f070f04bb650eb422f5ec1a47c085044a727e647fe5e2a4271f11085,https://api.usaspending.gov/api/v2/search/spending_by_award/,,2026-10-05T18:50:32.159065+00:00,disclosed,"""Description"": ""HIGH FIELD CORC SOLENOIDS"""
advanced-conductor-technologies-desc0024760:doe-office-of-science,participant,dd380210f070f04bb650eb422f5ec1a47c085044a727e647fe5e2a4271f11085,https://api.usaspending.gov/api/v2/search/spending_by_award/,,2026-10-05T18:50:32.159065+00:00,disclosed,"""Awarding Agency"": ""Department of Energy"", ""Awarding Sub Agency"": ""Department of Energy"""
advanced-conductor-technologies-desc0025836,amount,dd380210f070f04bb650eb422f5ec1a47c085044a727e647fe5e2a4271f11085,https://api.usaspending.gov/api/v2/search/spending_by_award/,,2026-10-05T18:50:32.159065+00:00,disclosed,"""Award ID"": ""DESC0025836"", ""Recipient Name"": ""ADVANCED CONDUCTOR TECHNOLOGIES LLC"", ""Recipient UEI"": ""CLNQLMBDRLH3"", ""Award Amount"": 200000.0"
advanced-conductor-technologies-desc0025836,announced_on,dd380210f070f04bb650eb422f5ec1a47c085044a727e647fe5e2a4271f11085,https://api.usaspending.gov/api/v2/search/spending_by_award/,,2026-10-05T18:50:32.159065+00:00,disclosed,"""Base Obligation Date"": ""2025-05-09"", ""generated_internal_id"": ""ASST_NON_DESC0025836_089"""
advanced-conductor-technologies-desc0025836,disbursed_usd,dd380210f070f04bb650eb422f5ec1a47c085044a727e647fe5e2a4271f11085,https://api.usaspending.gov/api/v2/search/spending_by_award/,,2026-10-05T18:50:32.159065+00:00,disclosed,"""Award Amount"": 200000.0, ""Total Outlays"": 200000.0"
advanced-conductor-technologies-desc0025836,round_label,dd380210f070f04bb650eb422f5ec1a47c085044a727e647fe5e2a4271f11085,https://api.usaspending.gov/api/v2/search/spending_by_award/,,2026-10-05T18:50:32.159065+00:00,disclosed,"""Award ID"": ""DESC0025836"", ""Recipient Name"": ""ADVANCED CONDUCTOR TECHNOLOGIES LLC"""
advanced-conductor-technologies-desc0025836,use_of_proceeds,dd380210f070f04bb650eb422f5ec1a47c085044a727e647fe5e2a4271f11085,https://api.usaspending.gov/api/v2/search/spending_by_award/,,2026-10-05T18:50:32.159065+00:00,disclosed,"""Description"": ""CORC CABLES WOUND FROM OVERLAPPING TAPES"""
advanced-conductor-technologies-desc0025836:doe-office-of-science,participant,dd380210f070f04bb650eb422f5ec1a47c085044a727e647fe5e2a4271f11085,https://api.usaspending.gov/api/v2/search/spending_by_award/,,2026-10-05T18:50:32.159065+00:00,disclosed,"""Awarding Agency"": ""Department of Energy"", ""Awarding Sub Agency"": ""Department of Energy"""
advanced-conductor-technologies-desc0026890,amount,dd380210f070f04bb650eb422f5ec1a47c085044a727e647fe5e2a4271f11085,https://api.usaspending.gov/api/v2/search/spending_by_award/,,2026-10-05T18:50:32.159065+00:00,disclosed,"""Award ID"": ""DESC0026890"", ""Recipient Name"": ""ADVANCED CONDUCTOR TECHNOLOGIES LLC"", ""Recipient UEI"": ""CLNQLMBDRLH3"", ""Award Amount"": 1400000.0"
advanced-conductor-technologies-desc0026890,announced_on,dd380210f070f04bb650eb422f5ec1a47c085044a727e647fe5e2a4271f11085,https://api.usaspending.gov/api/v2/search/spending_by_award/,,2026-10-05T18:50:32.159065+00:00,disclosed,"""Base Obligation Date"": ""2026-09-25"", ""generated_internal_id"": ""ASST_NON_DESC0026890_089"""
advanced-conductor-technologies-desc0026890,round_label,dd380210f070f04bb650eb422f5ec1a47c085044a727e647fe5e2a4271f11085,https://api.usaspending.gov/api/v2/search/spending_by_award/,,2026-10-05T18:50:32.159065+00:00,disclosed,"""Award ID"": ""DESC0026890"", ""Recipient Name"": ""ADVANCED CONDUCTOR TECHNOLOGIES LLC"""
advanced-conductor-technologies-desc0026890,use_of_proceeds,dd380210f070f04bb650eb422f5ec1a47c085044a727e647fe5e2a4271f11085,https://api.usaspending.gov/api/v2/search/spending_by_award/,,2026-10-05T18:50:32.159065+00:00,disclosed,"""Description"": ""DEVELOPMENT OF DOMESTIC SUPPLY CHAIN FOR HIGH-TEMPERATURE SUPERCONDUCTING CONDUCTOR ON ROUND CORE C"
advanced-conductor-technologies-desc0026890:doe-office-of-science,participant,dd380210f070f04bb650eb422f5ec1a47c085044a727e647fe5e2a4271f11085,https://api.usaspending.gov/api/v2/search/spending_by_award/,,2026-10-05T18:50:32.159065+00:00,disclosed,"""Awarding Agency"": ""Department of Energy"", ""Awarding Sub Agency"": ""Department of Energy"""
alpha-tech-research-desc0022922,amount,c5747a4ffa69f88c2dcb9804725dd1a5867697fbba6b52e851c59c471c7f12e2,https://api.usaspending.gov/api/v2/search/spending_by_award/,,2026-10-05T19:03:35.108100+00:00,disclosed,"""Award ID"": ""DESC0022922"", ""Recipient Name"": ""ALPHA TECH RESEARCH CORP."", ""Recipient UEI"": ""FDVHQ9GLKJY3"", ""Award Amount"": 198753.0"
alpha-tech-research-desc0022922,announced_on,c5747a4ffa69f88c2dcb9804725dd1a5867697fbba6b52e851c59c471c7f12e2,https://api.usaspending.gov/api/v2/search/spending_by_award/,,2026-10-05T19:03:35.108100+00:00,disclosed,"""Base Obligation Date"": ""2022-07-28"", ""generated_internal_id"": ""ASST_NON_DESC0022922_089"""
alpha-tech-research-desc0022922,disbursed_usd,c5747a4ffa69f88c2dcb9804725dd1a5867697fbba6b52e851c59c471c7f12e2,https://api.usaspending.gov/api/v2/search/spending_by_award/,,2026-10-05T19:03:35.108100+00:00,disclosed,"""Award Amount"": 198753.0, ""Total Outlays"": 198753.0"
alpha-tech-research-desc0022922,round_label,c5747a4ffa69f88c2dcb9804725dd1a5867697fbba6b52e851c59c471c7f12e2,https://api.usaspending.gov/api/v2/search/spending_by_award/,,2026-10-05T19:03:35.108100+00:00,disclosed,"""Award ID"": ""DESC0022922"", ""Recipient Name"": ""ALPHA TECH RESEARCH CORP."""
alpha-tech-research-desc0022922,use_of_proceeds,c5747a4ffa69f88c2dcb9804725dd1a5867697fbba6b52e851c59c471c7f12e2,https://api.usaspending.gov/api/v2/search/spending_by_award/,,2026-10-05T19:03:35.108100+00:00,disclosed,"""Description"": ""DEVELOPMENT OF A ROBUST THERMODYNAMIC REFERENCE ELECTRODE FOR FLUORIDE-BASED MOLTEN SALT APPLICATIO"
alpha-tech-research-desc0022922:doe-office-of-science,participant,c5747a4ffa69f88c2dcb9804725dd1a5867697fbba6b52e851c59c471c7f12e2,https://api.usaspending.gov/api/v2/search/spending_by_award/,,2026-10-05T19:03:35.108100+00:00,disclosed,"""Awarding Agency"": ""Department of Energy"", ""Awarding Sub Agency"": ""Department of Energy"""
altc-ipo-2021,amount,3905cee51414b6f9337d9dda25601762f8d8fa9b64a6805d5c332b43610e9eb2,https://www.sec.gov/Archives/edgar/data/1849056/000110465921091230/tm2121987-1_8k.htm,,2026-10-05T18:51:38.495348+00:00,disclosed,"The Shares were sold at a price of $10.00 per share, generating gross proceeds to the Company of $500,000,000."
altc-ipo-2021,announced_on,b102927bb4983e092b60728911bf3d111aaa04782aff97cd2e504e29e08db2c5,https://www.sec.gov/Archives/edgar/data/1849056/000110465924052980/tm2324337-23_424b3.htm,,2026-10-05T17:54:33.441542+00:00,disclosed,"The AltC IPO was conducted pursuant to a registration statement on Form S-1 that became effective on July 7, 2021."
altc-ipo-2021,closed_on,3905cee51414b6f9337d9dda25601762f8d8fa9b64a6805d5c332b43610e9eb2,https://www.sec.gov/Archives/edgar/data/1849056/000110465921091230/tm2121987-1_8k.htm,,2026-10-05T18:51:38.495348+00:00,disclosed,"On July 12, 2021, AltC Acquisition Corp. (the “ Company ”) consummated its initial public offering"
amazon-convertible-note-2024,amount,db86c83fcbef8023e810745e7dedfcbc8704e21ac346c0f6ef6efef96fc5f87f,https://www.sec.gov/Archives/edgar/data/2088896/000110465926049515/tm2527015-22_424b4.htm,,2026-10-05T17:52:28.012718+00:00,disclosed,in the principal amount of $20.0 million (the “2024 Convertible Note”)
amazon-convertible-note-2024,announced_on,db86c83fcbef8023e810745e7dedfcbc8704e21ac346c0f6ef6efef96fc5f87f,https://www.sec.gov/Archives/edgar/data/2088896/000110465926049515/tm2527015-22_424b4.htm,,2026-10-05T17:52:28.012718+00:00,disclosed,"On September 26, 2024, we entered into a convertible note with Amazon.com NV Investment Holdings LLC"
amazon-convertible-note-2024:amazon,participant,db86c83fcbef8023e810745e7dedfcbc8704e21ac346c0f6ef6efef96fc5f87f,https://www.sec.gov/Archives/edgar/data/2088896/000110465926049515/tm2527015-22_424b4.htm,,2026-10-05T17:52:28.012718+00:00,disclosed,in the principal amount of $20.0 million (the “2024 Convertible Note”)
amazon-xe100-options-2024,agreement,db86c83fcbef8023e810745e7dedfcbc8704e21ac346c0f6ef6efef96fc5f87f,https://www.sec.gov/Archives/edgar/data/2088896/000110465926049515/tm2527015-22_424b4.htm,,2026-10-05T17:52:28.012718+00:00,disclosed,Announced engagement with Amazon for options to bring over 5 GWe of new power projects online by 2039
antares-anpi-jbsa-2026,agreement,e693aa2ce5bf5121778dc8f1b9aa0e18f48cb906ed5f21c88796b857aec169d5,https://antaresindustries.com/updates/anpi-jbsa,,2026-10-05T20:32:14.061522+00:00,disclosed,has selected Antares for the proposed deployment of a prototype nuclear microreactor at Joint Base San Antonio
antares-anpi-jbsa-2026,announced_on,e693aa2ce5bf5121778dc8f1b9aa0e18f48cb906ed5f21c88796b857aec169d5,https://antaresindustries.com/updates/anpi-jbsa,,2026-10-05T20:32:14.061522+00:00,disclosed,"Apr 22, 2026"
antares-army-janus-2026,agreement,1c82a18e8efb03046772e2f5171dbaca9e3e4e055216cbc598799b22501019cb,https://antaresindustries.com/updates/antares-janus,,2026-10-05T18:58:18.385786+00:00,disclosed,awarded an Other Transactions Authority agreement under the U.S. Army's Janus Program
antares-army-janus-2026,announced_on,1c82a18e8efb03046772e2f5171dbaca9e3e4e055216cbc598799b22501019cb,https://antaresindustries.com/updates/antares-janus,,2026-10-05T18:58:18.385786+00:00,disclosed,"Aug 26, 2026"
antares-centrus-haleu-contract-2026,agreement,7e0ad073da272909bc4a9169969eac3fed03c7b7e87ecda03b35bbf140d4b721,https://antaresindustries.com/updates/centrus-haleu,,2026-10-05T20:32:12.233007+00:00,disclosed,signing of a definitive multi-year contract for Centrus to supply Antares with High-Assay Low-Enriched Uranium (HALEU)
antares-centrus-haleu-contract-2026,announced_on,7e0ad073da272909bc4a9169969eac3fed03c7b7e87ecda03b35bbf140d4b721,https://antaresindustries.com/updates/centrus-haleu,,2026-10-05T20:32:12.233007+00:00,disclosed,"Sep 17, 2026"
antares-doe-criticality-agreement-2025,agreement,683dfd306b0158c28eedb0c938ee975419c8686e0f712528ef9d9a4e23f38242,https://antaresindustries.com/updates/antares-executes-agreement-with-doe-to-take-reactor-critical-by-july-2026,,2026-10-05T18:58:19.231544+00:00,disclosed,we executed our agreement with the U.S. Department of Energy (DOE) to take an advanced reactor critical
antares-doe-criticality-agreement-2025,announced_on,683dfd306b0158c28eedb0c938ee975419c8686e0f712528ef9d9a4e23f38242,https://antaresindustries.com/updates/antares-executes-agreement-with-doe-to-take-reactor-critical-by-july-2026,,2026-10-05T18:58:19.231544+00:00,disclosed,"Sep 22, 2025"
antares-doe-gain-voucher-2024,announced_on,00f25b3e049aa5dc8f2afc76eab1ea3926058e61439febba9c0c583749e7bb34,https://antaresindustries.com/updates/antares-awarded-dept-of-energy-gain-voucher-to-accelerate-core-design-work,,2026-10-05T18:58:16.663134+00:00,disclosed,"Sep 25, 2024"
antares-doe-gain-voucher-2024,round_label,00f25b3e049aa5dc8f2afc76eab1ea3926058e61439febba9c0c583749e7bb34,https://antaresindustries.com/updates/antares-awarded-dept-of-energy-gain-voucher-to-accelerate-core-design-work,,2026-10-05T18:58:16.663134+00:00,disclosed,awarded Antares a voucher to support its core design work with Oak Ridge National Laboratory
antares-doe-gain-voucher-2024:doe-gain-infuse,participant,00f25b3e049aa5dc8f2afc76eab1ea3926058e61439febba9c0c583749e7bb34,https://antaresindustries.com/updates/antares-awarded-dept-of-energy-gain-voucher-to-accelerate-core-design-work,,2026-10-05T18:58:16.663134+00:00,disclosed,The U.S. Department of Energy's Gateway for Accelerated Innovation in Nuclear (GAIN) program awarded Antares a voucher
antares-doe-haleu-allocation-2025,agreement,04760c24bff772de19acc9870d2680a98b63d8b8c78042cf9d106abef0227793,https://www.energy.gov/articles/us-department-energy-distribute-next-round-haleu-us-nuclear-industry,,2026-10-05T17:59:17.069024+00:00,disclosed,"Antares Nuclear, Inc., for use in their advanced microreactor design"
antares-doe-haleu-allocation-2025,announced_on,04760c24bff772de19acc9870d2680a98b63d8b8c78042cf9d106abef0227793,https://www.energy.gov/articles/us-department-energy-distribute-next-round-haleu-us-nuclear-industry,,2026-10-05T17:59:17.069024+00:00,disclosed,"August 26, 2025"
antares-doe-launch-pad-2026,agreement,31deab127b8e104e514cd1bc8b0f82a276bb7146e346567c0d4158f6a7c030a8,https://antaresindustries.com/updates/launchpad,,2026-10-05T20:32:14.817344+00:00,disclosed,Antares has been selected for the Nuclear Energy Launch Pad Program
antares-doe-launch-pad-2026,announced_on,31deab127b8e104e514cd1bc8b0f82a276bb7146e346567c0d4158f6a7c030a8,https://antaresindustries.com/updates/launchpad,,2026-10-05T20:32:14.817344+00:00,disclosed,"Aug 28, 2026"
antares-doe-rpp-2025,agreement,d92aed237e3d72eebae1422dcd91a89156bb7ec851d5eb319adbd1bf1c0d3730,https://www.energy.gov/articles/department-energy-announces-initial-selections-new-reactor-pilot-program,,2026-10-05T17:59:18.711506+00:00,disclosed,Antares Nuclear Inc.
antares-doe-rpp-2025,announced_on,d92aed237e3d72eebae1422dcd91a89156bb7ec851d5eb319adbd1bf1c0d3730,https://www.energy.gov/articles/department-energy-announces-initial-selections-new-reactor-pilot-program,,2026-10-05T17:59:18.711506+00:00,disclosed,"August 12, 2025"
antares-general-matter-haleu-2026,agreement,73516811a5d405191550dba4e6fa5bc301094c4ddda8e985b5fb59e65b80e486,https://antaresindustries.com/updates/haleu-agreement-general-matter,,2026-10-05T20:32:13.333815+00:00,disclosed,has signed a multi-year enrichment services agreement with General Matter to supply High-Assay Low-Enriched Uranium (HALEU)
antares-general-matter-haleu-2026,announced_on,73516811a5d405191550dba4e6fa5bc301094c4ddda8e985b5fb59e65b80e486,https://antaresindustries.com/updates/haleu-agreement-general-matter,,2026-10-05T20:32:13.333815+00:00,disclosed,"Jul 2, 2026"
antares-seed-2023,amount,1c8931fc275111ae245d19539bfb7d064194435785d1d56b0ef1b041fb09cd64,https://antaresindustries.com/updates/antares-announces-8m-seed-round,,2026-10-05T18:58:13.230872+00:00,disclosed,Antares has received $8M in seed funding
antares-seed-2023,announced_on,1c8931fc275111ae245d19539bfb7d064194435785d1d56b0ef1b041fb09cd64,https://antaresindustries.com/updates/antares-announces-8m-seed-round,,2026-10-05T18:58:13.230872+00:00,disclosed,"Oct 31, 2023"
antares-seed-2023,round_label,1c8931fc275111ae245d19539bfb7d064194435785d1d56b0ef1b041fb09cd64,https://antaresindustries.com/updates/antares-announces-8m-seed-round,,2026-10-05T18:58:13.230872+00:00,disclosed,Antares announces $8M seed round
antares-seed-2023:caffeinated-capital,participant,91e0007d297624ba8575b299c884c6228fdf36463d807ea480a64f9f7c4051a9,https://antaresindustries.com/updates/antares-secures-30-million-series-a-to-accelerate-defense-space-and-industrial-focused-nuclear-energy,,2026-10-05T17:58:43.841535+00:00,disclosed,existing lead seed investor Caffeinated Capital
antares-seed-2023:humba-ventures,participant,1c8931fc275111ae245d19539bfb7d064194435785d1d56b0ef1b041fb09cd64,https://antaresindustries.com/updates/antares-announces-8m-seed-round,,2026-10-05T18:58:13.230872+00:00,disclosed,"Investors include Caffeinated Capital, Humba Ventures, Pathbreaker, Rogue VC, Shrug, Uncommon Capital, and many awesome angels."
antares-seed-2023:pathbreaker,participant,1c8931fc275111ae245d19539bfb7d064194435785d1d56b0ef1b041fb09cd64,https://antaresindustries.com/updates/antares-announces-8m-seed-round,,2026-10-05T18:58:13.230872+00:00,disclosed,"Investors include Caffeinated Capital, Humba Ventures, Pathbreaker, Rogue VC, Shrug, Uncommon Capital, and many awesome angels."
antares-seed-2023:rogue,participant,1c8931fc275111ae245d19539bfb7d064194435785d1d56b0ef1b041fb09cd64,https://antaresindustries.com/updates/antares-announces-8m-seed-round,,2026-10-05T18:58:13.230872+00:00,disclosed,"Investors include Caffeinated Capital, Humba Ventures, Pathbreaker, Rogue VC, Shrug, Uncommon Capital, and many awesome angels."
antares-seed-2023:shrug,participant,1c8931fc275111ae245d19539bfb7d064194435785d1d56b0ef1b041fb09cd64,https://antaresindustries.com/updates/antares-announces-8m-seed-round,,2026-10-05T18:58:13.230872+00:00,disclosed,"Investors include Caffeinated Capital, Humba Ventures, Pathbreaker, Rogue VC, Shrug, Uncommon Capital, and many awesome angels."
antares-seed-2023:uncommon-capital,participant,1c8931fc275111ae245d19539bfb7d064194435785d1d56b0ef1b041fb09cd64,https://antaresindustries.com/updates/antares-announces-8m-seed-round,,2026-10-05T18:58:13.230872+00:00,disclosed,"Investors include Caffeinated Capital, Humba Ventures, Pathbreaker, Rogue VC, Shrug, Uncommon Capital, and many awesome angels."
antares-series-a-2024,amount,91e0007d297624ba8575b299c884c6228fdf36463d807ea480a64f9f7c4051a9,https://antaresindustries.com/updates/antares-secures-30-million-series-a-to-accelerate-defense-space-and-industrial-focused-nuclear-energy,,2026-10-05T17:58:43.841535+00:00,disclosed,Antares has raised $30M in Series A financing
antares-series-a-2024,announced_on,91e0007d297624ba8575b299c884c6228fdf36463d807ea480a64f9f7c4051a9,https://antaresindustries.com/updates/antares-secures-30-million-series-a-to-accelerate-defense-space-and-industrial-focused-nuclear-energy,,2026-10-05T17:58:43.841535+00:00,disclosed,"Oct 30, 2024"
antares-series-a-2024,round_label,91e0007d297624ba8575b299c884c6228fdf36463d807ea480a64f9f7c4051a9,https://antaresindustries.com/updates/antares-secures-30-million-series-a-to-accelerate-defense-space-and-industrial-focused-nuclear-energy,,2026-10-05T17:58:43.841535+00:00,disclosed,Antares Secures $30 Million Series A
antares-series-a-2024:alt-capital,participant,91e0007d297624ba8575b299c884c6228fdf36463d807ea480a64f9f7c4051a9,https://antaresindustries.com/updates/antares-secures-30-million-series-a-to-accelerate-defense-space-and-industrial-focused-nuclear-energy,,2026-10-05T17:58:43.841535+00:00,disclosed,"The round was co-led by Alt Cap and existing lead seed investor Caffeinated Capital, with participation from Rogue, Uncommon Capital, Shrug, Banter Capital, Box Group, and Shine Capital."
antares-series-a-2024:banter-capital,participant,91e0007d297624ba8575b299c884c6228fdf36463d807ea480a64f9f7c4051a9,https://antaresindustries.com/updates/antares-secures-30-million-series-a-to-accelerate-defense-space-and-industrial-focused-nuclear-energy,,2026-10-05T17:58:43.841535+00:00,disclosed,"The round was co-led by Alt Cap and existing lead seed investor Caffeinated Capital, with participation from Rogue, Uncommon Capital, Shrug, Banter Capital, Box Group, and Shine Capital."
antares-series-a-2024:boxgroup,participant,91e0007d297624ba8575b299c884c6228fdf36463d807ea480a64f9f7c4051a9,https://antaresindustries.com/updates/antares-secures-30-million-series-a-to-accelerate-defense-space-and-industrial-focused-nuclear-energy,,2026-10-05T17:58:43.841535+00:00,disclosed,"The round was co-led by Alt Cap and existing lead seed investor Caffeinated Capital, with participation from Rogue, Uncommon Capital, Shrug, Banter Capital, Box Group, and Shine Capital."
antares-series-a-2024:caffeinated-capital,participant,91e0007d297624ba8575b299c884c6228fdf36463d807ea480a64f9f7c4051a9,https://antaresindustries.com/updates/antares-secures-30-million-series-a-to-accelerate-defense-space-and-industrial-focused-nuclear-energy,,2026-10-05T17:58:43.841535+00:00,disclosed,"The round was co-led by Alt Cap and existing lead seed investor Caffeinated Capital, with participation from Rogue, Uncommon Capital, Shrug, Banter Capital, Box Group, and Shine Capital."
antares-series-a-2024:rogue,participant,91e0007d297624ba8575b299c884c6228fdf36463d807ea480a64f9f7c4051a9,https://antaresindustries.com/updates/antares-secures-30-million-series-a-to-accelerate-defense-space-and-industrial-focused-nuclear-energy,,2026-10-05T17:58:43.841535+00:00,disclosed,"The round was co-led by Alt Cap and existing lead seed investor Caffeinated Capital, with participation from Rogue, Uncommon Capital, Shrug, Banter Capital, Box Group, and Shine Capital."
antares-series-a-2024:shine-capital,participant,91e0007d297624ba8575b299c884c6228fdf36463d807ea480a64f9f7c4051a9,https://antaresindustries.com/updates/antares-secures-30-million-series-a-to-accelerate-defense-space-and-industrial-focused-nuclear-energy,,2026-10-05T17:58:43.841535+00:00,disclosed,"The round was co-led by Alt Cap and existing lead seed investor Caffeinated Capital, with participation from Rogue, Uncommon Capital, Shrug, Banter Capital, Box Group, and Shine Capital."
antares-series-a-2024:shrug,participant,91e0007d297624ba8575b299c884c6228fdf36463d807ea480a64f9f7c4051a9,https://antaresindustries.com/updates/antares-secures-30-million-series-a-to-accelerate-defense-space-and-industrial-focused-nuclear-energy,,2026-10-05T17:58:43.841535+00:00,disclosed,"The round was co-led by Alt Cap and existing lead seed investor Caffeinated Capital, with participation from Rogue, Uncommon Capital, Shrug, Banter Capital, Box Group, and Shine Capital."
antares-series-a-2024:uncommon-capital,participant,91e0007d297624ba8575b299c884c6228fdf36463d807ea480a64f9f7c4051a9,https://antaresindustries.com/updates/antares-secures-30-million-series-a-to-accelerate-defense-space-and-industrial-focused-nuclear-energy,,2026-10-05T17:58:43.841535+00:00,disclosed,"The round was co-led by Alt Cap and existing lead seed investor Caffeinated Capital, with participation from Rogue, Uncommon Capital, Shrug, Banter Capital, Box Group, and Shine Capital."
antares-series-b-debt-2025,amount,23ee2c794a27e4c41ac70deb79d12dcd8fa49f726dfab4613bf61c14522b8e7c,https://www.ans.org/news/2025-12-04/article-7594/antares-raises-funds-for-microreactor-development/,,2026-10-05T18:58:00.880729+00:00,reported,raised $71 million in new equity capital and $25 million in debt
antares-series-b-debt-2025,announced_on,409d918caaf0d7307fec3ffd6d5c5cc00c07326487f7a2c2af0253b0d32a69e1,https://antaresindustries.com/updates/a-letter-from-our-ceo-antares-96m-series-b,,2026-10-05T18:58:13.680370+00:00,disclosed,"Dec 2, 2025"
antares-series-b-equity-2025,amount,23ee2c794a27e4c41ac70deb79d12dcd8fa49f726dfab4613bf61c14522b8e7c,https://www.ans.org/news/2025-12-04/article-7594/antares-raises-funds-for-microreactor-development/,,2026-10-05T18:58:00.880729+00:00,reported,raised $71 million in new equity capital and $25 million in debt
antares-series-b-equity-2025,announced_on,409d918caaf0d7307fec3ffd6d5c5cc00c07326487f7a2c2af0253b0d32a69e1,https://antaresindustries.com/updates/a-letter-from-our-ceo-antares-96m-series-b,,2026-10-05T18:58:13.680370+00:00,disclosed,"Dec 2, 2025"
antares-series-b-equity-2025,round_label,409d918caaf0d7307fec3ffd6d5c5cc00c07326487f7a2c2af0253b0d32a69e1,https://antaresindustries.com/updates/a-letter-from-our-ceo-antares-96m-series-b,,2026-10-05T18:58:13.680370+00:00,disclosed,announce our $96 million Series B
antares-series-b-equity-2025:alt-capital,participant,23ee2c794a27e4c41ac70deb79d12dcd8fa49f726dfab4613bf61c14522b8e7c,https://www.ans.org/news/2025-12-04/article-7594/antares-raises-funds-for-microreactor-development/,,2026-10-05T18:58:00.880729+00:00,reported,"led by Shine Capital with participation from Alt Capital, Caffeinated, FiftyThree Stations, Industrious, and other investors"
antares-series-b-equity-2025:caffeinated-capital,participant,23ee2c794a27e4c41ac70deb79d12dcd8fa49f726dfab4613bf61c14522b8e7c,https://www.ans.org/news/2025-12-04/article-7594/antares-raises-funds-for-microreactor-development/,,2026-10-05T18:58:00.880729+00:00,reported,"led by Shine Capital with participation from Alt Capital, Caffeinated, FiftyThree Stations, Industrious, and other investors"
antares-series-b-equity-2025:fiftythree-stations,participant,23ee2c794a27e4c41ac70deb79d12dcd8fa49f726dfab4613bf61c14522b8e7c,https://www.ans.org/news/2025-12-04/article-7594/antares-raises-funds-for-microreactor-development/,,2026-10-05T18:58:00.880729+00:00,reported,"led by Shine Capital with participation from Alt Capital, Caffeinated, FiftyThree Stations, Industrious, and other investors"
antares-series-b-equity-2025:industrious-ventures,participant,23ee2c794a27e4c41ac70deb79d12dcd8fa49f726dfab4613bf61c14522b8e7c,https://www.ans.org/news/2025-12-04/article-7594/antares-raises-funds-for-microreactor-development/,,2026-10-05T18:58:00.880729+00:00,reported,"led by Shine Capital with participation from Alt Capital, Caffeinated, FiftyThree Stations, Industrious, and other investors"
antares-series-b-equity-2025:shine-capital,participant,23ee2c794a27e4c41ac70deb79d12dcd8fa49f726dfab4613bf61c14522b8e7c,https://www.ans.org/news/2025-12-04/article-7594/antares-raises-funds-for-microreactor-development/,,2026-10-05T18:58:00.880729+00:00,reported,"led by Shine Capital with participation from Alt Capital, Caffeinated, FiftyThree Stations, Industrious, and other investors"
antares-series-c-debt-2026,amount,f6f3d8845ec4e067338c24d6d3f06de181220a05e7c34f2bf27a9a547acc1856,https://antaresindustries.com/updates/antares-raises-seriesc,,2026-10-05T18:58:15.071466+00:00,disclosed,which includes $370 million in equity and $100 million in debt
antares-series-c-debt-2026,announced_on,f6f3d8845ec4e067338c24d6d3f06de181220a05e7c34f2bf27a9a547acc1856,https://antaresindustries.com/updates/antares-raises-seriesc,,2026-10-05T18:58:15.071466+00:00,disclosed,"Jul 27, 2026"
antares-series-c-equity-2026,amount,f6f3d8845ec4e067338c24d6d3f06de181220a05e7c34f2bf27a9a547acc1856,https://antaresindustries.com/updates/antares-raises-seriesc,,2026-10-05T18:58:15.071466+00:00,disclosed,which includes $370 million in equity and $100 million in debt
antares-series-c-equity-2026,announced_on,f6f3d8845ec4e067338c24d6d3f06de181220a05e7c34f2bf27a9a547acc1856,https://antaresindustries.com/updates/antares-raises-seriesc,,2026-10-05T18:58:15.071466+00:00,disclosed,"Jul 27, 2026"
antares-series-c-equity-2026,round_label,f6f3d8845ec4e067338c24d6d3f06de181220a05e7c34f2bf27a9a547acc1856,https://antaresindustries.com/updates/antares-raises-seriesc,,2026-10-05T18:58:15.071466+00:00,disclosed,Antares has raised $470 million in Series C funding
antares-series-c-equity-2026:caffeinated-capital,participant,f6f3d8845ec4e067338c24d6d3f06de181220a05e7c34f2bf27a9a547acc1856,https://antaresindustries.com/updates/antares-raises-seriesc,,2026-10-05T18:58:15.071466+00:00,disclosed,"co-led by Paradigm and Caffeinated Capital, with participation from Point72 Ventures, Shine Capital, Industrious Ventures, and others"
antares-series-c-equity-2026:industrious-ventures,participant,f6f3d8845ec4e067338c24d6d3f06de181220a05e7c34f2bf27a9a547acc1856,https://antaresindustries.com/updates/antares-raises-seriesc,,2026-10-05T18:58:15.071466+00:00,disclosed,"co-led by Paradigm and Caffeinated Capital, with participation from Point72 Ventures, Shine Capital, Industrious Ventures, and others"
antares-series-c-equity-2026:paradigm,participant,f6f3d8845ec4e067338c24d6d3f06de181220a05e7c34f2bf27a9a547acc1856,https://antaresindustries.com/updates/antares-raises-seriesc,,2026-10-05T18:58:15.071466+00:00,disclosed,"co-led by Paradigm and Caffeinated Capital, with participation from Point72 Ventures, Shine Capital, Industrious Ventures, and others"
antares-series-c-equity-2026:point72-ventures,participant,f6f3d8845ec4e067338c24d6d3f06de181220a05e7c34f2bf27a9a547acc1856,https://antaresindustries.com/updates/antares-raises-seriesc,,2026-10-05T18:58:15.071466+00:00,disclosed,"co-led by Paradigm and Caffeinated Capital, with participation from Point72 Ventures, Shine Capital, Industrious Ventures, and others"
antares-series-c-equity-2026:shine-capital,participant,f6f3d8845ec4e067338c24d6d3f06de181220a05e7c34f2bf27a9a547acc1856,https://antaresindustries.com/updates/antares-raises-seriesc,,2026-10-05T18:58:15.071466+00:00,disclosed,"co-led by Paradigm and Caffeinated Capital, with participation from Point72 Ventures, Shine Capital, Industrious Ventures, and others"
antares-space-force-strategic-breakthrough-2026,amount,917350ca6a70593efd410e5885c6c823752cbd32b3bd7bbc61541f9959a31590,https://antaresindustries.com/updates/strategicbreakthrough,,2026-10-05T18:58:17.674504+00:00,disclosed,Selected for $161M Strategic Breakthrough Award to Demonstrate Space Reactor
antares-space-force-strategic-breakthrough-2026,announced_on,917350ca6a70593efd410e5885c6c823752cbd32b3bd7bbc61541f9959a31590,https://antaresindustries.com/updates/strategicbreakthrough,,2026-10-05T18:58:17.674504+00:00,disclosed,"Sep 11, 2026"
antares-space-force-strategic-breakthrough-2026,round_label,917350ca6a70593efd410e5885c6c823752cbd32b3bd7bbc61541f9959a31590,https://antaresindustries.com/updates/strategicbreakthrough,,2026-10-05T18:58:17.674504+00:00,disclosed,selected by the Office of the Assistant Secretary of the Air Force for Space Acquisition and Integration for a Strategic Breakthrough award
antares-space-force-strategic-breakthrough-2026:dod-afrl,participant,917350ca6a70593efd410e5885c6c823752cbd32b3bd7bbc61541f9959a31590,https://antaresindustries.com/updates/strategicbreakthrough,,2026-10-05T18:58:17.674504+00:00,disclosed,selected by the Office of the Assistant Secretary of the Air Force for Space Acquisition and Integration for a Strategic Breakthrough award
antares-standard-nuclear-fsa-2026,agreement,eec88863f25d782cfc328bfcdb91dfcf4b237ab94cecbee0f2d82415cb488cfa,https://antaresindustries.com/updates/antares-standardnuclear-fuel,,2026-10-05T18:58:19.786447+00:00,disclosed,the execution of a binding multi-year fuel supply agreement (FSA) with Standard Nuclear
antares-standard-nuclear-fsa-2026,announced_on,eec88863f25d782cfc328bfcdb91dfcf4b237ab94cecbee0f2d82415cb488cfa,https://antaresindustries.com/updates/antares-standardnuclear-fuel,,2026-10-05T18:58:19.786447+00:00,disclosed,"Aug 27, 2026"
antares-urenco-haleu-2026,agreement,98be2fb3a82daed408e2396713b25b09d5dddda61159cd961119d59e9de5ff28,https://antaresindustries.com/updates/urenco-haleu-agreement,,2026-10-05T20:32:15.380835+00:00,disclosed,has signed a long-term enrichment services agreement with Urenco to supply High-Assay Low-Enriched Uranium (HALEU)
antares-urenco-haleu-2026,announced_on,98be2fb3a82daed408e2396713b25b09d5dddda61159cd961119d59e9de5ff28,https://antaresindustries.com/updates/urenco-haleu-agreement,,2026-10-05T20:32:15.380835+00:00,disclosed,"May 21, 2026"
antares-usaf-sbir-2024,amount,d924b94f3bbc1dcb8c8d10d27254e6769094b8364913f1971323561ba887aa73,https://antaresindustries.com/updates/antares-awarded-3-75m-in-department-of-defense-funding,,2026-10-05T18:58:16.063847+00:00,disclosed,Antares awarded $3.75M in Department of Defense Funding
antares-usaf-sbir-2024,announced_on,d924b94f3bbc1dcb8c8d10d27254e6769094b8364913f1971323561ba887aa73,https://antaresindustries.com/updates/antares-awarded-3-75m-in-department-of-defense-funding,,2026-10-05T18:58:16.063847+00:00,disclosed,"Sep 17, 2024"
antares-usaf-sbir-2024,round_label,d924b94f3bbc1dcb8c8d10d27254e6769094b8364913f1971323561ba887aa73,https://antaresindustries.com/updates/antares-awarded-3-75m-in-department-of-defense-funding,,2026-10-05T18:58:16.063847+00:00,disclosed,awarded 3 Phase 2 SBIR awards with the U.S. Air Force
antares-usaf-sbir-2024:dod-afrl,participant,d924b94f3bbc1dcb8c8d10d27254e6769094b8364913f1971323561ba887aa73,https://antaresindustries.com/updates/antares-awarded-3-75m-in-department-of-defense-funding,,2026-10-05T18:58:16.063847+00:00,disclosed,awarded 3 Phase 2 SBIR awards with the U.S. Air Force
arc-ic-nuclear-term-sheet-2026,agreement,8f0f0de22c2064919ddb1b72a1c1a2b0a0459659f82a30758e69345bb12e9f26,https://www.pr.com/press-release/965151,,2026-10-05T20:34:52.582743+00:00,disclosed,to establish the commercial framework for the deployment and development of the ARC-100
arc-ic-nuclear-term-sheet-2026,announced_on,8f0f0de22c2064919ddb1b72a1c1a2b0a0459659f82a30758e69345bb12e9f26,https://www.pr.com/press-release/965151,,2026-10-05T20:34:52.582743+00:00,disclosed,"Washington, DC, April 07, 2026"
arc-nuarc-nucleon-partnership-2025,agreement,bd39141c62e9237449a7a81b26ef7ec70eb7a1932dbb721b7da9c710cc87babf,https://www.24-7pressrelease.com/press-release/527133/nucleon-energy-and-arc-clean-technology-form-nuarca-partnership-entity-to-deploy-non-emitting-power-starting-in-alberta-canada,,2026-10-05T20:34:51.300766+00:00,disclosed,announced today the formation of a partnership entity named NuARC.
arc-nuarc-nucleon-partnership-2025,announced_on,dab82afd41d31da8f29dc2b4ee20b1d961e89fbf80c6e2e84900e4e5f6413cb3,https://www.arc-cleantech.com/news,,2026-10-05T19:06:14.729775+00:00,disclosed,"Sep 25, 2025 Partnership Nucleon Energy and ARC Clean Technology form NuARC"
arc-series-b-2025,announced_on,40b9ed7e05da16f958a75b9b0cf8fc431496fd633f1f1d9453070a1638bb5628,https://www.24-7pressrelease.com/press-release/529889/arc-clean-technology-announces-closing-of-Series-B-financing-to-accelerate-commercial-deployment-of-its-advanced-small-modular-nuclear-reactor,,2026-10-05T19:07:43.466886+00:00,disclosed,"WASHINGTON, DC, December 16, 2025 /24-7PressRelease/"
arc-series-b-2025,round_label,40b9ed7e05da16f958a75b9b0cf8fc431496fd633f1f1d9453070a1638bb5628,https://www.24-7pressrelease.com/press-release/529889/arc-clean-technology-announces-closing-of-Series-B-financing-to-accelerate-commercial-deployment-of-its-advanced-small-modular-nuclear-reactor,,2026-10-05T19:07:43.466886+00:00,disclosed,today announced the successful closing of its Series B financing round
arc-series-b-2025:banpu-ventures,participant,40b9ed7e05da16f958a75b9b0cf8fc431496fd633f1f1d9453070a1638bb5628,https://www.24-7pressrelease.com/press-release/529889/arc-clean-technology-announces-closing-of-Series-B-financing-to-accelerate-commercial-deployment-of-its-advanced-small-modular-nuclear-reactor,,2026-10-05T19:07:43.466886+00:00,disclosed,"Participants include Xplor Ventures, Hennessy Capital Group, Cleantech Ventures, Core Synergy and Banpu Ventures."
arc-series-b-2025:cleantech-ventures,participant,40b9ed7e05da16f958a75b9b0cf8fc431496fd633f1f1d9453070a1638bb5628,https://www.24-7pressrelease.com/press-release/529889/arc-clean-technology-announces-closing-of-Series-B-financing-to-accelerate-commercial-deployment-of-its-advanced-small-modular-nuclear-reactor,,2026-10-05T19:07:43.466886+00:00,disclosed,"Participants include Xplor Ventures, Hennessy Capital Group, Cleantech Ventures, Core Synergy and Banpu Ventures."
arc-series-b-2025:core-synergy,participant,40b9ed7e05da16f958a75b9b0cf8fc431496fd633f1f1d9453070a1638bb5628,https://www.24-7pressrelease.com/press-release/529889/arc-clean-technology-announces-closing-of-Series-B-financing-to-accelerate-commercial-deployment-of-its-advanced-small-modular-nuclear-reactor,,2026-10-05T19:07:43.466886+00:00,disclosed,"Participants include Xplor Ventures, Hennessy Capital Group, Cleantech Ventures, Core Synergy and Banpu Ventures."
arc-series-b-2025:hennessy-capital-group,participant,40b9ed7e05da16f958a75b9b0cf8fc431496fd633f1f1d9453070a1638bb5628,https://www.24-7pressrelease.com/press-release/529889/arc-clean-technology-announces-closing-of-Series-B-financing-to-accelerate-commercial-deployment-of-its-advanced-small-modular-nuclear-reactor,,2026-10-05T19:07:43.466886+00:00,disclosed,"Participants include Xplor Ventures, Hennessy Capital Group, Cleantech Ventures, Core Synergy and Banpu Ventures."
arc-series-b-2025:xplor-ventures,participant,40b9ed7e05da16f958a75b9b0cf8fc431496fd633f1f1d9453070a1638bb5628,https://www.24-7pressrelease.com/press-release/529889/arc-clean-technology-announces-closing-of-Series-B-financing-to-accelerate-commercial-deployment-of-its-advanced-small-modular-nuclear-reactor,,2026-10-05T19:07:43.466886+00:00,disclosed,"Participants include Xplor Ventures, Hennessy Capital Group, Cleantech Ventures, Core Synergy and Banpu Ventures."
ardp-doe-announced-2020,amount,2c7fc612a074b80327d973be1fb4edc9bfc6309d971bfc695f0ead43dea4b279,https://www.energy.gov/ne/articles/energy-departments-advanced-reactor-demonstration-program-awards-30-million-initial,,2026-10-05T17:59:18.935334+00:00,disclosed,Total award value over seven years: $629 million (DOE share is $303 million)
ardp-doe-announced-2020,announced_on,2c7fc612a074b80327d973be1fb4edc9bfc6309d971bfc695f0ead43dea4b279,https://www.energy.gov/ne/articles/energy-departments-advanced-reactor-demonstration-program-awards-30-million-initial,,2026-10-05T17:59:18.935334+00:00,disclosed,"Office of Nuclear Energy December 16, 2020"
ardp-doe-announced-2020,round_label,2c7fc612a074b80327d973be1fb4edc9bfc6309d971bfc695f0ead43dea4b279,https://www.energy.gov/ne/articles/energy-departments-advanced-reactor-demonstration-program-awards-30-million-initial,,2026-10-05T17:59:18.935334+00:00,disclosed,"Hermes Reduced-Scale Test Reactor - Kairos Power, LLC (Alameda, CA) will design, construct, and operate its Hermes reduced-scale test reactor"
ardp-doe-announced-2020:doe-ne,participant,2c7fc612a074b80327d973be1fb4edc9bfc6309d971bfc695f0ead43dea4b279,https://www.energy.gov/ne/articles/energy-departments-advanced-reactor-demonstration-program-awards-30-million-initial,,2026-10-05T17:59:18.935334+00:00,disclosed,DOE has selected these five U.S.-based teams to receive Risk Reduction funding
ardp-doe-tia-2024,amount,5795e4f1a8212fbcf99d3eaec7be5187b5867515ac2e304a3d49c89a92e2fb87,https://www.kairospower.com/updates/u-s-department-of-energy-and-kairos-power-execute-novel-performance-based-fixed-price-milestone-contract,,2026-10-05T18:50:36.032987+00:00,disclosed,"DOE will provide up to $303 million to Kairos Power using a performance-based, fixed-price milestone approach"
ardp-doe-tia-2024,announced_on,5795e4f1a8212fbcf99d3eaec7be5187b5867515ac2e304a3d49c89a92e2fb87,https://www.kairospower.com/updates/u-s-department-of-energy-and-kairos-power-execute-novel-performance-based-fixed-price-milestone-contract,,2026-10-05T18:50:36.032987+00:00,disclosed,"Execute Novel Performance-Based, Fixed-Price Milestone Contract February 21, 2024 FOR IMMEDIATE RELEASE"
ardp-doe-tia-2024:doe-ne,participant,5795e4f1a8212fbcf99d3eaec7be5187b5867515ac2e304a3d49c89a92e2fb87,https://www.kairospower.com/updates/u-s-department-of-energy-and-kairos-power-execute-novel-performance-based-fixed-price-milestone-contract,,2026-10-05T18:50:36.032987+00:00,disclosed,The U.S. Department of Energy (DOE) and Kairos Power have signed a Technology Investment Agreement
ardp-usaspending-obligated,amount,fb21264a09bce64a66fb2943b17436f40e40db52e42fae0d810fc21fdea212e4,https://api.usaspending.gov/api/v2/awards/ASST_NON_DENE0009325_089/,,2026-10-05T18:50:12.283349+00:00,disclosed,"""total_obligation"": 135000000.0"
ardp-usaspending-obligated,announced_on,fb21264a09bce64a66fb2943b17436f40e40db52e42fae0d810fc21fdea212e4,https://api.usaspending.gov/api/v2/awards/ASST_NON_DENE0009325_089/,,2026-10-05T18:50:12.283349+00:00,disclosed,"""date_signed"": ""2024-02-12"""
ardp-usaspending-obligated,disbursed_usd,fb21264a09bce64a66fb2943b17436f40e40db52e42fae0d810fc21fdea212e4,https://api.usaspending.gov/api/v2/awards/ASST_NON_DENE0009325_089/,,2026-10-05T18:50:12.283349+00:00,disclosed,"""total_account_outlay"": 126858000.0"
ardp-usaspending-obligated,round_label,fb21264a09bce64a66fb2943b17436f40e40db52e42fae0d810fc21fdea212e4,https://api.usaspending.gov/api/v2/awards/ASST_NON_DENE0009325_089/,,2026-10-05T18:50:12.283349+00:00,disclosed,"""description"": ""RISK REDUCTION AWARD UNDER DE-FOA-0002271 - TECHNOLOGY INVESTMENT AGREEMENT"""
ardp-usaspending-obligated:doe-ne,participant,fb21264a09bce64a66fb2943b17436f40e40db52e42fae0d810fc21fdea212e4,https://api.usaspending.gov/api/v2/awards/ASST_NON_DENE0009325_089/,,2026-10-05T18:50:12.283349+00:00,disclosed,"""office_agency_name"": ""IDAHO OPERATIONS OFFICE"""
ardp-xe100-doe-commitment-2021,amount,db86c83fcbef8023e810745e7dedfcbc8704e21ac346c0f6ef6efef96fc5f87f,https://www.sec.gov/Archives/edgar/data/2088896/000110465926049515/tm2527015-22_424b4.htm,,2026-10-05T17:52:28.012718+00:00,disclosed,provides 50/50 cost share of $2.4 billion of eligible costs ($1.2 billion reimbursement) through 2027
ardp-xe100-doe-commitment-2021,announced_on,db86c83fcbef8023e810745e7dedfcbc8704e21ac346c0f6ef6efef96fc5f87f,https://www.sec.gov/Archives/edgar/data/2088896/000110465926049515/tm2527015-22_424b4.htm,,2026-10-05T17:52:28.012718+00:00,disclosed,"Cooperative Agreement between the U.S. Department of Energy and X-Energy, LLC, Award No. DE-NE0009040, effective as of February 2, 2021"
ardp-xe100-doe-commitment-2021:doe-ne,participant,db86c83fcbef8023e810745e7dedfcbc8704e21ac346c0f6ef6efef96fc5f87f,https://www.sec.gov/Archives/edgar/data/2088896/000110465926049515/tm2527015-22_424b4.htm,,2026-10-05T17:52:28.012718+00:00,disclosed,in December 2020 was awarded an initial $1.2 billion as part of its selection as one of two awardees in the ARDP
ardp-xe100-usaspending-obligated,amount,3df5bb43960720e9fbb1440d6b718a73aa8ed040c58d22cbf98ccfff66f08251,https://api.usaspending.gov/api/v2/awards/ASST_NON_DENE0009040_089/,,2026-10-05T17:56:46.367641+00:00,disclosed,"""total_obligation"":921717024.0"
ardp-xe100-usaspending-obligated,announced_on,3df5bb43960720e9fbb1440d6b718a73aa8ed040c58d22cbf98ccfff66f08251,https://api.usaspending.gov/api/v2/awards/ASST_NON_DENE0009040_089/,,2026-10-05T17:56:46.367641+00:00,disclosed,"""date_signed"":""2021-02-02"""
ardp-xe100-usaspending-obligated,disbursed_usd,3df5bb43960720e9fbb1440d6b718a73aa8ed040c58d22cbf98ccfff66f08251,https://api.usaspending.gov/api/v2/awards/ASST_NON_DENE0009040_089/,,2026-10-05T17:56:46.367641+00:00,disclosed,"""total_account_outlay"":581350171.29"
ardp-xe100-usaspending-obligated:doe-ne,participant,3df5bb43960720e9fbb1440d6b718a73aa8ed040c58d22cbf98ccfff66f08251,https://api.usaspending.gov/api/v2/awards/ASST_NON_DENE0009040_089/,,2026-10-05T17:56:46.367641+00:00,disclosed,"""recipient_name"":""X ENERGY, LLC"""
astral-2026-series-a,amount,04943854fb2636409766394e31f7bbf93d3594ce91711e8d2284da1c270efad7,https://www.astralsystems.com/news/scaling-fusion-for-global-impact,,2026-10-05T18:52:23.713344+00:00,disclosed,our £23 million Series A funding round
astral-2026-series-a,announced_on,4062960633ea008f16b677d00b76f1e38b5e11b235da4988c3dd107881711343,https://www.astralsystems.com/news/how-a-nuclear-fusion-reactor-that-fits-on-a-table-can-fight-cancer,,2026-10-05T18:52:23.260276+00:00,disclosed,"Company News · June 23, 2026 How a nuclear fusion reactor that fits on a table can fight cancer"
astral-2026-series-a,round_label,04943854fb2636409766394e31f7bbf93d3594ce91711e8d2284da1c270efad7,https://www.astralsystems.com/news/scaling-fusion-for-global-impact,,2026-10-05T18:52:23.713344+00:00,disclosed,our £23 million Series A funding round
astral-2026-series-a:daphni,participant,4062960633ea008f16b677d00b76f1e38b5e11b235da4988c3dd107881711343,https://www.astralsystems.com/news/how-a-nuclear-fusion-reactor-that-fits-on-a-table-can-fight-cancer,,2026-10-05T18:52:23.260276+00:00,reported,"a handful of other investors, including a French firm, Daphni"
astral-2026-series-a:mercia-ventures,participant,4062960633ea008f16b677d00b76f1e38b5e11b235da4988c3dd107881711343,https://www.astralsystems.com/news/how-a-nuclear-fusion-reactor-that-fits-on-a-table-can-fight-cancer,,2026-10-05T18:52:23.260276+00:00,reported,Its latest fundraising is led by Mercia Ventures
atm-2025-06,amount,7ca433c6ed60b6539c7fb7739c8847a88cbf977cf40d3835059a3d4a0aadc8bf,https://www.sec.gov/Archives/edgar/data/1849056/000162828026018698/oklo-20251231.htm,,2026-10-05T18:53:13.718570+00:00,disclosed,The aggregate gross proceeds from the ATM program were $540.0 million
atm-2025-06,announced_on,07e1d30fc76d6025a170957d3abb58daf41db595a4eaa0fce2d07bcce79db462,https://www.sec.gov/Archives/edgar/data/1849056/000110465925087034/tm2524815d1_8k.htm,,2026-10-05T18:50:22.964347+00:00,disclosed,"pursuant to an Equity Distribution Agreement , dated June 2, 2025"
atm-2025-06,round_label,07e1d30fc76d6025a170957d3abb58daf41db595a4eaa0fce2d07bcce79db462,https://www.sec.gov/Archives/edgar/data/1849056/000110465925087034/tm2524815d1_8k.htm,,2026-10-05T18:50:22.964347+00:00,disclosed,"having an aggregate offering price of up to $539,999,000 (the “Shares”), pursuant to an Equity Distribution Agreement , dated June 2, 2025"
atm-2025-06,round_label,07e1d30fc76d6025a170957d3abb58daf41db595a4eaa0fce2d07bcce79db462,https://www.sec.gov/Archives/edgar/data/1849056/000110465925087034/tm2524815d1_8k.htm,,2026-10-05T18:50:22.964347+00:00,disclosed,"the Company had issued and sold 5,458,953 shares of its Common Stock pursuant to the Sales Agreement and the Prior Prospectus Supplement and accompanying base prospectus for aggregate gross sale proceeds of approximately $400,000,000"
atm-2025-12,amount,d98994b286e1a00eaf714c0c3afeb67db58e02865843a2efd7cbdee836342a3c,https://www.sec.gov/Archives/edgar/data/1849056/000110465926060385/tm2614461d1_8k.htm,,2026-10-05T18:52:11.495643+00:00,disclosed,"The Company sold 15,774,224 shares of its Common Stock for gross proceeds of approximately $1,499,867,429"
atm-2025-12,announced_on,62ad37a4180033b77a6fd7d36bda6c9755e1385ad49201fd323abdb8abe27a0d,https://www.sec.gov/Archives/edgar/data/1849056/000110465925118494/tm2532691d1_8k.htm,,2026-10-05T18:52:12.931775+00:00,disclosed,"On December 4, 2025, Oklo Inc. (the “Company”) entered into an equity distribution agreement"
atm-2025-12,round_label,62ad37a4180033b77a6fd7d36bda6c9755e1385ad49201fd323abdb8abe27a0d,https://www.sec.gov/Archives/edgar/data/1849056/000110465925118494/tm2532691d1_8k.htm,,2026-10-05T18:52:12.931775+00:00,disclosed,"aggregate gross sales proceeds of up to $1,500,000,000 through an “at the market” equity offering program"
atm-2026-05,amount,2912ab807611d6fc3ff7c545a34949febc2bd03d9a1b945e1afe0741e7035d96,https://www.sec.gov/Archives/edgar/data/1849056/000110465926106897/tm2625056d1_8k.htm,,2026-10-05T17:52:21.128251+00:00,disclosed,"The Company sold 17,971,448 shares of its Common Stock for gross proceeds of approximately $1,000,000,000 pursuant to the Prior Sales Agreement"
atm-2026-05,announced_on,d98994b286e1a00eaf714c0c3afeb67db58e02865843a2efd7cbdee836342a3c,https://www.sec.gov/Archives/edgar/data/1849056/000110465926060385/tm2614461d1_8k.htm,,2026-10-05T18:52:11.495643+00:00,disclosed,"On May 13, 2026, Oklo Inc. (the “Company”) entered into an equity distribution agreement"
atm-2026-05,round_label,f81173b67f95c69087e4bb8f80954870ee6b8d9dd4d5694cc1c9147cc58231a5,https://www.sec.gov/Archives/edgar/data/1849056/000110465926060387/tm2614458-1_424b5.htm,,2026-10-05T17:52:22.683873+00:00,disclosed,"we may from time to time sell shares of our Common Stock having an aggregate offering price of up to $1,000,000,000"
atm-2026-09,amount,2aea3b0438167f7fc0e3ca2334e2d946ffe387c6b26bc76355a6f02bfcbbb7ed,https://www.sec.gov/Archives/edgar/data/1849056/000110465926106909/tm2625056-3_424b5.htm,,2026-10-05T17:52:19.724289+00:00,disclosed,"we may from time to time sell shares of our Common Stock having an aggregate offering price of up to $1,000,000,000"
atm-2026-09,announced_on,2912ab807611d6fc3ff7c545a34949febc2bd03d9a1b945e1afe0741e7035d96,https://www.sec.gov/Archives/edgar/data/1849056/000110465926106897/tm2625056d1_8k.htm,,2026-10-05T17:52:21.128251+00:00,disclosed,"On September 11, 2026, Oklo Inc. (the “Company”) entered into an equity distribution agreement"
atm-2026-09,round_label,2aea3b0438167f7fc0e3ca2334e2d946ffe387c6b26bc76355a6f02bfcbbb7ed,https://www.sec.gov/Archives/edgar/data/1849056/000110465926106909/tm2625056-3_424b5.htm,,2026-10-05T17:52:19.724289+00:00,disclosed,"we may offer shares of our Common Stock and certain other of our securities having an aggregate offering price of up to $3,500,000,000"
atomic-canyon-iaea-2025,agreement,2dba1eff61f2f9294a0485321ec88be29055d2c05589faab5f60e892e50d9e90,https://www.atomic-canyon.com/news,,2026-10-05T19:03:29.972485+00:00,disclosed,Atomic Canyon and the International Atomic Energy Agency sign a Practical Arrangements partnership
atomic-canyon-iaea-2025,announced_on,2dba1eff61f2f9294a0485321ec88be29055d2c05589faab5f60e892e50d9e90,https://www.atomic-canyon.com/news,,2026-10-05T19:03:29.972485+00:00,disclosed,"December 3, 2025 Atomic Canyon Signs IAEA Agreement on AI for Nuclear"
atomic-canyon-inl-benchmark-2025,agreement,2dba1eff61f2f9294a0485321ec88be29055d2c05589faab5f60e892e50d9e90,https://www.atomic-canyon.com/news,,2026-10-05T19:03:29.972485+00:00,disclosed,A joint initiative with INL will establish the first standardized benchmarks for evaluating AI in nuclear energy applications.
atomic-canyon-inl-benchmark-2025,announced_on,2dba1eff61f2f9294a0485321ec88be29055d2c05589faab5f60e892e50d9e90,https://www.atomic-canyon.com/news,,2026-10-05T19:03:29.972485+00:00,disclosed,"September 11, 2025 Atomic Canyon and Idaho National Laboratory Launch Nuclear AI Benchmark Program"
atomic-canyon-seed-2025,amount,4222d80ea22ffbdc1196d8d4677a3b9a1381c006c07bc05a4a8f576cb8ea7d3d,https://www.atomic-canyon.com/news/2025-05-28-seed-funding/,,2026-10-05T19:05:03.283232+00:00,disclosed,Atomic Canyon has closed a $7 million seed funding round
atomic-canyon-seed-2025,announced_on,4222d80ea22ffbdc1196d8d4677a3b9a1381c006c07bc05a4a8f576cb8ea7d3d,https://www.atomic-canyon.com/news/2025-05-28-seed-funding/,,2026-10-05T19:05:03.283232+00:00,disclosed,"Atomic Canyon Team May 28, 2025"
atomic-canyon-seed-2025,round_label,4222d80ea22ffbdc1196d8d4677a3b9a1381c006c07bc05a4a8f576cb8ea7d3d,https://www.atomic-canyon.com/news/2025-05-28-seed-funding/,,2026-10-05T19:05:03.283232+00:00,disclosed,$7 million seed funding round led by the Elevate Future Fund from Energy Impact Partners
atomic-canyon-seed-2025:commonweal-ventures,participant,4222d80ea22ffbdc1196d8d4677a3b9a1381c006c07bc05a4a8f576cb8ea7d3d,https://www.atomic-canyon.com/news/2025-05-28-seed-funding/,,2026-10-05T19:05:03.283232+00:00,disclosed,"participation from Commonweal Ventures, Plug and Play Ventures, Wischoff Ventures, Tower Research Ventures, and previous angel investors"
atomic-canyon-seed-2025:energy-impact-partners,participant,4222d80ea22ffbdc1196d8d4677a3b9a1381c006c07bc05a4a8f576cb8ea7d3d,https://www.atomic-canyon.com/news/2025-05-28-seed-funding/,,2026-10-05T19:05:03.283232+00:00,disclosed,led by the Elevate Future Fund from Energy Impact Partners
atomic-canyon-seed-2025:plug-and-play-ventures,participant,4222d80ea22ffbdc1196d8d4677a3b9a1381c006c07bc05a4a8f576cb8ea7d3d,https://www.atomic-canyon.com/news/2025-05-28-seed-funding/,,2026-10-05T19:05:03.283232+00:00,disclosed,"participation from Commonweal Ventures, Plug and Play Ventures, Wischoff Ventures, Tower Research Ventures, and previous angel investors"
atomic-canyon-seed-2025:tower-research-ventures,participant,4222d80ea22ffbdc1196d8d4677a3b9a1381c006c07bc05a4a8f576cb8ea7d3d,https://www.atomic-canyon.com/news/2025-05-28-seed-funding/,,2026-10-05T19:05:03.283232+00:00,disclosed,"participation from Commonweal Ventures, Plug and Play Ventures, Wischoff Ventures, Tower Research Ventures, and previous angel investors"
atomic-canyon-seed-2025:wischoff-ventures,participant,4222d80ea22ffbdc1196d8d4677a3b9a1381c006c07bc05a4a8f576cb8ea7d3d,https://www.atomic-canyon.com/news/2025-05-28-seed-funding/,,2026-10-05T19:05:03.283232+00:00,disclosed,"participation from Commonweal Ventures, Plug and Play Ventures, Wischoff Ventures, Tower Research Ventures, and previous angel investors"
avalanche-2026-raise,amount,a530725cf0cedfc93655accede120e1d868ae3f45f552780a0e86de5627a1998,https://www.avalanchefusion.com/news-release/avalanche-energy-raises-29-million-following-plasma-physics-breakthroughs,,2026-10-05T18:50:11.233604+00:00,disclosed,today announced $29 million in new funding led by RA Capital Management
avalanche-2026-raise,announced_on,a530725cf0cedfc93655accede120e1d868ae3f45f552780a0e86de5627a1998,https://www.avalanchefusion.com/news-release/avalanche-energy-raises-29-million-following-plasma-physics-breakthroughs,,2026-10-05T18:50:11.233604+00:00,disclosed,"SEATTLE, Feb. 3, 2026"
avalanche-2026-raise,use_of_proceeds,a530725cf0cedfc93655accede120e1d868ae3f45f552780a0e86de5627a1998,https://www.avalanchefusion.com/news-release/avalanche-energy-raises-29-million-following-plasma-physics-breakthroughs,,2026-10-05T18:50:11.233604+00:00,disclosed,The funding will primarily be deployed to scale FusionWERX
avalanche-2026-raise:8090-industries,participant,a530725cf0cedfc93655accede120e1d868ae3f45f552780a0e86de5627a1998,https://www.avalanchefusion.com/news-release/avalanche-energy-raises-29-million-following-plasma-physics-breakthroughs,,2026-10-05T18:50:11.233604+00:00,disclosed,"New investors include 8090 Industries, Overlay Capital, and others, with full participation from existing investors Congruent Ventures, Founders Fund, Lowercarbon Capital, and Toyota Ventures"
avalanche-2026-raise:congruent-ventures,participant,a530725cf0cedfc93655accede120e1d868ae3f45f552780a0e86de5627a1998,https://www.avalanchefusion.com/news-release/avalanche-energy-raises-29-million-following-plasma-physics-breakthroughs,,2026-10-05T18:50:11.233604+00:00,disclosed,"New investors include 8090 Industries, Overlay Capital, and others, with full participation from existing investors Congruent Ventures, Founders Fund, Lowercarbon Capital, and Toyota Ventures"
avalanche-2026-raise:founders-fund,participant,a530725cf0cedfc93655accede120e1d868ae3f45f552780a0e86de5627a1998,https://www.avalanchefusion.com/news-release/avalanche-energy-raises-29-million-following-plasma-physics-breakthroughs,,2026-10-05T18:50:11.233604+00:00,disclosed,"New investors include 8090 Industries, Overlay Capital, and others, with full participation from existing investors Congruent Ventures, Founders Fund, Lowercarbon Capital, and Toyota Ventures"
avalanche-2026-raise:lowercarbon-capital,participant,a530725cf0cedfc93655accede120e1d868ae3f45f552780a0e86de5627a1998,https://www.avalanchefusion.com/news-release/avalanche-energy-raises-29-million-following-plasma-physics-breakthroughs,,2026-10-05T18:50:11.233604+00:00,disclosed,"New investors include 8090 Industries, Overlay Capital, and others, with full participation from existing investors Congruent Ventures, Founders Fund, Lowercarbon Capital, and Toyota Ventures"
avalanche-2026-raise:overlay-capital,participant,a530725cf0cedfc93655accede120e1d868ae3f45f552780a0e86de5627a1998,https://www.avalanchefusion.com/news-release/avalanche-energy-raises-29-million-following-plasma-physics-breakthroughs,,2026-10-05T18:50:11.233604+00:00,disclosed,"New investors include 8090 Industries, Overlay Capital, and others, with full participation from existing investors Congruent Ventures, Founders Fund, Lowercarbon Capital, and Toyota Ventures"
avalanche-2026-raise:ra-capital-management,participant,a530725cf0cedfc93655accede120e1d868ae3f45f552780a0e86de5627a1998,https://www.avalanchefusion.com/news-release/avalanche-energy-raises-29-million-following-plasma-physics-breakthroughs,,2026-10-05T18:50:11.233604+00:00,disclosed,today announced $29 million in new funding led by RA Capital Management
avalanche-2026-raise:toyota-ventures,participant,a530725cf0cedfc93655accede120e1d868ae3f45f552780a0e86de5627a1998,https://www.avalanchefusion.com/news-release/avalanche-energy-raises-29-million-following-plasma-physics-breakthroughs,,2026-10-05T18:50:11.233604+00:00,disclosed,"New investors include 8090 Industries, Overlay Capital, and others, with full participation from existing investors Congruent Ventures, Founders Fund, Lowercarbon Capital, and Toyota Ventures"
avalanche-darpa-rads-to-watts-2026,agreement,d979b7f532924ceda799b9bc1a405461a51daa5cd54da9db03bfae870795b226,https://www.avalanchefusion.com/news-release/avalanche-energy-awarded-5-2m-darpa-contract-to-develop-radioisotope-power-technology,,2026-10-05T18:50:11.946654+00:00,disclosed,awarded a $5.2 million contract from the DARPA Rads to Watts program
avalanche-darpa-rads-to-watts-2026,announced_on,d979b7f532924ceda799b9bc1a405461a51daa5cd54da9db03bfae870795b226,https://www.avalanchefusion.com/news-release/avalanche-energy-awarded-5-2m-darpa-contract-to-develop-radioisotope-power-technology,,2026-10-05T18:50:11.946654+00:00,disclosed,"Seattle, WA - Apr 8, 2026"
avalanche-nsf-grant-2023,amount,0897c48ee85ba2de28f94416ccd6acc8b0a29bf7a87cfc5587c88cb739353381,https://www.avalanchefusion.com/investors/nsf,,2026-10-05T18:50:41.469267+00:00,reported,"NSF awarded Avalanche Energy a $275,000 grant to investigate the efficiency of their Orbitron fusion device"
avalanche-nsf-grant-2023,announced_on,0897c48ee85ba2de28f94416ccd6acc8b0a29bf7a87cfc5587c88cb739353381,https://www.avalanchefusion.com/investors/nsf,,2026-10-05T18:50:41.469267+00:00,reported,"In June 2023, NSF awarded Avalanche Energy a $275,000 grant"
avalanche-nsf-grant-2023:nsf,participant,0897c48ee85ba2de28f94416ccd6acc8b0a29bf7a87cfc5587c88cb739353381,https://www.avalanchefusion.com/investors/nsf,,2026-10-05T18:50:41.469267+00:00,reported,"In June 2023, NSF awarded Avalanche Energy a $275,000 grant"
avalanche-seed-2021,amount,6fb42183e5300ec937d79cae53ec5430c88eb49fbeab3b5b7ab91333a577006f,https://www.avalanchefusion.com/investors/prime-impact-fund,,2026-10-05T18:50:41.749191+00:00,reported,led a $5.13 million seed funding round for Avalanche Energy
avalanche-seed-2021,announced_on,6fb42183e5300ec937d79cae53ec5430c88eb49fbeab3b5b7ab91333a577006f,https://www.avalanchefusion.com/investors/prime-impact-fund,,2026-10-05T18:50:41.749191+00:00,reported,"In June 2021, Prime Impact Fund led a $5.13 million seed funding round for Avalanche Energy"
avalanche-seed-2021,round_label,6fb42183e5300ec937d79cae53ec5430c88eb49fbeab3b5b7ab91333a577006f,https://www.avalanchefusion.com/investors/prime-impact-fund,,2026-10-05T18:50:41.749191+00:00,reported,$5.13 million seed funding round
avalanche-seed-2021:azolla-ventures,participant,f659bf95fb60ab4dd9094b6d8870a000f6b175564e3787330151fe5c6008e258,https://www.avalanchefusion.com/investors/congruent-ventures,,2026-10-05T18:50:55.886975+00:00,reported,led by Azolla Ventures along with Congruent Ventures and Lowercarbon Capital
avalanche-seed-2021:congruent-ventures,participant,f659bf95fb60ab4dd9094b6d8870a000f6b175564e3787330151fe5c6008e258,https://www.avalanchefusion.com/investors/congruent-ventures,,2026-10-05T18:50:55.886975+00:00,reported,led by Azolla Ventures along with Congruent Ventures and Lowercarbon Capital
avalanche-seed-2021:lowercarbon-capital,participant,f659bf95fb60ab4dd9094b6d8870a000f6b175564e3787330151fe5c6008e258,https://www.avalanchefusion.com/investors/congruent-ventures,,2026-10-05T18:50:55.886975+00:00,reported,led by Azolla Ventures along with Congruent Ventures and Lowercarbon Capital
avalanche-seed-2021:prime-impact-fund,participant,6fb42183e5300ec937d79cae53ec5430c88eb49fbeab3b5b7ab91333a577006f,https://www.avalanchefusion.com/investors/prime-impact-fund,,2026-10-05T18:50:41.749191+00:00,reported,"In June 2021, Prime Impact Fund led a $5.13 million seed funding round for Avalanche Energy"
avalanche-series-a-2023,amount,59a2c3d2614ebe16d6008655e0810c3ee643ba638cce89c137b7f2f3710f8702,https://www.avalanchefusion.com/investors/lowercarbon,,2026-10-05T18:50:56.618675+00:00,reported,led a $40 million Series A funding round for Avalanche Energy
avalanche-series-a-2023,announced_on,59a2c3d2614ebe16d6008655e0810c3ee643ba638cce89c137b7f2f3710f8702,https://www.avalanchefusion.com/investors/lowercarbon,,2026-10-05T18:50:56.618675+00:00,reported,"In April 2023, Lowercarbon Capital led a $40 million Series A funding round for Avalanche Energy"
avalanche-series-a-2023,round_label,59a2c3d2614ebe16d6008655e0810c3ee643ba638cce89c137b7f2f3710f8702,https://www.avalanchefusion.com/investors/lowercarbon,,2026-10-05T18:50:56.618675+00:00,reported,$40 million Series A funding round
avalanche-series-a-2023:lowercarbon-capital,participant,59a2c3d2614ebe16d6008655e0810c3ee643ba638cce89c137b7f2f3710f8702,https://www.avalanchefusion.com/investors/lowercarbon,,2026-10-05T18:50:56.618675+00:00,reported,"In April 2023, Lowercarbon Capital led a $40 million Series A funding round for Avalanche Energy"
avalanche-series-a-2023:toyota-ventures,participant,73fc3c8fc80056be1bf8849623e13c3ef41ccd1532237448a8060cb369ae3244,https://www.avalanchefusion.com/investors/toyota-ventures,,2026-10-05T18:50:57.095095+00:00,reported,"In April 2023, Toyota Ventures participated in a $40 million Series A funding round for Avalanche Energy"
avalanche-wa-green-jobs-2025,amount,4fd6b877696688574872ccd009901642ff23c5d3f5230281311caeeea605d49b,https://www.avalanchefusion.com/news-release/avalanche-energy-awarded-10-million-grant-from-washington-state-to-develop-fusionwerx-neutron-factory,,2026-10-05T18:50:11.620145+00:00,disclosed,awarded $10 million through the Washington State Department of Commerce Green Jobs Grant Program
avalanche-wa-green-jobs-2025,announced_on,4fd6b877696688574872ccd009901642ff23c5d3f5230281311caeeea605d49b,https://www.avalanchefusion.com/news-release/avalanche-energy-awarded-10-million-grant-from-washington-state-to-develop-fusionwerx-neutron-factory,,2026-10-05T18:50:11.620145+00:00,disclosed,"Seattle, WA – July 23, 2025"
avalanche-wa-green-jobs-2025:washington-state-department-of-commerce,participant,4fd6b877696688574872ccd009901642ff23c5d3f5230281311caeeea605d49b,https://www.avalanchefusion.com/news-release/avalanche-energy-awarded-10-million-grant-from-washington-state-to-develop-fusionwerx-neutron-factory,,2026-10-05T18:50:11.620145+00:00,disclosed,awarded $10 million through the Washington State Department of Commerce Green Jobs Grant Program
blf-2026-09-merger-pipe,amount,af771e8655ccd05849559a833731064ecdc51c5fc366c3792d026d2880196484,https://www.sec.gov/Archives/edgar/data/1938570/000119312526385826/d162976d8k.htm,,2026-10-05T18:49:17.011859+00:00,disclosed,"an aggregate of 910,265 Units, for an aggregate purchase price of $25,032,287.50"
blf-2026-09-merger-pipe,announced_on,af771e8655ccd05849559a833731064ecdc51c5fc366c3792d026d2880196484,https://www.sec.gov/Archives/edgar/data/1938570/000119312526385826/d162976d8k.htm,,2026-10-05T18:49:17.011859+00:00,disclosed,"Date of Report (Date of earliest event reported): September 4, 2026"
blf-2026-09-merger-pipe,round_label,af771e8655ccd05849559a833731064ecdc51c5fc366c3792d026d2880196484,https://www.sec.gov/Archives/edgar/data/1938570/000119312526385826/d162976d8k.htm,,2026-10-05T18:49:17.011859+00:00,disclosed,"Simultaneously with the effective time of the Merger, we sold in a private placement offering"
blue-energy-380m-2026,amount,acda2b59b4d8bf1f21266be7b99487709e13eb825f0c03dbc3e494868d07c875,https://blueenergy.co/news/blue-energy-raises-380m-to-build-worlds-first-project-financeable-nuclear-plant,,2026-10-05T18:59:34.202712+00:00,disclosed,today announced that it has raised $380 million in financing
blue-energy-380m-2026,announced_on,acda2b59b4d8bf1f21266be7b99487709e13eb825f0c03dbc3e494868d07c875,https://blueenergy.co/news/blue-energy-raises-380m-to-build-worlds-first-project-financeable-nuclear-plant,,2026-10-05T18:59:34.202712+00:00,disclosed,"April 21, 2026"
blue-energy-380m-2026,instrument,bfa405aff476bfac1ece79b3e775fd9b9b716d1613422823c3f7776f58fe719b,https://techcrunch.com/2026/04/21/blue-energy-raises-380m-to-build-grid-scale-nuclear-reactors-in-shipyards/,,2026-10-05T18:59:08.545921+00:00,reported,Blue Energy has raised $380 million in financing split between equity and debt
blue-energy-380m-2026,round_label,acda2b59b4d8bf1f21266be7b99487709e13eb825f0c03dbc3e494868d07c875,https://blueenergy.co/news/blue-energy-raises-380m-to-build-worlds-first-project-financeable-nuclear-plant,,2026-10-05T18:59:34.202712+00:00,disclosed,Blue Energy Raises $380M to Build World's First Project-Financeable Nuclear Plant
blue-energy-380m-2026:at-one-ventures,participant,acda2b59b4d8bf1f21266be7b99487709e13eb825f0c03dbc3e494868d07c875,https://blueenergy.co/news/blue-energy-raises-380m-to-build-worlds-first-project-financeable-nuclear-plant,,2026-10-05T18:59:34.202712+00:00,disclosed,"The fundraise was led by VXI Capital with significant backing from Engine Ventures and participation from other existing investors, including At One Ventures and Tamarack Global."
blue-energy-380m-2026:tamarack-global,participant,acda2b59b4d8bf1f21266be7b99487709e13eb825f0c03dbc3e494868d07c875,https://blueenergy.co/news/blue-energy-raises-380m-to-build-worlds-first-project-financeable-nuclear-plant,,2026-10-05T18:59:34.202712+00:00,disclosed,"The fundraise was led by VXI Capital with significant backing from Engine Ventures and participation from other existing investors, including At One Ventures and Tamarack Global."
blue-energy-380m-2026:the-engine,participant,acda2b59b4d8bf1f21266be7b99487709e13eb825f0c03dbc3e494868d07c875,https://blueenergy.co/news/blue-energy-raises-380m-to-build-worlds-first-project-financeable-nuclear-plant,,2026-10-05T18:59:34.202712+00:00,disclosed,"The fundraise was led by VXI Capital with significant backing from Engine Ventures and participation from other existing investors, including At One Ventures and Tamarack Global."
blue-energy-380m-2026:vxi-capital,participant,acda2b59b4d8bf1f21266be7b99487709e13eb825f0c03dbc3e494868d07c875,https://blueenergy.co/news/blue-energy-raises-380m-to-build-worlds-first-project-financeable-nuclear-plant,,2026-10-05T18:59:34.202712+00:00,disclosed,"The fundraise was led by VXI Capital with significant backing from Engine Ventures and participation from other existing investors, including At One Ventures and Tamarack Global."
blue-energy-constellation-2026,announced_on,b63d9c5683a76c86ed50798bebda24e4b5c1f035a04b64711ee4d3655af02a14,https://blueenergy.co/news/blue-energy-receives-strategic-investment-from-constellation-to-accelerate-commercialization-of-novel-shipyard-manufacturing-and-project-financing-model-for-new-nuclear,,2026-10-05T18:59:34.945377+00:00,disclosed,"July 16, 2026"
blue-energy-constellation-2026,round_label,b63d9c5683a76c86ed50798bebda24e4b5c1f035a04b64711ee4d3655af02a14,https://blueenergy.co/news/blue-energy-receives-strategic-investment-from-constellation-to-accelerate-commercialization-of-novel-shipyard-manufacturing-and-project-financing-model-for-new-nuclear,,2026-10-05T18:59:34.945377+00:00,disclosed,a strategic equity investment from Constellation Technology Ventures
blue-energy-constellation-2026:constellation,participant,b63d9c5683a76c86ed50798bebda24e4b5c1f035a04b64711ee4d3655af02a14,https://blueenergy.co/news/blue-energy-receives-strategic-investment-from-constellation-to-accelerate-commercialization-of-novel-shipyard-manufacturing-and-project-financing-model-for-new-nuclear,,2026-10-05T18:59:34.945377+00:00,disclosed,"a strategic equity investment from Constellation Technology Ventures, the venture arm of Constellation"
blue-energy-datacenter-offtake-loi-2024,agreement,7156ce486bda28738ec10d3337bfa25465c3d950f32f2833ddfee057b7396955,https://finance.yahoo.com/news/blue-energy-secures-45m-funding-155114317.html,,2026-10-05T18:59:09.807179+00:00,reported,The company has already signed a letter of intent with a data centre and cloud provider
blue-energy-datacenter-offtake-loi-2024,announced_on,7156ce486bda28738ec10d3337bfa25465c3d950f32f2833ddfee057b7396955,https://finance.yahoo.com/news/blue-energy-secures-45m-funding-155114317.html,,2026-10-05T18:59:09.807179+00:00,reported,"October 9, 2024"
blue-energy-gvh-victoria-tx-2026,agreement,ee4bc911e3c56cf4c475fcbcf57d037b5995e9f2e31f6beb6ebf50da14279348,https://blueenergy.co/news/project-acceleration-agreement-with-ge-vernova-hitachi,,2026-10-05T18:59:36.566558+00:00,disclosed,the signing of an agreement that launches the next phase of their collaboration to deploy a 2.5 GW gas-plus-nuclear power plant in Texas
blue-energy-gvh-victoria-tx-2026,announced_on,ee4bc911e3c56cf4c475fcbcf57d037b5995e9f2e31f6beb6ebf50da14279348,https://blueenergy.co/news/project-acceleration-agreement-with-ge-vernova-hitachi,,2026-10-05T18:59:36.566558+00:00,disclosed,"August 13, 2026"
blue-energy-series-a-2024,amount,7156ce486bda28738ec10d3337bfa25465c3d950f32f2833ddfee057b7396955,https://finance.yahoo.com/news/blue-energy-secures-45m-funding-155114317.html,,2026-10-05T18:59:09.807179+00:00,reported,has completed a $45m Series A fundraising round
blue-energy-series-a-2024,announced_on,8f06d4e2c6276139b07e9987785d793d4f37bbdf7ee32a649235dbc8b5f38bfb,https://blueenergy.co/news,,2026-10-05T18:59:24.264858+00:00,disclosed,"Blue Energy Secures $45M to Make Clean, Reliable Nuclear Power Commercially Viable October 8, 2024"
blue-energy-series-a-2024,round_label,7156ce486bda28738ec10d3337bfa25465c3d950f32f2833ddfee057b7396955,https://finance.yahoo.com/news/blue-energy-secures-45m-funding-155114317.html,,2026-10-05T18:59:09.807179+00:00,reported,has completed a $45m Series A fundraising round
blue-energy-series-a-2024:angular-ventures,participant,7156ce486bda28738ec10d3337bfa25465c3d950f32f2833ddfee057b7396955,https://finance.yahoo.com/news/blue-energy-secures-45m-funding-155114317.html,,2026-10-05T18:59:09.807179+00:00,reported,"has completed a $45m Series A fundraising round co-led by Engine Ventures and At One Ventures. The funding involved contributions from capital firms Angular Ventures, Tamarack Global, Propeller Ventures, Starlight Ventures and Nucleation Capital."
blue-energy-series-a-2024:at-one-ventures,participant,7156ce486bda28738ec10d3337bfa25465c3d950f32f2833ddfee057b7396955,https://finance.yahoo.com/news/blue-energy-secures-45m-funding-155114317.html,,2026-10-05T18:59:09.807179+00:00,reported,"has completed a $45m Series A fundraising round co-led by Engine Ventures and At One Ventures. The funding involved contributions from capital firms Angular Ventures, Tamarack Global, Propeller Ventures, Starlight Ventures and Nucleation Capital."
blue-energy-series-a-2024:nucleation-capital,participant,7156ce486bda28738ec10d3337bfa25465c3d950f32f2833ddfee057b7396955,https://finance.yahoo.com/news/blue-energy-secures-45m-funding-155114317.html,,2026-10-05T18:59:09.807179+00:00,reported,"has completed a $45m Series A fundraising round co-led by Engine Ventures and At One Ventures. The funding involved contributions from capital firms Angular Ventures, Tamarack Global, Propeller Ventures, Starlight Ventures and Nucleation Capital."
blue-energy-series-a-2024:propeller-ventures,participant,7156ce486bda28738ec10d3337bfa25465c3d950f32f2833ddfee057b7396955,https://finance.yahoo.com/news/blue-energy-secures-45m-funding-155114317.html,,2026-10-05T18:59:09.807179+00:00,reported,"has completed a $45m Series A fundraising round co-led by Engine Ventures and At One Ventures. The funding involved contributions from capital firms Angular Ventures, Tamarack Global, Propeller Ventures, Starlight Ventures and Nucleation Capital."
blue-energy-series-a-2024:starlight-ventures,participant,7156ce486bda28738ec10d3337bfa25465c3d950f32f2833ddfee057b7396955,https://finance.yahoo.com/news/blue-energy-secures-45m-funding-155114317.html,,2026-10-05T18:59:09.807179+00:00,reported,"has completed a $45m Series A fundraising round co-led by Engine Ventures and At One Ventures. The funding involved contributions from capital firms Angular Ventures, Tamarack Global, Propeller Ventures, Starlight Ventures and Nucleation Capital."
blue-energy-series-a-2024:tamarack-global,participant,7156ce486bda28738ec10d3337bfa25465c3d950f32f2833ddfee057b7396955,https://finance.yahoo.com/news/blue-energy-secures-45m-funding-155114317.html,,2026-10-05T18:59:09.807179+00:00,reported,"has completed a $45m Series A fundraising round co-led by Engine Ventures and At One Ventures. The funding involved contributions from capital firms Angular Ventures, Tamarack Global, Propeller Ventures, Starlight Ventures and Nucleation Capital."
blue-energy-series-a-2024:the-engine,participant,7156ce486bda28738ec10d3337bfa25465c3d950f32f2833ddfee057b7396955,https://finance.yahoo.com/news/blue-energy-secures-45m-funding-155114317.html,,2026-10-05T18:59:09.807179+00:00,reported,"has completed a $45m Series A fundraising round co-led by Engine Ventures and At One Ventures. The funding involved contributions from capital firms Angular Ventures, Tamarack Global, Propeller Ventures, Starlight Ventures and Nucleation Capital."
canyon-magnet-energy-desc0025965,amount,cf9f96b073886f250da74a8640fcdcd7244a803e1c801318b6bd4745d2d39ac7,https://api.usaspending.gov/api/v2/search/spending_by_award/,,2026-10-05T18:52:26.073270+00:00,disclosed,"""Award ID"": ""DESC0025965"", ""Recipient Name"": ""CANYON MAGNET ENERGY INC"", ""Recipient UEI"": ""PAKXDAHPZ9C7"", ""Award Amount"": 195629.0"
canyon-magnet-energy-desc0025965,announced_on,cf9f96b073886f250da74a8640fcdcd7244a803e1c801318b6bd4745d2d39ac7,https://api.usaspending.gov/api/v2/search/spending_by_award/,,2026-10-05T18:52:26.073270+00:00,disclosed,"""Base Obligation Date"": ""2025-08-18"", ""generated_internal_id"": ""ASST_NON_DESC0025965_089"""
canyon-magnet-energy-desc0025965,disbursed_usd,cf9f96b073886f250da74a8640fcdcd7244a803e1c801318b6bd4745d2d39ac7,https://api.usaspending.gov/api/v2/search/spending_by_award/,,2026-10-05T18:52:26.073270+00:00,disclosed,"""Award Amount"": 195629.0, ""Total Outlays"": 72670.0"
canyon-magnet-energy-desc0025965,round_label,cf9f96b073886f250da74a8640fcdcd7244a803e1c801318b6bd4745d2d39ac7,https://api.usaspending.gov/api/v2/search/spending_by_award/,,2026-10-05T18:52:26.073270+00:00,disclosed,"""Award ID"": ""DESC0025965"", ""Recipient Name"": ""CANYON MAGNET ENERGY INC"""
canyon-magnet-energy-desc0025965,use_of_proceeds,cf9f96b073886f250da74a8640fcdcd7244a803e1c801318b6bd4745d2d39ac7,https://api.usaspending.gov/api/v2/search/spending_by_award/,,2026-10-05T18:52:26.073270+00:00,disclosed,"""Description"": ""QUENCH DETECTION USING LTS WIRES FOR HIGH CURRENT HTS CABLES FOR COMPACT FUSION REACTORS"""
canyon-magnet-energy-desc0025965:doe-office-of-science,participant,cf9f96b073886f250da74a8640fcdcd7244a803e1c801318b6bd4745d2d39ac7,https://api.usaspending.gov/api/v2/search/spending_by_award/,,2026-10-05T18:52:26.073270+00:00,disclosed,"""Awarding Agency"": ""Department of Energy"", ""Awarding Sub Agency"": ""Department of Energy"""
centrica-jda-2025,agreement,db86c83fcbef8023e810745e7dedfcbc8704e21ac346c0f6ef6efef96fc5f87f,https://www.sec.gov/Archives/edgar/data/2088896/000110465926049515/tm2527015-22_424b4.htm,,2026-10-05T17:52:28.012718+00:00,disclosed,Our joint development agreement with Centrica is non-binding
centrica-jda-2025,agreement,db86c83fcbef8023e810745e7dedfcbc8704e21ac346c0f6ef6efef96fc5f87f,https://www.sec.gov/Archives/edgar/data/2088896/000110465926049515/tm2527015-22_424b4.htm,,2026-10-05T17:52:28.012718+00:00,disclosed,September 2025 : Centrica and X-energy sign JDA to deploy 6 GWe of new nuclear capacity in the U.K.
centrus-antares-haleu-supply-2026,agreement,4c4163c436192973756967ae132afb33ad0be645f6d8e9ad0aac0a03317b24c7,https://www.sec.gov/Archives/edgar/data/1065059/000162828026062535/leu-20260917.htm,,2026-10-05T18:58:11.222049+00:00,disclosed,it had signed a contract with Antares Nuclear to supply high-assay low-enriched uranium
centrus-atm-2020-b-riley,amount,8f8410ab36e3d2ebfe03ede566a980302d56e24013715489f9dcb81927173a60,https://www.sec.gov/Archives/edgar/data/1065059/000110465920141035/tm2039081d2_424b5.htm,,2026-10-05T18:57:40.250856+00:00,disclosed,"having an aggregate offering price of up to $50,000,000 from time to time"
centrus-atm-2020-b-riley,announced_on,8f8410ab36e3d2ebfe03ede566a980302d56e24013715489f9dcb81927173a60,https://www.sec.gov/Archives/edgar/data/1065059/000110465920141035/tm2039081d2_424b5.htm,,2026-10-05T18:57:40.250856+00:00,disclosed,"dated December 31, 2020, which we refer to as the sales agreement"
centrus-atm-2020-b-riley,ceiling_increase_2022,7af63e0a5c618a7883c8d49eac833b48652a89c86706c1ad4a9fca64a95a4747,https://www.sec.gov/Archives/edgar/data/1065059/000110465922124673/tm2231965d1_424b5.htm,,2026-10-05T18:56:03.478443+00:00,disclosed,"we may offer and sell under this prospectus supplement shares of our Class A Common Stock, $0.10 par value per share (the “Class A Common Stock”), having an aggregate offering price of up to $24,000,000"
centrus-atm-2024-b-riley-lake-street-roth,amount,9333738f18b3768f1ef661377abccc98819b54aa01d43027ca8fa3f4b10b2927,https://www.sec.gov/Archives/edgar/data/1065059/000110465925046715/tm2514263d1_424b5.htm,,2026-10-05T18:55:59.820224+00:00,disclosed,"by increasing the aggregate offering price of Class A Common Stock that may offered and sold pursuant to the Sales Agreement to $200,000,000"
centrus-atm-2024-b-riley-lake-street-roth,amount_initial,6477708652d46e177abf9ecc73d6e69f7f5579444dff3e7a7a6abba7b2c66bcd,https://www.sec.gov/Archives/edgar/data/1065059/000110465924013448/tm245743d1_424b5.htm,,2026-10-05T18:56:02.125592+00:00,disclosed,"having an aggregate offering price of up to $100,000,000 from time to time through or to the Agents"
centrus-atm-2024-b-riley-lake-street-roth,announced_on,6477708652d46e177abf9ecc73d6e69f7f5579444dff3e7a7a6abba7b2c66bcd,https://www.sec.gov/Archives/edgar/data/1065059/000110465924013448/tm245743d1_424b5.htm,,2026-10-05T18:56:02.125592+00:00,disclosed,"The date of this prospectus supplement is February 9, 2024."
centrus-atm-2024-b-riley-lake-street-roth,round_label,6d44cce3f4e666915f41bad0a340a51a5ce8017f85f564396b72fd4989602685,https://www.sec.gov/Archives/edgar/data/1065059/000110465925107429/tm2530029d2_424b5.htm,,2026-10-05T18:55:57.918531+00:00,disclosed,"we terminated our “at the market offering” program pursuant to our prior sales agreement, dated as of February 9, 2024"
centrus-atm-2025-11-sales-agreement,amount,6bdbb9ec7089ad83d395f86604dc5dcf1af1b02da2df9abb494e4d0a09053e26,https://www.sec.gov/Archives/edgar/data/1065059/000110465925107444/tm2530029d3_8k.htm,,2026-10-05T18:55:57.174612+00:00,disclosed,"having an aggregate offering price of up to $1,000,000,000"
centrus-atm-2025-11-sales-agreement,announced_on,6bdbb9ec7089ad83d395f86604dc5dcf1af1b02da2df9abb494e4d0a09053e26,https://www.sec.gov/Archives/edgar/data/1065059/000110465925107444/tm2530029d3_8k.htm,,2026-10-05T18:55:57.174612+00:00,disclosed,"On November 6, 2025, Centrus Energy Corp. (the “Company”) entered into a Sales Agreement"
centrus-atm-2025-11-sales-agreement,round_label,6d44cce3f4e666915f41bad0a340a51a5ce8017f85f564396b72fd4989602685,https://www.sec.gov/Archives/edgar/data/1065059/000110465925107429/tm2530029d2_424b5.htm,,2026-10-05T18:55:57.918531+00:00,disclosed,"Sales Agreement entered into with Barclays Capital Inc., Citigroup Global Markets Inc., UBS Securities LLC"
centrus-atm-sales-2021-2022,amount,7af63e0a5c618a7883c8d49eac833b48652a89c86706c1ad4a9fca64a95a4747,https://www.sec.gov/Archives/edgar/data/1065059/000110465922124673/tm2231965d1_424b5.htm,,2026-10-05T18:56:03.478443+00:00,disclosed,"we have sold under a prospectus supplement, dated December 31, 2020, shares of our Class A Common Stock having an aggregate offering price of approximately $48 million"
centrus-atm-sales-2021-2022,announced_on,7af63e0a5c618a7883c8d49eac833b48652a89c86706c1ad4a9fca64a95a4747,https://www.sec.gov/Archives/edgar/data/1065059/000110465922124673/tm2231965d1_424b5.htm,,2026-10-05T18:56:03.478443+00:00,disclosed,"The date of this prospectus supplement is December 5, 2022."
centrus-atm-sales-2023,amount,046ee67114d3bd0c240963e70327ead8127314d4f9fab534998e2a7936b2ca5a,https://www.sec.gov/Archives/edgar/data/1065059/000162828026007117/leu-20251231.htm,,2026-10-05T18:57:00.770131+00:00,disclosed,"for a total of $533.6 million, $56.7 million, and $24.4 million in 2025, 2024, and 2023, respectively"
centrus-atm-sales-2023,announced_on,046ee67114d3bd0c240963e70327ead8127314d4f9fab534998e2a7936b2ca5a,https://www.sec.gov/Archives/edgar/data/1065059/000162828026007117/leu-20251231.htm,,2026-10-05T18:57:00.770131+00:00,disclosed,"Centrus Energy Corp. February 11, 2026 /s/ Amir V. Vexler"
centrus-atm-sales-2024,amount,046ee67114d3bd0c240963e70327ead8127314d4f9fab534998e2a7936b2ca5a,https://www.sec.gov/Archives/edgar/data/1065059/000162828026007117/leu-20251231.htm,,2026-10-05T18:57:00.770131+00:00,disclosed,"for a total of $533.6 million, $56.7 million, and $24.4 million in 2025, 2024, and 2023, respectively"
centrus-atm-sales-2024,announced_on,046ee67114d3bd0c240963e70327ead8127314d4f9fab534998e2a7936b2ca5a,https://www.sec.gov/Archives/edgar/data/1065059/000162828026007117/leu-20251231.htm,,2026-10-05T18:57:00.770131+00:00,disclosed,"Centrus Energy Corp. February 11, 2026 /s/ Amir V. Vexler"
centrus-atm-sales-2025,amount,046ee67114d3bd0c240963e70327ead8127314d4f9fab534998e2a7936b2ca5a,https://www.sec.gov/Archives/edgar/data/1065059/000162828026007117/leu-20251231.htm,,2026-10-05T18:57:00.770131+00:00,disclosed,"for a total of $533.6 million, $56.7 million, and $24.4 million in 2025, 2024, and 2023, respectively"
centrus-atm-sales-2025,announced_on,046ee67114d3bd0c240963e70327ead8127314d4f9fab534998e2a7936b2ca5a,https://www.sec.gov/Archives/edgar/data/1065059/000162828026007117/leu-20251231.htm,,2026-10-05T18:57:00.770131+00:00,disclosed,"Centrus Energy Corp. February 11, 2026 /s/ Amir V. Vexler"
centrus-atm-sales-2026-h1,amount,3f1219d45e5911d0edb2ed4e3a7b73434117618eb14a911bf067c0350e3ac0b7,https://www.sec.gov/Archives/edgar/data/1065059/000162828026053863/leu-20260630.htm,,2026-10-05T19:17:00.660548+00:00,disclosed,"the Company sold through ATM offerings an aggregate of 278,114 shares of its Class A Common Stock at the market price in both the three and six months ended June 30, 2026 for a total of $ 55.0 million"
centrus-atm-sales-2026-h1,announced_on,3f1219d45e5911d0edb2ed4e3a7b73434117618eb14a911bf067c0350e3ac0b7,https://www.sec.gov/Archives/edgar/data/1065059/000162828026053863/leu-20260630.htm,,2026-10-05T19:17:00.660548+00:00,disclosed,"Centrus Energy Corp. August 6, 2026 /s/ Yanhong Dai"
centrus-atm-sales-2026-h1,remaining_capacity,3f1219d45e5911d0edb2ed4e3a7b73434117618eb14a911bf067c0350e3ac0b7,https://www.sec.gov/Archives/edgar/data/1065059/000162828026053863/leu-20260630.htm,,2026-10-05T19:17:00.660548+00:00,disclosed,"The aggregate market value of remaining securities eligible for offer and sale under this shelf registration statement is approximately $554.5 million as of June 30, 2026."
centrus-convertible-0pct-2032,amount,5ebe0bdad8ff8ca59b364a578dc5d0bb048304a4b928141f3d8cfc8d671c6b9c,https://www.sec.gov/Archives/edgar/data/1065059/000106505925000075/leu-20250818.htm,,2026-10-05T18:55:58.708676+00:00,disclosed,$805 million aggregate principal amount of the Company’s 0% convertible senior notes due 2032
centrus-convertible-0pct-2032,announced_on,dcce4837b9d9b7fb72435788f7954ee64dd7680357b32922fe087f36bdfb2677,https://www.sec.gov/Archives/edgar/data/1065059/000162828025039978/leu-20250812.htm,,2026-10-05T18:58:47.922768+00:00,disclosed,"On August 12, 2025, Centrus Energy Corp. (the “Company”) issued a press release announcing its intention to offer $650 million aggregate principal amount of convertible senior notes due 2032"
centrus-convertible-0pct-2032,closed_on,046ee67114d3bd0c240963e70327ead8127314d4f9fab534998e2a7936b2ca5a,https://www.sec.gov/Archives/edgar/data/1065059/000162828026007117/leu-20251231.htm,,2026-10-05T18:57:00.770131+00:00,disclosed,"On August 18, 2025, Centrus issued $ 805.0 million aggregate principal amount 0% Convertible Notes due 2032."
centrus-convertible-0pct-2032,round_label,0a299ffb85871433ccdb9fd286661d417af51124f7a54bb1c382a50aa4bbe12e,https://www.sec.gov/Archives/edgar/data/1065059/000106505925000072/leu-20250813.htm,,2026-10-05T18:58:47.235666+00:00,disclosed,announcing the pricing of its offering of $700 million aggregate principal amount of 0% convertible senior notes due 2032
centrus-convertible-0pct-2032,use_of_proceeds,5ebe0bdad8ff8ca59b364a578dc5d0bb048304a4b928141f3d8cfc8d671c6b9c,https://www.sec.gov/Archives/edgar/data/1065059/000106505925000075/leu-20250818.htm,,2026-10-05T18:55:58.708676+00:00,disclosed,The Company intends to use the net proceeds from the offering for general corporate purposes.
centrus-convertible-2-25pct-2030,amount,ad5e287959f145d6ea0c39d168f3ade9deccea2416abd6191fb334b5f5cf9850,https://www.sec.gov/Archives/edgar/data/1065059/000106505924000100/leu-20241107.htm,,2026-10-05T18:56:01.010665+00:00,disclosed,$402.5 million aggregate principal amount of the Company’s 2.25% convertible senior notes due 2030
centrus-convertible-2-25pct-2030,announced_on,dbef9b7afee37be35abf85d40924db38d04c71fb1ff836672eb972d18e076a65,https://www.sec.gov/Archives/edgar/data/1065059/000106505924000096/leu-20241105.htm,,2026-10-05T18:58:42.680673+00:00,disclosed,"On November 5, 2024, Centrus Energy Corp. (the “Company”) issued a press release announcing the pricing of its offering of $350 million aggregate principal amount of 2.25% convertible senior notes due 2030"
centrus-convertible-2-25pct-2030,closed_on,046ee67114d3bd0c240963e70327ead8127314d4f9fab534998e2a7936b2ca5a,https://www.sec.gov/Archives/edgar/data/1065059/000162828026007117/leu-20251231.htm,,2026-10-05T18:57:00.770131+00:00,disclosed,"On November 7, 2024, Centrus issued $ 402.5 million aggregate principal amount 2.25% Convertible Notes due 2030."
centrus-convertible-2-25pct-2030,round_label,ad5e287959f145d6ea0c39d168f3ade9deccea2416abd6191fb334b5f5cf9850,https://www.sec.gov/Archives/edgar/data/1065059/000106505924000100/leu-20241107.htm,,2026-10-05T18:56:01.010665+00:00,disclosed,The offer and sale of the Notes and the shares of the Company’s Class A common stock
centrus-convertible-2-25pct-2030,use_of_proceeds,ad5e287959f145d6ea0c39d168f3ade9deccea2416abd6191fb334b5f5cf9850,https://www.sec.gov/Archives/edgar/data/1065059/000106505924000100/leu-20241107.htm,,2026-10-05T18:56:01.010665+00:00,disclosed,The Company intends to use the net proceeds from the offering for general working capital and corporate purposes
centrus-doe-gcep-lease-amendment-2021,agreement,4cf26346835694d115d7071f5cc0548441e0a81d45948801a0fce5089ce369cb,https://www.sec.gov/Archives/edgar/data/1065059/000106505921000038/form8-k_20210914.htm,,2026-10-05T18:58:40.909184+00:00,disclosed,"was renewed and extended until December 31, 2025"
centrus-doe-haleu-deconversion-idiq-2024,agreement,cc5ce299290740e0012dc04ab188e255f2dc814e363f049cebb5f7d820f205c1,https://www.sec.gov/Archives/edgar/data/1065059/000106505924000078/leu-20241004.htm,,2026-10-05T18:58:44.096934+00:00,disclosed,The award has a minimum contract value of $2 million and a maximum value of $800 million.
centrus-doe-haleu-demonstration-2019,amount,0f7e5dc93a539ef8b748eb71fdbeaafe11b1ea9d061e0e7c42a18c420d7c0349,https://www.sec.gov/Archives/edgar/data/1065059/000106505919000035/form8-k_20191031.htm,,2026-10-05T18:58:49.823874+00:00,disclosed,DOE will reimburse ACO for up to 80 percent of the total program costs up to a maximum amount of $115 million. The corresponding 20 percent cost share for ACO would be $29 million.
centrus-doe-haleu-demonstration-2019,amount,046ee67114d3bd0c240963e70327ead8127314d4f9fab534998e2a7936b2ca5a,https://www.sec.gov/Archives/edgar/data/1065059/000162828026007117/leu-20251231.htm,,2026-10-05T18:57:00.770131+00:00,disclosed,"Three-year, $115.0 million cost-share contract with DOE signed in 2019"
centrus-doe-haleu-demonstration-2019,announced_on,0f7e5dc93a539ef8b748eb71fdbeaafe11b1ea9d061e0e7c42a18c420d7c0349,https://www.sec.gov/Archives/edgar/data/1065059/000106505919000035/form8-k_20191031.htm,,2026-10-05T18:58:49.823874+00:00,disclosed,"On October 31, 2019, American Centrifuge Operating, LLC"
centrus-doe-haleu-demonstration-2019,funded_up_to,046ee67114d3bd0c240963e70327ead8127314d4f9fab534998e2a7936b2ca5a,https://www.sec.gov/Archives/edgar/data/1065059/000162828026007117/leu-20251231.htm,,2026-10-05T18:57:00.770131+00:00,disclosed,"The DOE funded the HALEU Demonstration Contract up to $173.0 million with a period of performance that ended November 30, 2022."
centrus-doe-haleu-demonstration-2019,obligated_disbursed,9c87a3a865bdf21985212d5918e73591795a7c7e23bcf57df8bbb387560e9262,https://api.usaspending.gov/api/v2/search/spending_by_award/,,2026-10-05T19:06:46.424073+00:00,disclosed,"""Award ID"": ""89303519CNE000005"", ""Recipient Name"": ""AMERICAN CENTRIFUGE OPERATING, LLC"", ""Recipient UEI"": ""L8VHV5CNBV97"", ""Award Amount"": 172974295.69, ""Total Outlays"": 107363124.41"
centrus-doe-haleu-demonstration-2019:doe-ne,participant,0f7e5dc93a539ef8b748eb71fdbeaafe11b1ea9d061e0e7c42a18c420d7c0349,https://www.sec.gov/Archives/edgar/data/1065059/000106505919000035/form8-k_20191031.htm,,2026-10-05T18:58:49.823874+00:00,disclosed,entered into a definitive agreement (the “Agreement”) with the United States Department of Energy
centrus-doe-haleu-operation-2022,amount,046ee67114d3bd0c240963e70327ead8127314d4f9fab534998e2a7936b2ca5a,https://www.sec.gov/Archives/edgar/data/1065059/000162828026007117/leu-20251231.htm,,2026-10-05T18:57:00.770131+00:00,disclosed,the DOE awarded the HALEU Operation Contract to the Company with a base contract value of approximately $150.0 million in two phases through 2024
centrus-doe-haleu-operation-2022,announced_on,727aeb5aaa026dcb08b0d0f7e6fe6c95ff9ea866994babeba471b21dc843cc76,https://www.sec.gov/Archives/edgar/data/1065059/000106505922000037/leu-20221110.htm,,2026-10-05T18:58:42.014862+00:00,disclosed,"On November 10, 2022, the U.S. Department of Energy (the Department) announced an approximately $150 million cost-shared award"
centrus-doe-haleu-operation-2022,closed_on,8b93c30b4a6a026216f05074000a5195f6e32685a7dfb5b82d29903918e73820,https://www.sec.gov/Archives/edgar/data/1065059/000106505925000035/leu-20250617.htm,,2026-10-05T18:55:59.285570+00:00,disclosed,"On November 30, 2022, American Centrifuge Operating, LLC"
centrus-doe-haleu-operation-2022:doe-ne,participant,727aeb5aaa026dcb08b0d0f7e6fe6c95ff9ea866994babeba471b21dc843cc76,https://www.sec.gov/Archives/edgar/data/1065059/000106505922000037/leu-20221110.htm,,2026-10-05T18:58:42.014862+00:00,disclosed,"an approximately $30 million cost share contribution from Centrus, matched by approximately $30 million from the Department of Energy"
centrus-doe-haleu-operation-option1a-2025,amount,046ee67114d3bd0c240963e70327ead8127314d4f9fab534998e2a7936b2ca5a,https://www.sec.gov/Archives/edgar/data/1065059/000162828026007117/leu-20251231.htm,,2026-10-05T18:57:00.770131+00:00,disclosed,"As of December 31, 2025, Option 1a is funded for the contract value of $108.2 million."
centrus-doe-haleu-operation-option1a-2025,announced_on,8b93c30b4a6a026216f05074000a5195f6e32685a7dfb5b82d29903918e73820,https://www.sec.gov/Archives/edgar/data/1065059/000106505925000035/leu-20250617.htm,,2026-10-05T18:55:59.285570+00:00,disclosed,"On June 17, 2025, the Department issued an amendment to the Contract"
centrus-doe-haleu-operation-phase2-increment-2024,amount,213a65f42d75da07e0a302725c7b35d76dae48eac43ab321ebe6d5a623d6230b,https://www.sec.gov/Archives/edgar/data/1065059/000106505924000098/leu-20241105.htm,,2026-10-05T18:58:43.352635+00:00,disclosed,to add approximately $24 million of incremental funding
centrus-doe-haleu-operation-phase2-increment-2024,announced_on,213a65f42d75da07e0a302725c7b35d76dae48eac43ab321ebe6d5a623d6230b,https://www.sec.gov/Archives/edgar/data/1065059/000106505924000098/leu-20241105.htm,,2026-10-05T18:58:43.352635+00:00,disclosed,"On November 5, 2024, the United States Department of Energy and American Centrifuge Operating, LLC"
centrus-doe-haleu-production-idiq-2024,agreement,72279d7a689802b9fa77026a038fd20f4774dfc704f59be88a35a954e5dbe848,https://www.sec.gov/Archives/edgar/data/1065059/000106505924000082/leu-20241016.htm,,2026-10-05T18:58:44.603917+00:00,disclosed,The award has a minimum contract value of $2.0 million and a maximum contract value of $2.7 billion over a ten-year period.
centrus-doe-haleu-task-order-2026,amount,78013cd521330be89105bf6712450aeec085fad38a147491fb86ce52ada7a866,https://www.sec.gov/Archives/edgar/data/1065059/000162828026046801/leu-20260630.htm,,2026-10-05T18:55:53.715456+00:00,disclosed,"The Contract establishes a firm fixed price of $900 million, to be paid incrementally as performance-based milestone payments"
centrus-doe-haleu-task-order-2026,announced_10k,046ee67114d3bd0c240963e70327ead8127314d4f9fab534998e2a7936b2ca5a,https://www.sec.gov/Archives/edgar/data/1065059/000162828026007117/leu-20251231.htm,,2026-10-05T18:57:00.770131+00:00,disclosed,"The award also includes options, at the DOE’s discretion, for up to $170.0 million to produce and deliver HALEU to the DOE."
centrus-doe-haleu-task-order-2026,announced_on,65d2f34c90e4efe46d5d592848107b385f91642765f0684fc9e2b6484cd5e82d,https://www.energy.gov/articles/us-department-energy-awards-27-billion-restore-american-uranium-enrichment,,2026-10-05T18:59:29.960882+00:00,disclosed,American Centrifuge Operating ($900 million) to create domestic HALEU enrichment capacity
centrus-doe-haleu-task-order-2026,closed_on,78013cd521330be89105bf6712450aeec085fad38a147491fb86ce52ada7a866,https://www.sec.gov/Archives/edgar/data/1065059/000162828026046801/leu-20260630.htm,,2026-10-05T18:55:53.715456+00:00,disclosed,"On June 30, 2026, American Centrifuge Operating, LLC"
centrus-doe-haleu-task-order-2026,obligated_disbursed,9c87a3a865bdf21985212d5918e73591795a7c7e23bcf57df8bbb387560e9262,https://api.usaspending.gov/api/v2/search/spending_by_award/,,2026-10-05T19:06:46.424073+00:00,disclosed,"""Award ID"": ""89243226FNE400212"", ""Recipient Name"": ""AMERICAN CENTRIFUGE OPERATING, LLC"", ""Recipient UEI"": ""L8VHV5CNBV97"", ""Award Amount"": 900000000.0, ""Total Outlays"": 0.0"
centrus-doe-haleu-task-order-2026:doe-ne,participant,65d2f34c90e4efe46d5d592848107b385f91642765f0684fc9e2b6484cd5e82d,https://www.energy.gov/articles/us-department-energy-awards-27-billion-restore-american-uranium-enrichment,,2026-10-05T18:59:29.960882+00:00,disclosed,The following companies were awarded task orders totaling $2.7 billion to provide enrichment services for LEU and HALEU
centrus-doe-leu-production-idiq-2024,agreement,43e060388085f150bb04b9265e3b639a1e050d94047044cf11c993476d8379b3,https://www.sec.gov/Archives/edgar/data/1065059/000106505924000108/leu-20241210.htm,,2026-10-05T18:58:45.149679+00:00,disclosed,The award has a minimum contract value of $2 million and a maximum value of $3.4 billion over a ten-year period.
centrus-energy-89243225fne400178,amount,9c87a3a865bdf21985212d5918e73591795a7c7e23bcf57df8bbb387560e9262,https://api.usaspending.gov/api/v2/search/spending_by_award/,,2026-10-05T19:06:46.424073+00:00,disclosed,"""Award ID"": ""89243225FNE400178"", ""Recipient Name"": ""AMERICAN CENTRIFUGE OPERATING, LLC"", ""Recipient UEI"": ""L8VHV5CNBV97"", ""Award Amount"": 500000.0"
centrus-energy-89243225fne400178,announced_on,9c87a3a865bdf21985212d5918e73591795a7c7e23bcf57df8bbb387560e9262,https://api.usaspending.gov/api/v2/search/spending_by_award/,,2026-10-05T19:06:46.424073+00:00,disclosed,"""Base Obligation Date"": ""2025-04-11"", ""generated_internal_id"": ""CONT_AWD_89243225FNE400178_8900_89243225DNE000026_8900"""
centrus-energy-dene0000530,amount,edb40f1490e1d64cb17ae4de858ec4b5bebc87ab75b0e4f0ad6e1affc18a4d26,https://api.usaspending.gov/api/v2/search/spending_by_award/,,2026-10-05T19:06:35.453019+00:00,disclosed,"""Award ID"": ""DENE0000530"", ""Recipient Name"": ""CENTRUS ENERGY CORP."", ""Recipient UEI"": ""D5GBKJUJFA54"", ""Award Amount"": 147951761.0"
centrus-energy-dene0000530,announced_on,edb40f1490e1d64cb17ae4de858ec4b5bebc87ab75b0e4f0ad6e1affc18a4d26,https://api.usaspending.gov/api/v2/search/spending_by_award/,,2026-10-05T19:06:35.453019+00:00,disclosed,"""Base Obligation Date"": ""2012-11-30"", ""generated_internal_id"": ""ASST_NON_DENE0000530_089"""
centrus-energy-dene0000530,obligated_disbursed,edb40f1490e1d64cb17ae4de858ec4b5bebc87ab75b0e4f0ad6e1affc18a4d26,https://api.usaspending.gov/api/v2/search/spending_by_award/,,2026-10-05T19:06:35.453019+00:00,disclosed,"""Award Amount"": 147951761.0, ""Total Outlays"": null"
centrus-energy-dene0000530,round_label,edb40f1490e1d64cb17ae4de858ec4b5bebc87ab75b0e4f0ad6e1affc18a4d26,https://api.usaspending.gov/api/v2/search/spending_by_award/,,2026-10-05T19:06:35.453019+00:00,disclosed,"""Award ID"": ""DENE0000530"", ""Recipient Name"": ""CENTRUS ENERGY CORP."""
centrus-energy-dene0000530,use_of_proceeds,edb40f1490e1d64cb17ae4de858ec4b5bebc87ab75b0e4f0ad6e1affc18a4d26,https://api.usaspending.gov/api/v2/search/spending_by_award/,,2026-10-05T19:06:35.453019+00:00,disclosed,"""Description"": ""AMERICAN CENTRIFUGE CASCADE DEMONSTRATION TEST PROGRAM"""
centrus-energy-dene0000530:doe-ne,participant,edb40f1490e1d64cb17ae4de858ec4b5bebc87ab75b0e4f0ad6e1affc18a4d26,https://api.usaspending.gov/api/v2/search/spending_by_award/,,2026-10-05T19:06:35.453019+00:00,disclosed,"""Awarding Agency"": ""Department of Energy"", ""Awarding Sub Agency"": ""Department of Energy"""
centrus-follow-on-2020-08,amount,3fbf06b139aa9acf0e7cd6471422b5fd55eff7b3f34ec079fe7c5fca0d8b2925,https://www.sec.gov/Archives/edgar/data/1065059/000110465920097456/tm2029163-1_424b5.htm,,2026-10-05T18:57:41.123699+00:00,disclosed,"Public offering price $ 10.00 $ 23,500,000"
centrus-follow-on-2020-08,announced_on,41c43cebdd6ced31da0fb4263e6c0c907efae0b3e254e9a2259014116d26fa04,https://www.sec.gov/Archives/edgar/data/1065059/000110465920098416/tm2029400d1_8k.htm,,2026-10-05T18:58:01.028893+00:00,disclosed,"On August 21, 2020, Centrus Energy Corp. (the “Company”) entered into an underwriting agreement"
centrus-follow-on-2020-08,round_label,41c43cebdd6ced31da0fb4263e6c0c907efae0b3e254e9a2259014116d26fa04,https://www.sec.gov/Archives/edgar/data/1065059/000110465920098416/tm2029400d1_8k.htm,,2026-10-05T18:58:01.028893+00:00,disclosed,"with Roth Capital Partners, LLC acting as sole book-running manager"
centrus-follow-on-2026-09,amount,df88fb6b5d2be5761dd19711dfdf93b901941b3bd97dd2554b5cf1297d2a9947,https://www.sec.gov/Archives/edgar/data/1065059/000110465926106829/tm2625019d3_424b5.htm,,2026-10-05T18:55:52.611855+00:00,disclosed,"Offering price $ 199.64 $ 199.54 $ 500,000,064.02"
centrus-follow-on-2026-09,announced_on,ab93e0d467cd0b532f9cce371fb20a87d5002df68a457e14c9ddd44a46a347c2,https://www.sec.gov/Archives/edgar/data/1065059/000110465926107103/tm2625019d5_8k.htm,,2026-10-05T18:55:52.136175+00:00,disclosed,"On September 9, 2026, Centrus Energy Corp. (the “Company”) entered into an underwriting agreement"
centrus-follow-on-2026-09,round_label,df88fb6b5d2be5761dd19711dfdf93b901941b3bd97dd2554b5cf1297d2a9947,https://www.sec.gov/Archives/edgar/data/1065059/000110465926106829/tm2625019d3_424b5.htm,,2026-10-05T18:55:52.611855+00:00,disclosed,"we are offering (i) 500,000 shares of our class a common stock"
centrus-follow-on-2026-09,use_of_proceeds,df88fb6b5d2be5761dd19711dfdf93b901941b3bd97dd2554b5cf1297d2a9947,https://www.sec.gov/Archives/edgar/data/1065059/000110465926106829/tm2625019d3_424b5.htm,,2026-10-05T18:55:52.611855+00:00,disclosed,We intend to use the net proceeds for general working capital and corporate purposes
centrus-terrapower-haleu-mou-2023,agreement,7c936f98042a57ecf040432532534b34e486fb41871003d59abaf3034f53de7f,https://www.terrapower.com/terrapower-and-centrus-expand-efforts-to-commercialize-domestic-haleu-production,,2026-10-05T18:50:14.660530+00:00,disclosed,announced today a new memorandum of understanding (MOU) to significantly expand their collaboration
centrus-usaspending-aco-doe-cumulative-b121,amount,b121ea17e449cfc8956467b291eb41f79f9bbc3ea9ccbffbb21a9e1d7595e705,https://api.usaspending.gov/api/v2/search/spending_by_category/recipient/,,2026-10-05T18:06:56.024271+00:00,disclosed,"""amount"":1376015708.17"
centrus-usaspending-aco-doe-cumulative-b121,announced_on,b121ea17e449cfc8956467b291eb41f79f9bbc3ea9ccbffbb21a9e1d7595e705,https://api.usaspending.gov/api/v2/search/spending_by_category/recipient/,,2026-10-05T18:06:56.024271+00:00,disclosed,"""name"":""AMERICAN CENTRIFUGE OPERATING, LLC"",""code"":""079679750"",""uei"":""L8VHV5CNBV97"""
centrus-usaspending-aco-doe-cumulative-c235,amount,c235bd583a7e42c232a64751d3bb6611b2f35631c6dbaba7bfec1c7a2ca51a41,https://api.usaspending.gov/api/v2/search/spending_by_category/recipient/,,2026-10-05T18:06:59.694653+00:00,disclosed,"""amount"":197353192.66"
centrus-usaspending-aco-doe-cumulative-c235,announced_on,c235bd583a7e42c232a64751d3bb6611b2f35631c6dbaba7bfec1c7a2ca51a41,https://api.usaspending.gov/api/v2/search/spending_by_category/recipient/,,2026-10-05T18:06:59.694653+00:00,disclosed,"""name"":""AMERICAN CENTRIFUGE OPERATING, LLC"",""code"":""079679750"",""uei"":""L8VHV5CNBV97"""
cfs-2018-03-eni-series-a-first-close,amount,7b4c000fc5784ff316b7ea31538541b8ca1dc62c7ce6fbc909aaaf6c19272e78,https://news.mit.edu/2018/mit-newly-formed-company-launch-novel-approach-fusion-power-0309,,2026-10-05T18:56:13.026563+00:00,reported,CFS is announcing today that it has attracted an investment of $50 million in support of this effort from the Italian energy company Eni.
cfs-2018-03-eni-series-a-first-close,announced_on,7b4c000fc5784ff316b7ea31538541b8ca1dc62c7ce6fbc909aaaf6c19272e78,https://news.mit.edu/2018/mit-newly-formed-company-launch-novel-approach-fusion-power-0309,,2026-10-05T18:56:13.026563+00:00,reported,"March 9, 2018"
cfs-2018-03-eni-series-a-first-close,round_label,7b4c000fc5784ff316b7ea31538541b8ca1dc62c7ce6fbc909aaaf6c19272e78,https://news.mit.edu/2018/mit-newly-formed-company-launch-novel-approach-fusion-power-0309,,2026-10-05T18:56:13.026563+00:00,reported,completed its first round of venture financing with a total of $115 million
cfs-2018-03-eni-series-a-first-close:eni,participant,7b4c000fc5784ff316b7ea31538541b8ca1dc62c7ce6fbc909aaaf6c19272e78,https://news.mit.edu/2018/mit-newly-formed-company-launch-novel-approach-fusion-power-0309,,2026-10-05T18:56:13.026563+00:00,reported,it has attracted an investment of $50 million in support of this effort from the Italian energy company Eni
cfs-2019-06-series-a-115m,amount,01abccc9e70a22828ee246fc8231ee1f00d914d363803f37090d42cb9a63c5e1,https://www.axios.com/2019/06/28/commercial-fusion-systems-nuclear-fusion-series-a,,2026-10-05T18:56:16.319879+00:00,reported,raised $115 million in Series A funding
cfs-2019-06-series-a-115m,amount,713ca7162f8ccae2733f3ed3e0bed9656ea88d78a924c2a8ef1e2c6b4a7797ef,https://www.sec.gov/Archives/edgar/data/1744079/000174407919000002/primary_doc.xml,,2026-10-05T17:50:56.244911+00:00,disclosed,114999971 114999971 0 false 24
cfs-2019-06-series-a-115m,announced_on,01abccc9e70a22828ee246fc8231ee1f00d914d363803f37090d42cb9a63c5e1,https://www.axios.com/2019/06/28/commercial-fusion-systems-nuclear-fusion-series-a,,2026-10-05T18:56:16.319879+00:00,reported,"Jun 28, 2019"
cfs-2019-06-series-a-115m,round_label,01abccc9e70a22828ee246fc8231ee1f00d914d363803f37090d42cb9a63c5e1,https://www.axios.com/2019/06/28/commercial-fusion-systems-nuclear-fusion-series-a,,2026-10-05T18:56:16.319879+00:00,reported,raised $115 million in Series A funding
cfs-2019-06-series-a-115m:breakthrough-energy-ventures,participant,01abccc9e70a22828ee246fc8231ee1f00d914d363803f37090d42cb9a63c5e1,https://www.axios.com/2019/06/28/commercial-fusion-systems-nuclear-fusion-series-a,,2026-10-05T18:56:16.319879+00:00,reported,"Investors: Future Ventures, Khosla Ventures, Lowercase Capital, Moore Strategic Ventures, Safar Partners, Schooner Capital, Starlight Ventures, Breakthrough Energy Ventures, Eni and The Engine."
cfs-2019-06-series-a-115m:eni,participant,01abccc9e70a22828ee246fc8231ee1f00d914d363803f37090d42cb9a63c5e1,https://www.axios.com/2019/06/28/commercial-fusion-systems-nuclear-fusion-series-a,,2026-10-05T18:56:16.319879+00:00,reported,"Investors: Future Ventures, Khosla Ventures, Lowercase Capital, Moore Strategic Ventures, Safar Partners, Schooner Capital, Starlight Ventures, Breakthrough Energy Ventures, Eni and The Engine."
cfs-2019-06-series-a-115m:future-ventures,participant,01abccc9e70a22828ee246fc8231ee1f00d914d363803f37090d42cb9a63c5e1,https://www.axios.com/2019/06/28/commercial-fusion-systems-nuclear-fusion-series-a,,2026-10-05T18:56:16.319879+00:00,reported,"Investors: Future Ventures, Khosla Ventures, Lowercase Capital, Moore Strategic Ventures, Safar Partners, Schooner Capital, Starlight Ventures, Breakthrough Energy Ventures, Eni and The Engine."
cfs-2019-06-series-a-115m:khosla-ventures,participant,01abccc9e70a22828ee246fc8231ee1f00d914d363803f37090d42cb9a63c5e1,https://www.axios.com/2019/06/28/commercial-fusion-systems-nuclear-fusion-series-a,,2026-10-05T18:56:16.319879+00:00,reported,"Investors: Future Ventures, Khosla Ventures, Lowercase Capital, Moore Strategic Ventures, Safar Partners, Schooner Capital, Starlight Ventures, Breakthrough Energy Ventures, Eni and The Engine."
cfs-2019-06-series-a-115m:lowercarbon-capital,participant,01abccc9e70a22828ee246fc8231ee1f00d914d363803f37090d42cb9a63c5e1,https://www.axios.com/2019/06/28/commercial-fusion-systems-nuclear-fusion-series-a,,2026-10-05T18:56:16.319879+00:00,reported,"Investors: Future Ventures, Khosla Ventures, Lowercase Capital, Moore Strategic Ventures, Safar Partners, Schooner Capital, Starlight Ventures, Breakthrough Energy Ventures, Eni and The Engine."
cfs-2019-06-series-a-115m:moore-strategic-ventures,participant,01abccc9e70a22828ee246fc8231ee1f00d914d363803f37090d42cb9a63c5e1,https://www.axios.com/2019/06/28/commercial-fusion-systems-nuclear-fusion-series-a,,2026-10-05T18:56:16.319879+00:00,reported,"Investors: Future Ventures, Khosla Ventures, Lowercase Capital, Moore Strategic Ventures, Safar Partners, Schooner Capital, Starlight Ventures, Breakthrough Energy Ventures, Eni and The Engine."
cfs-2019-06-series-a-115m:safar-partners,participant,01abccc9e70a22828ee246fc8231ee1f00d914d363803f37090d42cb9a63c5e1,https://www.axios.com/2019/06/28/commercial-fusion-systems-nuclear-fusion-series-a,,2026-10-05T18:56:16.319879+00:00,reported,"Investors: Future Ventures, Khosla Ventures, Lowercase Capital, Moore Strategic Ventures, Safar Partners, Schooner Capital, Starlight Ventures, Breakthrough Energy Ventures, Eni and The Engine."
cfs-2019-06-series-a-115m:schooner-capital,participant,01abccc9e70a22828ee246fc8231ee1f00d914d363803f37090d42cb9a63c5e1,https://www.axios.com/2019/06/28/commercial-fusion-systems-nuclear-fusion-series-a,,2026-10-05T18:56:16.319879+00:00,reported,"Investors: Future Ventures, Khosla Ventures, Lowercase Capital, Moore Strategic Ventures, Safar Partners, Schooner Capital, Starlight Ventures, Breakthrough Energy Ventures, Eni and The Engine."
cfs-2019-06-series-a-115m:starlight-ventures,participant,01abccc9e70a22828ee246fc8231ee1f00d914d363803f37090d42cb9a63c5e1,https://www.axios.com/2019/06/28/commercial-fusion-systems-nuclear-fusion-series-a,,2026-10-05T18:56:16.319879+00:00,reported,"Investors: Future Ventures, Khosla Ventures, Lowercase Capital, Moore Strategic Ventures, Safar Partners, Schooner Capital, Starlight Ventures, Breakthrough Energy Ventures, Eni and The Engine."
cfs-2019-06-series-a-115m:the-engine,participant,01abccc9e70a22828ee246fc8231ee1f00d914d363803f37090d42cb9a63c5e1,https://www.axios.com/2019/06/28/commercial-fusion-systems-nuclear-fusion-series-a,,2026-10-05T18:56:16.319879+00:00,reported,"Investors: Future Ventures, Khosla Ventures, Lowercase Capital, Moore Strategic Ventures, Safar Partners, Schooner Capital, Starlight Ventures, Breakthrough Energy Ventures, Eni and The Engine."
cfs-2019-11-arpa-e-bethe,amount,22511ba1d2a1c5dadca7e35bb5fa522a391da465c4044bfee77a55300dcb6476,https://api.usaspending.gov/api/v2/awards/ASST_NON_DEAR0001259_089/,,2026-10-05T19:01:44.979306+00:00,disclosed,"""total_obligation"":1288316.58"
cfs-2019-11-arpa-e-bethe,announced_on,22511ba1d2a1c5dadca7e35bb5fa522a391da465c4044bfee77a55300dcb6476,https://api.usaspending.gov/api/v2/awards/ASST_NON_DEAR0001259_089/,,2026-10-05T19:01:44.979306+00:00,disclosed,"""date_signed"":""2020-09-28"""
cfs-2019-11-arpa-e-bethe,disbursed_usd,22511ba1d2a1c5dadca7e35bb5fa522a391da465c4044bfee77a55300dcb6476,https://api.usaspending.gov/api/v2/awards/ASST_NON_DEAR0001259_089/,,2026-10-05T19:01:44.979306+00:00,disclosed,"""total_outlay"":1199161.48"
cfs-2019-11-arpa-e-bethe,obligated_usd,22511ba1d2a1c5dadca7e35bb5fa522a391da465c4044bfee77a55300dcb6476,https://api.usaspending.gov/api/v2/awards/ASST_NON_DEAR0001259_089/,,2026-10-05T19:01:44.979306+00:00,disclosed,"""total_obligation"":1288316.58"
cfs-2019-11-arpa-e-bethe,program_release_date,541c9d053c1aa1be4f99879ad9b0d4e9026a5a46d142c80ac83f6a2c188e20a5,https://arpa-e.energy.gov/JSONAPI/custom/index/project?page%5Boffset%5D=450&page%5Blimit%5D=50,,2026-10-05T18:02:26.500243+00:00,disclosed,"""award"":""2,390,000"",""release_date"":""Nov 07 2019"",""location"":""Cambridge, MA"""
cfs-2019-11-arpa-e-bethe,round_label,541c9d053c1aa1be4f99879ad9b0d4e9026a5a46d142c80ac83f6a2c188e20a5,https://arpa-e.energy.gov/JSONAPI/custom/index/project?page%5Boffset%5D=450&page%5Blimit%5D=50,,2026-10-05T18:02:26.500243+00:00,disclosed,"""acronym"":""Breakthroughs Enabling THermonuclear-fusion Energy"""
cfs-2019-11-arpa-e-bethe,selection_amount,541c9d053c1aa1be4f99879ad9b0d4e9026a5a46d142c80ac83f6a2c188e20a5,https://arpa-e.energy.gov/JSONAPI/custom/index/project?page%5Boffset%5D=450&page%5Blimit%5D=50,,2026-10-05T18:02:26.500243+00:00,disclosed,"""award"":""2,390,000"",""release_date"":""Nov 07 2019"",""location"":""Cambridge, MA"""
cfs-2019-11-arpa-e-bethe:arpa-e,participant,541c9d053c1aa1be4f99879ad9b0d4e9026a5a46d142c80ac83f6a2c188e20a5,https://arpa-e.energy.gov/JSONAPI/custom/index/project?page%5Boffset%5D=450&page%5Blimit%5D=50,,2026-10-05T18:02:26.500243+00:00,disclosed,"""acronym"":""Breakthroughs Enabling THermonuclear-fusion Energy"""
cfs-2020-05-form-d-round,amount,606e36e58cfa4a988e35406722e1d9364319cf9943593efe17c689e2bdcf434d,https://www.sec.gov/Archives/edgar/data/1744079/000174407920000001/primary_doc.xml,,2026-10-05T17:50:54.934629+00:00,disclosed,100000004 80600007 19399997 false 23
cfs-2020-05-form-d-round,announced_on,606e36e58cfa4a988e35406722e1d9364319cf9943593efe17c689e2bdcf434d,https://www.sec.gov/Archives/edgar/data/1744079/000174407920000001/primary_doc.xml,,2026-10-05T17:50:54.934629+00:00,disclosed,Robert Mumgaard President 2020-05-26
cfs-2020-05-form-d-round,round_label,606e36e58cfa4a988e35406722e1d9364319cf9943593efe17c689e2bdcf434d,https://www.sec.gov/Archives/edgar/data/1744079/000174407920000001/primary_doc.xml,,2026-10-05T17:50:54.934629+00:00,disclosed,2020-05-11 false true false 0 100000004
cfs-2021-09-doe-sc-desc0021623,amount,ee561537b2afd23d3c4a43a8ebb7dfb4c9acb939f106814b0f8f5feb5a7ebe22,https://api.usaspending.gov/api/v2/awards/ASST_NON_DESC0021623_089/,,2026-10-05T19:01:40.269831+00:00,disclosed,"""total_obligation"":1537791.0"
cfs-2021-09-doe-sc-desc0021623,announced_on,ee561537b2afd23d3c4a43a8ebb7dfb4c9acb939f106814b0f8f5feb5a7ebe22,https://api.usaspending.gov/api/v2/awards/ASST_NON_DESC0021623_089/,,2026-10-05T19:01:40.269831+00:00,disclosed,"""date_signed"":""2021-09-24"""
cfs-2021-09-doe-sc-desc0021623,disbursed_usd,ee561537b2afd23d3c4a43a8ebb7dfb4c9acb939f106814b0f8f5feb5a7ebe22,https://api.usaspending.gov/api/v2/awards/ASST_NON_DESC0021623_089/,,2026-10-05T19:01:40.269831+00:00,disclosed,"""total_outlay"":1537791.0"
cfs-2021-09-doe-sc-desc0021623,obligated_usd,ee561537b2afd23d3c4a43a8ebb7dfb4c9acb939f106814b0f8f5feb5a7ebe22,https://api.usaspending.gov/api/v2/awards/ASST_NON_DESC0021623_089/,,2026-10-05T19:01:40.269831+00:00,disclosed,"""total_obligation"":1537791.0"
cfs-2021-09-doe-sc-desc0021623,round_label,ee561537b2afd23d3c4a43a8ebb7dfb4c9acb939f106814b0f8f5feb5a7ebe22,https://api.usaspending.gov/api/v2/awards/ASST_NON_DESC0021623_089/,,2026-10-05T19:01:40.269831+00:00,disclosed,"""fain"":""DESC0021623"""
cfs-2021-09-doe-sc-desc0021623:doe-fes,participant,ee561537b2afd23d3c4a43a8ebb7dfb4c9acb939f106814b0f8f5feb5a7ebe22,https://api.usaspending.gov/api/v2/awards/ASST_NON_DESC0021623_089/,,2026-10-05T19:01:40.269831+00:00,disclosed,"""fain"":""DESC0021623"""
cfs-2021-11-series-b-1-8b,amount,447852a1bcae678f2f0efdc3ed9a6f89208ab0f1098176f375228137457f9c30,https://www.sec.gov/Archives/edgar/data/1744079/000174407921000001/primary_doc.xml,,2026-10-05T17:50:53.640500+00:00,disclosed,1816074299 1816074299 0 false 72
cfs-2021-11-series-b-1-8b,amount,f5292e32d44f669d501de6d71472b98519c48b31b442f6ee0204127c72c6ebcf,https://web.archive.org/web/2/https://cfs.energy/news-and-media/commonwealth-fusion-systems-raises-863-million-series-b2-round-to-accelerate-the-commercialization-of-fusion-energy/,https://cfs.energy/news-and-media/commonwealth-fusion-systems-raises-863-million-series-b2-round-to-accelerate-the-commercialization-of-fusion-energy/,2026-10-05T18:49:16.689386+00:00,disclosed,CFS’ $1.8 billion Series B round in 2021
cfs-2021-11-series-b-1-8b,amount,4cbd60fd71d345b4e2973e98cd5649d67e517b4424bc1bfde368029de31091b5,https://techcrunch.com/2026/08/15/every-fusion-startup-that-has-raised-over-100m/,,2026-10-05T18:02:21.099702+00:00,reported,CFS catapulted into the lead in 2021 with a $1.8 billion Series B.
cfs-2021-11-series-b-1-8b,announced_on,447852a1bcae678f2f0efdc3ed9a6f89208ab0f1098176f375228137457f9c30,https://www.sec.gov/Archives/edgar/data/1744079/000174407921000001/primary_doc.xml,,2026-10-05T17:50:53.640500+00:00,disclosed,Robert Mumgaard President 2021-12-02
cfs-2021-11-series-b-1-8b,round_label,f5292e32d44f669d501de6d71472b98519c48b31b442f6ee0204127c72c6ebcf,https://web.archive.org/web/2/https://cfs.energy/news-and-media/commonwealth-fusion-systems-raises-863-million-series-b2-round-to-accelerate-the-commercialization-of-fusion-energy/,https://cfs.energy/news-and-media/commonwealth-fusion-systems-raises-863-million-series-b2-round-to-accelerate-the-commercialization-of-fusion-energy/,2026-10-05T18:49:16.689386+00:00,disclosed,CFS’ $1.8 billion Series B round in 2021
cfs-2023-05-doe-milestone-program,announced_on,84c735909b3db548666698b268e4a8d6763bbeb60fb4fa506cffaf72107d1fa6,https://www.ans.org/news/article-5062/doe-picks-eight-fusion-companies-to-design-pilot-power-plants/,,2026-10-05T18:56:33.685510+00:00,reported,The DOE announced awards totaling $46 million for an initial 18 months of work on May 31.
cfs-2023-05-doe-milestone-program,round_label,69b6dcec82c9dff9e92b6cb0b2745b6c2fd638b087c2a924c6554ee30662f301,https://www.energy.gov/articles/us-department-energy-announces-selectees-107-million-fusion-innovation-research-engine,,2026-10-05T17:59:15.755855+00:00,disclosed,"The other Milestone awardees are Commonwealth Fusion Systems, Tokamak Energy, Type One Energy, Xcimer Energy, and Zap Energy"
cfs-2023-05-doe-milestone-program:doe-fes,participant,84c735909b3db548666698b268e4a8d6763bbeb60fb4fa506cffaf72107d1fa6,https://www.ans.org/news/article-5062/doe-picks-eight-fusion-companies-to-design-pilot-power-plants/,,2026-10-05T18:56:33.685510+00:00,reported,the Department of Energy has selected eight companies for the public-private Milestone-Based Fusion Development Program
cfs-2025-08-series-b2-863m,amount,f5292e32d44f669d501de6d71472b98519c48b31b442f6ee0204127c72c6ebcf,https://web.archive.org/web/2/https://cfs.energy/news-and-media/commonwealth-fusion-systems-raises-863-million-series-b2-round-to-accelerate-the-commercialization-of-fusion-energy/,https://cfs.energy/news-and-media/commonwealth-fusion-systems-raises-863-million-series-b2-round-to-accelerate-the-commercialization-of-fusion-energy/,2026-10-05T18:49:16.689386+00:00,disclosed,today announced that it raised $863 million in a Series B2 fundraising round
cfs-2025-08-series-b2-863m,amount,46b250747a4734330dd39d3e2ad8597f9c4feb9aae73c93556fae4f2c5d3ba29,https://techcrunch.com/2025/08/28/nvidia-google-and-bill-gates-help-commonwealth-fusion-systems-raise-863m/,,2026-10-05T18:53:03.883462+00:00,reported,Fusion power startup Commonwealth Fusion Systems has raised $863 million from a long list of investors
cfs-2025-08-series-b2-863m,amount,a829c99105e5b6516bc2aa1bf6a402e1bac53d79b9af822acad27963f36dda80,https://www.latitudemedia.com/news/commonwealth-fusion-systems-tops-up-its-series-b-with-863-million/,,2026-10-05T18:56:20.708916+00:00,reported,"The startup raised a $863 million Series B2 round, it announced this week."
cfs-2025-08-series-b2-863m,announced_on,f5292e32d44f669d501de6d71472b98519c48b31b442f6ee0204127c72c6ebcf,https://web.archive.org/web/2/https://cfs.energy/news-and-media/commonwealth-fusion-systems-raises-863-million-series-b2-round-to-accelerate-the-commercialization-of-fusion-energy/,https://cfs.energy/news-and-media/commonwealth-fusion-systems-raises-863-million-series-b2-round-to-accelerate-the-commercialization-of-fusion-energy/,2026-10-05T18:49:16.689386+00:00,disclosed,"DEVENS, Mass. (Aug. 28, 2025)"
cfs-2025-08-series-b2-863m,announced_on,46b250747a4734330dd39d3e2ad8597f9c4feb9aae73c93556fae4f2c5d3ba29,https://techcrunch.com/2025/08/28/nvidia-google-and-bill-gates-help-commonwealth-fusion-systems-raise-863m/,,2026-10-05T18:53:03.883462+00:00,reported,"August 28, 2025"
cfs-2025-08-series-b2-863m,lead,46b250747a4734330dd39d3e2ad8597f9c4feb9aae73c93556fae4f2c5d3ba29,https://techcrunch.com/2025/08/28/nvidia-google-and-bill-gates-help-commonwealth-fusion-systems-raise-863m/,,2026-10-05T18:53:03.883462+00:00,reported,No single investor led the round
cfs-2025-08-series-b2-863m,round_label,f5292e32d44f669d501de6d71472b98519c48b31b442f6ee0204127c72c6ebcf,https://web.archive.org/web/2/https://cfs.energy/news-and-media/commonwealth-fusion-systems-raises-863-million-series-b2-round-to-accelerate-the-commercialization-of-fusion-energy/,https://cfs.energy/news-and-media/commonwealth-fusion-systems-raises-863-million-series-b2-round-to-accelerate-the-commercialization-of-fusion-energy/,2026-10-05T18:49:16.689386+00:00,disclosed,today announced that it raised $863 million in a Series B2 fundraising round
cfs-2025-08-series-b2-863m,use_of_proceeds,f5292e32d44f669d501de6d71472b98519c48b31b442f6ee0204127c72c6ebcf,https://web.archive.org/web/2/https://cfs.energy/news-and-media/commonwealth-fusion-systems-raises-863-million-series-b2-round-to-accelerate-the-commercialization-of-fusion-energy/,https://cfs.energy/news-and-media/commonwealth-fusion-systems-raises-863-million-series-b2-round-to-accelerate-the-commercialization-of-fusion-energy/,2026-10-05T18:49:16.689386+00:00,disclosed,"CFS will use the funds to complete SPARC , its fusion demonstration machine, and progress on development work on its first ARC power plant in Virginia."
cfs-2025-08-series-b2-863m:alphabet,participant,f5292e32d44f669d501de6d71472b98519c48b31b442f6ee0204127c72c6ebcf,https://web.archive.org/web/2/https://cfs.energy/news-and-media/commonwealth-fusion-systems-raises-863-million-series-b2-round-to-accelerate-the-commercialization-of-fusion-energy/,https://cfs.energy/news-and-media/commonwealth-fusion-systems-raises-863-million-series-b2-round-to-accelerate-the-commercialization-of-fusion-energy/,2026-10-05T18:49:16.689386+00:00,disclosed,Breakthrough Energy Ventures; Emerson Collective; Eni; Future Ventures; Gates Frontier; Google;
cfs-2025-08-series-b2-863m:bill-gates,participant,f5292e32d44f669d501de6d71472b98519c48b31b442f6ee0204127c72c6ebcf,https://web.archive.org/web/2/https://cfs.energy/news-and-media/commonwealth-fusion-systems-raises-863-million-series-b2-round-to-accelerate-the-commercialization-of-fusion-energy/,https://cfs.energy/news-and-media/commonwealth-fusion-systems-raises-863-million-series-b2-round-to-accelerate-the-commercialization-of-fusion-energy/,2026-10-05T18:49:16.689386+00:00,disclosed,Breakthrough Energy Ventures; Emerson Collective; Eni; Future Ventures; Gates Frontier; Google;
cfs-2025-08-series-b2-863m:breakthrough-energy-ventures,participant,f5292e32d44f669d501de6d71472b98519c48b31b442f6ee0204127c72c6ebcf,https://web.archive.org/web/2/https://cfs.energy/news-and-media/commonwealth-fusion-systems-raises-863-million-series-b2-round-to-accelerate-the-commercialization-of-fusion-energy/,https://cfs.energy/news-and-media/commonwealth-fusion-systems-raises-863-million-series-b2-round-to-accelerate-the-commercialization-of-fusion-energy/,2026-10-05T18:49:16.689386+00:00,disclosed,Breakthrough Energy Ventures; Emerson Collective; Eni; Future Ventures; Gates Frontier; Google;
cfs-2025-08-series-b2-863m:brevan-howard,participant,f5292e32d44f669d501de6d71472b98519c48b31b442f6ee0204127c72c6ebcf,https://web.archive.org/web/2/https://cfs.energy/news-and-media/commonwealth-fusion-systems-raises-863-million-series-b2-round-to-accelerate-the-commercialization-of-fusion-energy/,https://cfs.energy/news-and-media/commonwealth-fusion-systems-raises-863-million-series-b2-round-to-accelerate-the-commercialization-of-fusion-energy/,2026-10-05T18:49:16.689386+00:00,disclosed,Brevan Howard Macro Venture Fund; Counterpoint Global (Morgan Stanley);
cfs-2025-08-series-b2-863m:counterpoint-global,participant,f5292e32d44f669d501de6d71472b98519c48b31b442f6ee0204127c72c6ebcf,https://web.archive.org/web/2/https://cfs.energy/news-and-media/commonwealth-fusion-systems-raises-863-million-series-b2-round-to-accelerate-the-commercialization-of-fusion-energy/,https://cfs.energy/news-and-media/commonwealth-fusion-systems-raises-863-million-series-b2-round-to-accelerate-the-commercialization-of-fusion-energy/,2026-10-05T18:49:16.689386+00:00,disclosed,Counterpoint Global (Morgan Stanley);
cfs-2025-08-series-b2-863m:emerson-collective,participant,f5292e32d44f669d501de6d71472b98519c48b31b442f6ee0204127c72c6ebcf,https://web.archive.org/web/2/https://cfs.energy/news-and-media/commonwealth-fusion-systems-raises-863-million-series-b2-round-to-accelerate-the-commercialization-of-fusion-energy/,https://cfs.energy/news-and-media/commonwealth-fusion-systems-raises-863-million-series-b2-round-to-accelerate-the-commercialization-of-fusion-energy/,2026-10-05T18:49:16.689386+00:00,disclosed,Breakthrough Energy Ventures; Emerson Collective; Eni; Future Ventures; Gates Frontier; Google;
cfs-2025-08-series-b2-863m:eni,participant,f5292e32d44f669d501de6d71472b98519c48b31b442f6ee0204127c72c6ebcf,https://web.archive.org/web/2/https://cfs.energy/news-and-media/commonwealth-fusion-systems-raises-863-million-series-b2-round-to-accelerate-the-commercialization-of-fusion-energy/,https://cfs.energy/news-and-media/commonwealth-fusion-systems-raises-863-million-series-b2-round-to-accelerate-the-commercialization-of-fusion-energy/,2026-10-05T18:49:16.689386+00:00,disclosed,Breakthrough Energy Ventures; Emerson Collective; Eni; Future Ventures; Gates Frontier; Google;
cfs-2025-08-series-b2-863m:eric-schmidt,participant,f5292e32d44f669d501de6d71472b98519c48b31b442f6ee0204127c72c6ebcf,https://web.archive.org/web/2/https://cfs.energy/news-and-media/commonwealth-fusion-systems-raises-863-million-series-b2-round-to-accelerate-the-commercialization-of-fusion-energy/,https://cfs.energy/news-and-media/commonwealth-fusion-systems-raises-863-million-series-b2-round-to-accelerate-the-commercialization-of-fusion-energy/,2026-10-05T18:49:16.689386+00:00,disclosed,"Safar Partners; Eric Schmidt, former CEO of Google; Starlight Ventures; Tiger Global;"
cfs-2025-08-series-b2-863m:ffa-private-bank,participant,f5292e32d44f669d501de6d71472b98519c48b31b442f6ee0204127c72c6ebcf,https://web.archive.org/web/2/https://cfs.energy/news-and-media/commonwealth-fusion-systems-raises-863-million-series-b2-round-to-accelerate-the-commercialization-of-fusion-energy/,https://cfs.energy/news-and-media/commonwealth-fusion-systems-raises-863-million-series-b2-round-to-accelerate-the-commercialization-of-fusion-energy/,2026-10-05T18:49:16.689386+00:00,disclosed,FFA Private Bank (Dubai) Ltd.;
cfs-2025-08-series-b2-863m:future-ventures,participant,f5292e32d44f669d501de6d71472b98519c48b31b442f6ee0204127c72c6ebcf,https://web.archive.org/web/2/https://cfs.energy/news-and-media/commonwealth-fusion-systems-raises-863-million-series-b2-round-to-accelerate-the-commercialization-of-fusion-energy/,https://cfs.energy/news-and-media/commonwealth-fusion-systems-raises-863-million-series-b2-round-to-accelerate-the-commercialization-of-fusion-energy/,2026-10-05T18:49:16.689386+00:00,disclosed,Breakthrough Energy Ventures; Emerson Collective; Eni; Future Ventures; Gates Frontier; Google;
cfs-2025-08-series-b2-863m:galaxy-interactive,participant,f5292e32d44f669d501de6d71472b98519c48b31b442f6ee0204127c72c6ebcf,https://web.archive.org/web/2/https://cfs.energy/news-and-media/commonwealth-fusion-systems-raises-863-million-series-b2-round-to-accelerate-the-commercialization-of-fusion-energy/,https://cfs.energy/news-and-media/commonwealth-fusion-systems-raises-863-million-series-b2-round-to-accelerate-the-commercialization-of-fusion-energy/,2026-10-05T18:49:16.689386+00:00,disclosed,"Galaxy Interactive, a venture platform within Galaxy Digital Inc."
cfs-2025-08-series-b2-863m:gigascale-capital,participant,f5292e32d44f669d501de6d71472b98519c48b31b442f6ee0204127c72c6ebcf,https://web.archive.org/web/2/https://cfs.energy/news-and-media/commonwealth-fusion-systems-raises-863-million-series-b2-round-to-accelerate-the-commercialization-of-fusion-energy/,https://cfs.energy/news-and-media/commonwealth-fusion-systems-raises-863-million-series-b2-round-to-accelerate-the-commercialization-of-fusion-energy/,2026-10-05T18:49:16.689386+00:00,disclosed,Gigascale Capital; HOF Capital;
cfs-2025-08-series-b2-863m:hof-capital,participant,f5292e32d44f669d501de6d71472b98519c48b31b442f6ee0204127c72c6ebcf,https://web.archive.org/web/2/https://cfs.energy/news-and-media/commonwealth-fusion-systems-raises-863-million-series-b2-round-to-accelerate-the-commercialization-of-fusion-energy/,https://cfs.energy/news-and-media/commonwealth-fusion-systems-raises-863-million-series-b2-round-to-accelerate-the-commercialization-of-fusion-energy/,2026-10-05T18:49:16.689386+00:00,disclosed,Gigascale Capital; HOF Capital;
cfs-2025-08-series-b2-863m:hostplus,participant,f5292e32d44f669d501de6d71472b98519c48b31b442f6ee0204127c72c6ebcf,https://web.archive.org/web/2/https://cfs.energy/news-and-media/commonwealth-fusion-systems-raises-863-million-series-b2-round-to-accelerate-the-commercialization-of-fusion-energy/,https://cfs.energy/news-and-media/commonwealth-fusion-systems-raises-863-million-series-b2-round-to-accelerate-the-commercialization-of-fusion-energy/,2026-10-05T18:49:16.689386+00:00,disclosed,Hostplus Superannuation Fund; Khosla Ventures; Lowercarbon Capital;
cfs-2025-08-series-b2-863m:khosla-ventures,participant,f5292e32d44f669d501de6d71472b98519c48b31b442f6ee0204127c72c6ebcf,https://web.archive.org/web/2/https://cfs.energy/news-and-media/commonwealth-fusion-systems-raises-863-million-series-b2-round-to-accelerate-the-commercialization-of-fusion-energy/,https://cfs.energy/news-and-media/commonwealth-fusion-systems-raises-863-million-series-b2-round-to-accelerate-the-commercialization-of-fusion-energy/,2026-10-05T18:49:16.689386+00:00,disclosed,Hostplus Superannuation Fund; Khosla Ventures; Lowercarbon Capital;
cfs-2025-08-series-b2-863m:lowercarbon-capital,participant,f5292e32d44f669d501de6d71472b98519c48b31b442f6ee0204127c72c6ebcf,https://web.archive.org/web/2/https://cfs.energy/news-and-media/commonwealth-fusion-systems-raises-863-million-series-b2-round-to-accelerate-the-commercialization-of-fusion-energy/,https://cfs.energy/news-and-media/commonwealth-fusion-systems-raises-863-million-series-b2-round-to-accelerate-the-commercialization-of-fusion-energy/,2026-10-05T18:49:16.689386+00:00,disclosed,Hostplus Superannuation Fund; Khosla Ventures; Lowercarbon Capital;
cfs-2025-08-series-b2-863m:mitsui-mitsubishi-consortium,participant,f5292e32d44f669d501de6d71472b98519c48b31b442f6ee0204127c72c6ebcf,https://web.archive.org/web/2/https://cfs.energy/news-and-media/commonwealth-fusion-systems-raises-863-million-series-b2-round-to-accelerate-the-commercialization-of-fusion-energy/,https://cfs.energy/news-and-media/commonwealth-fusion-systems-raises-863-million-series-b2-round-to-accelerate-the-commercialization-of-fusion-energy/,2026-10-05T18:49:16.689386+00:00,disclosed,"A consortium of 12 Japanese companies led by MITSUI & CO., Ltd. and Mitsubishi Corp. also participated."
cfs-2025-08-series-b2-863m:neva-sgr,participant,f5292e32d44f669d501de6d71472b98519c48b31b442f6ee0204127c72c6ebcf,https://web.archive.org/web/2/https://cfs.energy/news-and-media/commonwealth-fusion-systems-raises-863-million-series-b2-round-to-accelerate-the-commercialization-of-fusion-energy/,https://cfs.energy/news-and-media/commonwealth-fusion-systems-raises-863-million-series-b2-round-to-accelerate-the-commercialization-of-fusion-energy/,2026-10-05T18:49:16.689386+00:00,disclosed,Neva SGR (Intesa Sanpaolo Bank)
cfs-2025-08-series-b2-863m:nventures,participant,f5292e32d44f669d501de6d71472b98519c48b31b442f6ee0204127c72c6ebcf,https://web.archive.org/web/2/https://cfs.energy/news-and-media/commonwealth-fusion-systems-raises-863-million-series-b2-round-to-accelerate-the-commercialization-of-fusion-energy/,https://cfs.energy/news-and-media/commonwealth-fusion-systems-raises-863-million-series-b2-round-to-accelerate-the-commercialization-of-fusion-energy/,2026-10-05T18:49:16.689386+00:00,disclosed,NVentures (NVIDIA’s venture capital arm)
cfs-2025-08-series-b2-863m:planet-first-partners,participant,f5292e32d44f669d501de6d71472b98519c48b31b442f6ee0204127c72c6ebcf,https://web.archive.org/web/2/https://cfs.energy/news-and-media/commonwealth-fusion-systems-raises-863-million-series-b2-round-to-accelerate-the-commercialization-of-fusion-energy/,https://cfs.energy/news-and-media/commonwealth-fusion-systems-raises-863-million-series-b2-round-to-accelerate-the-commercialization-of-fusion-energy/,2026-10-05T18:49:16.689386+00:00,disclosed,Planet First Partners;
cfs-2025-08-series-b2-863m:safar-partners,participant,f5292e32d44f669d501de6d71472b98519c48b31b442f6ee0204127c72c6ebcf,https://web.archive.org/web/2/https://cfs.energy/news-and-media/commonwealth-fusion-systems-raises-863-million-series-b2-round-to-accelerate-the-commercialization-of-fusion-energy/,https://cfs.energy/news-and-media/commonwealth-fusion-systems-raises-863-million-series-b2-round-to-accelerate-the-commercialization-of-fusion-energy/,2026-10-05T18:49:16.689386+00:00,disclosed,"Safar Partners; Eric Schmidt, former CEO of Google; Starlight Ventures; Tiger Global;"
cfs-2025-08-series-b2-863m:stanley-druckenmiller,participant,f5292e32d44f669d501de6d71472b98519c48b31b442f6ee0204127c72c6ebcf,https://web.archive.org/web/2/https://cfs.energy/news-and-media/commonwealth-fusion-systems-raises-863-million-series-b2-round-to-accelerate-the-commercialization-of-fusion-energy/,https://cfs.energy/news-and-media/commonwealth-fusion-systems-raises-863-million-series-b2-round-to-accelerate-the-commercialization-of-fusion-energy/,2026-10-05T18:49:16.689386+00:00,disclosed,Counterpoint Global (Morgan Stanley); Stanley Druckenmiller;
cfs-2025-08-series-b2-863m:starlight-ventures,participant,f5292e32d44f669d501de6d71472b98519c48b31b442f6ee0204127c72c6ebcf,https://web.archive.org/web/2/https://cfs.energy/news-and-media/commonwealth-fusion-systems-raises-863-million-series-b2-round-to-accelerate-the-commercialization-of-fusion-energy/,https://cfs.energy/news-and-media/commonwealth-fusion-systems-raises-863-million-series-b2-round-to-accelerate-the-commercialization-of-fusion-energy/,2026-10-05T18:49:16.689386+00:00,disclosed,"Safar Partners; Eric Schmidt, former CEO of Google; Starlight Ventures; Tiger Global;"
cfs-2025-08-series-b2-863m:tiger-global,participant,f5292e32d44f669d501de6d71472b98519c48b31b442f6ee0204127c72c6ebcf,https://web.archive.org/web/2/https://cfs.energy/news-and-media/commonwealth-fusion-systems-raises-863-million-series-b2-round-to-accelerate-the-commercialization-of-fusion-energy/,https://cfs.energy/news-and-media/commonwealth-fusion-systems-raises-863-million-series-b2-round-to-accelerate-the-commercialization-of-fusion-energy/,2026-10-05T18:49:16.689386+00:00,disclosed,"Safar Partners; Eric Schmidt, former CEO of Google; Starlight Ventures; Tiger Global;"
cfs-2025-08-series-b2-863m:woori-technology,participant,f5292e32d44f669d501de6d71472b98519c48b31b442f6ee0204127c72c6ebcf,https://web.archive.org/web/2/https://cfs.energy/news-and-media/commonwealth-fusion-systems-raises-863-million-series-b2-round-to-accelerate-the-commercialization-of-fusion-energy/,https://cfs.energy/news-and-media/commonwealth-fusion-systems-raises-863-million-series-b2-round-to-accelerate-the-commercialization-of-fusion-energy/,2026-10-05T18:49:16.689386+00:00,disclosed,Woori Venture Partners US;
cfs-2026-02-ma-business-builds-grant,amount,c158c9969060a73ddb98546080617482703a088435d3f14b2b3c7c991b585e56,https://www.bostonherald.com/2026/02/11/healey-admin-announces-4-45m-manufacturing-investment-to-create-90-jobs/,,2026-10-05T18:56:24.760994+00:00,reported,"Commonwealth Fusion Systems will receive the largest grant at $2.5 million, the state said"
cfs-2026-02-ma-business-builds-grant,announced_on,c158c9969060a73ddb98546080617482703a088435d3f14b2b3c7c991b585e56,https://www.bostonherald.com/2026/02/11/healey-admin-announces-4-45m-manufacturing-investment-to-create-90-jobs/,,2026-10-05T18:56:24.760994+00:00,reported,"Updated: February 11, 2026"
cfs-2026-02-ma-business-builds-grant,round_label,c158c9969060a73ddb98546080617482703a088435d3f14b2b3c7c991b585e56,https://www.bostonherald.com/2026/02/11/healey-admin-announces-4-45m-manufacturing-investment-to-create-90-jobs/,,2026-10-05T18:56:24.760994+00:00,reported,through the Business Builds Capital Grant Program
cfs-2026-02-ma-business-builds-grant,use_of_proceeds,c158c9969060a73ddb98546080617482703a088435d3f14b2b3c7c991b585e56,https://www.bostonherald.com/2026/02/11/healey-admin-announces-4-45m-manufacturing-investment-to-create-90-jobs/,,2026-10-05T18:56:24.760994+00:00,reported,install high energy and high-density battery storage systems and complete construction of the SPARC facility
cfs-2026-02-ma-business-builds-grant:ma-business-builds,participant,c158c9969060a73ddb98546080617482703a088435d3f14b2b3c7c991b585e56,https://www.bostonherald.com/2026/02/11/healey-admin-announces-4-45m-manufacturing-investment-to-create-90-jobs/,,2026-10-05T18:56:24.760994+00:00,reported,the Healey-Driscoll administration announced Wednesday
cfs-2026-06-plynth-energy-stake,announced_on,cf171e1e3ec6ab6a216e8b0733bd19cf096572a29754a3d5a442e206db92d86f,https://web.archive.org/web/2/https://cfs.energy/news-and-media/commonwealth-fusion-systems-announces-equity-investment-by-abu-dhabi-based-plynth-energy/,https://cfs.energy/news-and-media/commonwealth-fusion-systems-announces-equity-investment-by-abu-dhabi-based-plynth-energy/,2026-10-05T18:49:25.898336+00:00,disclosed,"DEVENS, Mass. (June 11, 2026)"
cfs-2026-06-plynth-energy-stake,round_label,cf171e1e3ec6ab6a216e8b0733bd19cf096572a29754a3d5a442e206db92d86f,https://web.archive.org/web/2/https://cfs.energy/news-and-media/commonwealth-fusion-systems-announces-equity-investment-by-abu-dhabi-based-plynth-energy/,https://cfs.energy/news-and-media/commonwealth-fusion-systems-announces-equity-investment-by-abu-dhabi-based-plynth-energy/,2026-10-05T18:49:25.898336+00:00,disclosed,"Plynth Energy, an Abu Dhabi government-owned early-stage fund, acquired a minority stake in CFS"
cfs-2026-06-plynth-energy-stake:plynth-energy,participant,cf171e1e3ec6ab6a216e8b0733bd19cf096572a29754a3d5a442e206db92d86f,https://web.archive.org/web/2/https://cfs.energy/news-and-media/commonwealth-fusion-systems-announces-equity-investment-by-abu-dhabi-based-plynth-energy/,https://cfs.energy/news-and-media/commonwealth-fusion-systems-announces-equity-investment-by-abu-dhabi-based-plynth-energy/,2026-10-05T18:49:25.898336+00:00,disclosed,"Plynth Energy, an Abu Dhabi government-owned early-stage fund, acquired a minority stake in CFS"
cfs-2026-07-additional-equity-1b,amount,b65c8a2efdee4f115f7043edafd8f3e93232e444a83e8e9a3c2ca9db3056abf3,https://web.archive.org/web/2/https://cfs.energy/news-and-media/commonwealth-fusion-systems-raises-another-1-billion-bringing-total-capital-raised-to-4-billion/,https://cfs.energy/news-and-media/commonwealth-fusion-systems-raises-another-1-billion-bringing-total-capital-raised-to-4-billion/,2026-10-05T18:49:20.045311+00:00,disclosed,today announced that it raised $1 billion of additional equity financing
cfs-2026-07-additional-equity-1b,amount,e13e3020a70b02f7a388b1a908ef51fadebad3ca2dbd02a6330327870e8e6610,https://techcrunch.com/2026/07/30/fusion-power-darling-commonwealth-fusion-systems-raises-another-1b/,,2026-10-05T18:53:06.960133+00:00,reported,CFS announced Thursday that it raised $1 billion in a new round
cfs-2026-07-additional-equity-1b,amount,60e4b350a161bd22e3cc1727749db8854f8aaac39222f24ec4ba3c252417cddc,https://richmondbizsense.com/2026/07/30/commonwealth-fusion-secures-1b-capital-raise-to-set-stage-for-chesterfield-power-plant/,,2026-10-05T18:56:31.781481+00:00,reported,has secured $1 billion in equity financing in its latest capital raise
cfs-2026-07-additional-equity-1b,announced_on,b65c8a2efdee4f115f7043edafd8f3e93232e444a83e8e9a3c2ca9db3056abf3,https://web.archive.org/web/2/https://cfs.energy/news-and-media/commonwealth-fusion-systems-raises-another-1-billion-bringing-total-capital-raised-to-4-billion/,https://cfs.energy/news-and-media/commonwealth-fusion-systems-raises-another-1-billion-bringing-total-capital-raised-to-4-billion/,2026-10-05T18:49:20.045311+00:00,disclosed,"DEVENS, Mass. (July 30, 2026)"
cfs-2026-07-additional-equity-1b,round_label,b65c8a2efdee4f115f7043edafd8f3e93232e444a83e8e9a3c2ca9db3056abf3,https://web.archive.org/web/2/https://cfs.energy/news-and-media/commonwealth-fusion-systems-raises-another-1-billion-bringing-total-capital-raised-to-4-billion/,https://cfs.energy/news-and-media/commonwealth-fusion-systems-raises-another-1-billion-bringing-total-capital-raised-to-4-billion/,2026-10-05T18:49:20.045311+00:00,disclosed,today announced that it raised $1 billion of additional equity financing
cfs-2026-07-additional-equity-1b,use_of_proceeds,b65c8a2efdee4f115f7043edafd8f3e93232e444a83e8e9a3c2ca9db3056abf3,https://web.archive.org/web/2/https://cfs.energy/news-and-media/commonwealth-fusion-systems-raises-another-1-billion-bringing-total-capital-raised-to-4-billion/,https://cfs.energy/news-and-media/commonwealth-fusion-systems-raises-another-1-billion-bringing-total-capital-raised-to-4-billion/,2026-10-05T18:49:20.045311+00:00,disclosed,CFS will use the funds raised to further accelerate its progress to commercialization.
cfs-2026-07-additional-equity-1b:hd-hyundai,participant,f7f43ea73956f737d33afc897bb1f0e3c0975724b5f0b3e28696723b76e577f7,https://web.archive.org/web/2/https://cfs.energy/news-and-media/commonwealth-fusion-systems-announces-equity-investment-by-hyundai-motor-group/,https://cfs.energy/news-and-media/commonwealth-fusion-systems-announces-equity-investment-by-hyundai-motor-group/,2026-10-05T18:49:22.764893+00:00,disclosed,Hyundai Motor Group (HMG) became an investor during the company’s recent $1 billion fundraise
cfs-2026-07-cumulative-4b,amount,b65c8a2efdee4f115f7043edafd8f3e93232e444a83e8e9a3c2ca9db3056abf3,https://web.archive.org/web/2/https://cfs.energy/news-and-media/commonwealth-fusion-systems-raises-another-1-billion-bringing-total-capital-raised-to-4-billion/,https://cfs.energy/news-and-media/commonwealth-fusion-systems-raises-another-1-billion-bringing-total-capital-raised-to-4-billion/,2026-10-05T18:49:20.045311+00:00,disclosed,The company has raised $4 billion in capital since it was founded in 2018.
cfs-2026-07-cumulative-4b,amount,4cbd60fd71d345b4e2973e98cd5649d67e517b4424bc1bfde368029de31091b5,https://techcrunch.com/2026/08/15/every-fusion-startup-that-has-raised-over-100m/,,2026-10-05T18:02:21.099702+00:00,reported,"bringing its total raised to $3.94 billion, according to FusionX"
cfs-2026-07-cumulative-4b,announced_on,b65c8a2efdee4f115f7043edafd8f3e93232e444a83e8e9a3c2ca9db3056abf3,https://web.archive.org/web/2/https://cfs.energy/news-and-media/commonwealth-fusion-systems-raises-another-1-billion-bringing-total-capital-raised-to-4-billion/,https://cfs.energy/news-and-media/commonwealth-fusion-systems-raises-another-1-billion-bringing-total-capital-raised-to-4-billion/,2026-10-05T18:49:20.045311+00:00,disclosed,"DEVENS, Mass. (July 30, 2026)"
cfs-dominion-arc-site,agreement,4738b738548cef4aaa4dd253ecaa2452c420018f311d78504ba06614a719947a,https://techcrunch.com/2024/12/17/commonwealth-fusion-systems-just-picked-its-first-commercial-site-partly-because-of-its-proximity-to-washington-d-c/,,2026-10-05T18:53:15.319966+00:00,reported,"CFS is leasing the land for Arc from Dominion, though apart from that, no money is changing hands between the two partners."
cfs-eni-arc-ppa,agreement,a772b7b9342a38a5b9a1a45ceac7a4e162c3d7a4b2bd28f4aaebb899c492f978,https://techcrunch.com/2025/09/22/commonwealth-fusion-systems-books-a-1b-power-deal-for-its-future-fusion-reactor/,,2026-10-05T18:53:09.627719+00:00,reported,Commonwealth Fusion Systems has agreed to sell Italian energy company Eni more than $1 billion worth of power from its first fusion reactor.
cfs-eni-arc-ppa,agreement,b65c8a2efdee4f115f7043edafd8f3e93232e444a83e8e9a3c2ca9db3056abf3,https://web.archive.org/web/2/https://cfs.energy/news-and-media/commonwealth-fusion-systems-raises-another-1-billion-bringing-total-capital-raised-to-4-billion/,https://cfs.energy/news-and-media/commonwealth-fusion-systems-raises-another-1-billion-bringing-total-capital-raised-to-4-billion/,2026-10-05T18:49:20.045311+00:00,disclosed,"Google and Eni , two investors in CFS that also signed power purchase agreements (PPAs) to buy more than half the power the plant will produce"
cfs-google-arc-ppa,agreement,8b5df6aa301781c9326f777b0fb01b4c2967f3020ddd17919256bff92e15bc03,https://techcrunch.com/2025/06/30/google-inks-its-first-fusion-power-deal-with-commonwealth-fusion-systems/,,2026-10-05T18:53:12.312041+00:00,reported,Commonwealth Fusion Systems (CFS) will send Google 200 megawatts of electricity from its Arc power plant
cfs-google-arc-ppa,agreement,b65c8a2efdee4f115f7043edafd8f3e93232e444a83e8e9a3c2ca9db3056abf3,https://web.archive.org/web/2/https://cfs.energy/news-and-media/commonwealth-fusion-systems-raises-another-1-billion-bringing-total-capital-raised-to-4-billion/,https://cfs.energy/news-and-media/commonwealth-fusion-systems-raises-another-1-billion-bringing-total-capital-raised-to-4-billion/,2026-10-05T18:49:20.045311+00:00,disclosed,"Google and Eni , two investors in CFS that also signed power purchase agreements (PPAs) to buy more than half the power the plant will produce"
cfs-hyundai-partnership,agreement,f7f43ea73956f737d33afc897bb1f0e3c0975724b5f0b3e28696723b76e577f7,https://web.archive.org/web/2/https://cfs.energy/news-and-media/commonwealth-fusion-systems-announces-equity-investment-by-hyundai-motor-group/,https://cfs.energy/news-and-media/commonwealth-fusion-systems-announces-equity-investment-by-hyundai-motor-group/,2026-10-05T18:49:22.764893+00:00,disclosed,The investment marks the first step in a partnership between the companies as they explore avenues of collaboration on future ARC power plants.
cfs-infuse-2021b-magnetic-pumps-for-molten-salt-fusion-devices,announced_on,213f3f28e72d9f5a878ecb03ce0ff25d1b1f688c6b45fc9f7f3666442d8339d7,https://infuse.ornl.gov/awards/page/9,,2026-10-05T18:58:33.211532+00:00,disclosed,"INFUSE 2021B - November 22, 2021 | Commonwealth Fusion Systems | Oak Ridge National Laboratory (ORNL)"
cfs-infuse-2021b-magnetic-pumps-for-molten-salt-fusion-devices,round_label,213f3f28e72d9f5a878ecb03ce0ff25d1b1f688c6b45fc9f7f3666442d8339d7,https://infuse.ornl.gov/awards/page/9,,2026-10-05T18:58:33.211532+00:00,disclosed,"INFUSE 2021B - November 22, 2021 | Commonwealth Fusion Systems | Oak Ridge National Laboratory (ORNL)"
cfs-infuse-2021b-magnetic-pumps-for-molten-salt-fusion-devices:doe-gain-infuse,participant,213f3f28e72d9f5a878ecb03ce0ff25d1b1f688c6b45fc9f7f3666442d8339d7,https://infuse.ornl.gov/awards/page/9,,2026-10-05T18:58:33.211532+00:00,disclosed,"INFUSE 2021B - November 22, 2021 | Commonwealth Fusion Systems | Oak Ridge National Laboratory (ORNL)"
cfs-infuse-2021b-neutron-ion-handshake-for-fusion-materials,announced_on,213f3f28e72d9f5a878ecb03ce0ff25d1b1f688c6b45fc9f7f3666442d8339d7,https://infuse.ornl.gov/awards/page/9,,2026-10-05T18:58:33.211532+00:00,disclosed,"INFUSE 2021B - November 22, 2021 | Commonwealth Fusion Systems | Sandia National Laboratories (SNL)"
cfs-infuse-2021b-neutron-ion-handshake-for-fusion-materials,round_label,213f3f28e72d9f5a878ecb03ce0ff25d1b1f688c6b45fc9f7f3666442d8339d7,https://infuse.ornl.gov/awards/page/9,,2026-10-05T18:58:33.211532+00:00,disclosed,"INFUSE 2021B - November 22, 2021 | Commonwealth Fusion Systems | Sandia National Laboratories (SNL)"
cfs-infuse-2021b-neutron-ion-handshake-for-fusion-materials:doe-gain-infuse,participant,213f3f28e72d9f5a878ecb03ce0ff25d1b1f688c6b45fc9f7f3666442d8339d7,https://infuse.ornl.gov/awards/page/9,,2026-10-05T18:58:33.211532+00:00,disclosed,"INFUSE 2021B - November 22, 2021 | Commonwealth Fusion Systems | Sandia National Laboratories (SNL)"
cfs-infuse-2022a-agile-design-workflow-for-plasma-facing-fusion-components-wi,announced_on,5bc8910b59f6319e50e9630e0766e825c9db4f51ecfe49e599df7a04f6c42e7f,https://infuse.ornl.gov/awards/page/7,,2026-10-05T18:58:25.764288+00:00,disclosed,"INFUSE 2022A - June 15, 2022 | Commonwealth Fusion Systems | Oak Ridge National Laboratory (ORNL)"
cfs-infuse-2022a-agile-design-workflow-for-plasma-facing-fusion-components-wi,round_label,5bc8910b59f6319e50e9630e0766e825c9db4f51ecfe49e599df7a04f6c42e7f,https://infuse.ornl.gov/awards/page/7,,2026-10-05T18:58:25.764288+00:00,disclosed,"INFUSE 2022A - June 15, 2022 | Commonwealth Fusion Systems | Oak Ridge National Laboratory (ORNL)"
cfs-infuse-2022a-agile-design-workflow-for-plasma-facing-fusion-components-wi:doe-gain-infuse,participant,5bc8910b59f6319e50e9630e0766e825c9db4f51ecfe49e599df7a04f6c42e7f,https://infuse.ornl.gov/awards/page/7,,2026-10-05T18:58:25.764288+00:00,disclosed,"INFUSE 2022A - June 15, 2022 | Commonwealth Fusion Systems | Oak Ridge National Laboratory (ORNL)"
cfs-infuse-2022a-assessing-elm-mitigation-by-pellet-triggering-in-sparc-low-c,announced_on,213f3f28e72d9f5a878ecb03ce0ff25d1b1f688c6b45fc9f7f3666442d8339d7,https://infuse.ornl.gov/awards/page/9,,2026-10-05T18:58:33.211532+00:00,disclosed,"INFUSE 2022A - June 15, 2022 | Commonwealth Fusion Systems | Oak Ridge National Laboratory (ORNL)"
cfs-infuse-2022a-assessing-elm-mitigation-by-pellet-triggering-in-sparc-low-c,round_label,213f3f28e72d9f5a878ecb03ce0ff25d1b1f688c6b45fc9f7f3666442d8339d7,https://infuse.ornl.gov/awards/page/9,,2026-10-05T18:58:33.211532+00:00,disclosed,"INFUSE 2022A - June 15, 2022 | Commonwealth Fusion Systems | Oak Ridge National Laboratory (ORNL)"
cfs-infuse-2022a-assessing-elm-mitigation-by-pellet-triggering-in-sparc-low-c:doe-gain-infuse,participant,213f3f28e72d9f5a878ecb03ce0ff25d1b1f688c6b45fc9f7f3666442d8339d7,https://infuse.ornl.gov/awards/page/9,,2026-10-05T18:58:33.211532+00:00,disclosed,"INFUSE 2022A - June 15, 2022 | Commonwealth Fusion Systems | Oak Ridge National Laboratory (ORNL)"
cfs-infuse-2022a-characterization-of-turbulent-transport-and-confinement-in-a,announced_on,3a32fe461f09a44ad24a8141c2bdfab1bc2b1d8a9a19f25864c6d7f86068c4ac,https://infuse.ornl.gov/awards/page/6,,2026-10-05T18:58:22.227594+00:00,disclosed,"INFUSE 2022A - June 15, 2023 | Commonwealth Fusion Systems | University of California San Diego"
cfs-infuse-2022a-characterization-of-turbulent-transport-and-confinement-in-a,round_label,3a32fe461f09a44ad24a8141c2bdfab1bc2b1d8a9a19f25864c6d7f86068c4ac,https://infuse.ornl.gov/awards/page/6,,2026-10-05T18:58:22.227594+00:00,disclosed,"INFUSE 2022A - June 15, 2023 | Commonwealth Fusion Systems | University of California San Diego"
cfs-infuse-2022a-characterization-of-turbulent-transport-and-confinement-in-a:doe-gain-infuse,participant,3a32fe461f09a44ad24a8141c2bdfab1bc2b1d8a9a19f25864c6d7f86068c4ac,https://infuse.ornl.gov/awards/page/6,,2026-10-05T18:58:22.227594+00:00,disclosed,"INFUSE 2022A - June 15, 2023 | Commonwealth Fusion Systems | University of California San Diego"
cfs-infuse-2022a-machine-learning-assisted-prediction-of-tungsten-heavy-alloy,announced_on,5bc8910b59f6319e50e9630e0766e825c9db4f51ecfe49e599df7a04f6c42e7f,https://infuse.ornl.gov/awards/page/7,,2026-10-05T18:58:25.764288+00:00,disclosed,"INFUSE 2022A - June 15, 2022 | Commonwealth Fusion Systems | MIT"
cfs-infuse-2022a-machine-learning-assisted-prediction-of-tungsten-heavy-alloy,round_label,5bc8910b59f6319e50e9630e0766e825c9db4f51ecfe49e599df7a04f6c42e7f,https://infuse.ornl.gov/awards/page/7,,2026-10-05T18:58:25.764288+00:00,disclosed,"INFUSE 2022A - June 15, 2022 | Commonwealth Fusion Systems | MIT"
cfs-infuse-2022a-machine-learning-assisted-prediction-of-tungsten-heavy-alloy:doe-gain-infuse,participant,5bc8910b59f6319e50e9630e0766e825c9db4f51ecfe49e599df7a04f6c42e7f,https://infuse.ornl.gov/awards/page/7,,2026-10-05T18:58:25.764288+00:00,disclosed,"INFUSE 2022A - June 15, 2022 | Commonwealth Fusion Systems | MIT"
cfs-infuse-2022b-a-modern-neutronics-modeling-uncertainty-methodology-towards,announced_on,3a32fe461f09a44ad24a8141c2bdfab1bc2b1d8a9a19f25864c6d7f86068c4ac,https://infuse.ornl.gov/awards/page/6,,2026-10-05T18:58:22.227594+00:00,disclosed,"INFUSE 2022B - January 17, 2023 | Commonwealth Fusion Systems | Oak Ridge National Laboratory (ORNL)"
cfs-infuse-2022b-a-modern-neutronics-modeling-uncertainty-methodology-towards,round_label,3a32fe461f09a44ad24a8141c2bdfab1bc2b1d8a9a19f25864c6d7f86068c4ac,https://infuse.ornl.gov/awards/page/6,,2026-10-05T18:58:22.227594+00:00,disclosed,"INFUSE 2022B - January 17, 2023 | Commonwealth Fusion Systems | Oak Ridge National Laboratory (ORNL)"
cfs-infuse-2022b-a-modern-neutronics-modeling-uncertainty-methodology-towards:doe-gain-infuse,participant,3a32fe461f09a44ad24a8141c2bdfab1bc2b1d8a9a19f25864c6d7f86068c4ac,https://infuse.ornl.gov/awards/page/6,,2026-10-05T18:58:22.227594+00:00,disclosed,"INFUSE 2022B - January 17, 2023 | Commonwealth Fusion Systems | Oak Ridge National Laboratory (ORNL)"
cfs-infuse-2022b-oxide-dispersion-strengthened-ferritic-steel-wire-feedstock,announced_on,3a32fe461f09a44ad24a8141c2bdfab1bc2b1d8a9a19f25864c6d7f86068c4ac,https://infuse.ornl.gov/awards/page/6,,2026-10-05T18:58:22.227594+00:00,disclosed,"INFUSE 2022B - January 17, 2023 | Commonwealth Fusion Systems | Pacific Northwest National Laboratory (PNNL)"
cfs-infuse-2022b-oxide-dispersion-strengthened-ferritic-steel-wire-feedstock,round_label,3a32fe461f09a44ad24a8141c2bdfab1bc2b1d8a9a19f25864c6d7f86068c4ac,https://infuse.ornl.gov/awards/page/6,,2026-10-05T18:58:22.227594+00:00,disclosed,"INFUSE 2022B - January 17, 2023 | Commonwealth Fusion Systems | Pacific Northwest National Laboratory (PNNL)"
cfs-infuse-2022b-oxide-dispersion-strengthened-ferritic-steel-wire-feedstock:doe-gain-infuse,participant,3a32fe461f09a44ad24a8141c2bdfab1bc2b1d8a9a19f25864c6d7f86068c4ac,https://infuse.ornl.gov/awards/page/6,,2026-10-05T18:58:22.227594+00:00,disclosed,"INFUSE 2022B - January 17, 2023 | Commonwealth Fusion Systems | Pacific Northwest National Laboratory (PNNL)"
cfs-infuse-2023-deuterium-retention-in-boron-dust,announced_on,e4160207e742f087a2f273d32d8c6906d899a125dbde6347ac7bbe3c1a652f5b,https://infuse.ornl.gov/awards/page/4,,2026-10-05T18:58:15.597717+00:00,disclosed,"INFUSE 2023 - July 25, 2023 | Commonwealth Fusion Systems | Princeton Plasma Physics Laboratory (PPPL)"
cfs-infuse-2023-deuterium-retention-in-boron-dust,round_label,e4160207e742f087a2f273d32d8c6906d899a125dbde6347ac7bbe3c1a652f5b,https://infuse.ornl.gov/awards/page/4,,2026-10-05T18:58:15.597717+00:00,disclosed,"INFUSE 2023 - July 25, 2023 | Commonwealth Fusion Systems | Princeton Plasma Physics Laboratory (PPPL)"
cfs-infuse-2023-deuterium-retention-in-boron-dust:doe-gain-infuse,participant,e4160207e742f087a2f273d32d8c6906d899a125dbde6347ac7bbe3c1a652f5b,https://infuse.ornl.gov/awards/page/4,,2026-10-05T18:58:15.597717+00:00,disclosed,"INFUSE 2023 - July 25, 2023 | Commonwealth Fusion Systems | Princeton Plasma Physics Laboratory (PPPL)"
cfs-infuse-2023-electrochemical-evaluation-of-hydrogen-concentration-and-dif,announced_on,3a32fe461f09a44ad24a8141c2bdfab1bc2b1d8a9a19f25864c6d7f86068c4ac,https://infuse.ornl.gov/awards/page/6,,2026-10-05T18:58:22.227594+00:00,disclosed,"INFUSE 2023 - July 25, 2023 | Commonwealth Fusion Systems | University of California - Berkeley"
cfs-infuse-2023-electrochemical-evaluation-of-hydrogen-concentration-and-dif,round_label,3a32fe461f09a44ad24a8141c2bdfab1bc2b1d8a9a19f25864c6d7f86068c4ac,https://infuse.ornl.gov/awards/page/6,,2026-10-05T18:58:22.227594+00:00,disclosed,"INFUSE 2023 - July 25, 2023 | Commonwealth Fusion Systems | University of California - Berkeley"
cfs-infuse-2023-electrochemical-evaluation-of-hydrogen-concentration-and-dif:doe-gain-infuse,participant,3a32fe461f09a44ad24a8141c2bdfab1bc2b1d8a9a19f25864c6d7f86068c4ac,https://infuse.ornl.gov/awards/page/6,,2026-10-05T18:58:22.227594+00:00,disclosed,"INFUSE 2023 - July 25, 2023 | Commonwealth Fusion Systems | University of California - Berkeley"
cfs-infuse-2023-informing-arc-divertor-design-and-plasma-facing-material-sel,announced_on,3a32fe461f09a44ad24a8141c2bdfab1bc2b1d8a9a19f25864c6d7f86068c4ac,https://infuse.ornl.gov/awards/page/6,,2026-10-05T18:58:22.227594+00:00,disclosed,"INFUSE 2023 - July 25, 2023 | Commonwealth Fusion Systems | University of California - Los Angeles"
cfs-infuse-2023-informing-arc-divertor-design-and-plasma-facing-material-sel,round_label,3a32fe461f09a44ad24a8141c2bdfab1bc2b1d8a9a19f25864c6d7f86068c4ac,https://infuse.ornl.gov/awards/page/6,,2026-10-05T18:58:22.227594+00:00,disclosed,"INFUSE 2023 - July 25, 2023 | Commonwealth Fusion Systems | University of California - Los Angeles"
cfs-infuse-2023-informing-arc-divertor-design-and-plasma-facing-material-sel:doe-gain-infuse,participant,3a32fe461f09a44ad24a8141c2bdfab1bc2b1d8a9a19f25864c6d7f86068c4ac,https://infuse.ornl.gov/awards/page/6,,2026-10-05T18:58:22.227594+00:00,disclosed,"INFUSE 2023 - July 25, 2023 | Commonwealth Fusion Systems | University of California - Los Angeles"
cfs-infuse-2024-solps-derived-separatrix-operating-space-scalings-for-inform,announced_on,3f9772b8ec59d53744feb78696ee70a5bf5374e400119fd6b346a0f18241ff31,https://infuse.ornl.gov/awards/page/3,,2026-10-05T18:58:12.635614+00:00,disclosed,"INFUSE 2024 - August 8, 2024 | Commonwealth Fusion Systems | Oak Ridge National Laboratory (ORNL)"
cfs-infuse-2024-solps-derived-separatrix-operating-space-scalings-for-inform,round_label,3f9772b8ec59d53744feb78696ee70a5bf5374e400119fd6b346a0f18241ff31,https://infuse.ornl.gov/awards/page/3,,2026-10-05T18:58:12.635614+00:00,disclosed,"INFUSE 2024 - August 8, 2024 | Commonwealth Fusion Systems | Oak Ridge National Laboratory (ORNL)"
cfs-infuse-2024-solps-derived-separatrix-operating-space-scalings-for-inform:doe-gain-infuse,participant,3f9772b8ec59d53744feb78696ee70a5bf5374e400119fd6b346a0f18241ff31,https://infuse.ornl.gov/awards/page/3,,2026-10-05T18:58:12.635614+00:00,disclosed,"INFUSE 2024 - August 8, 2024 | Commonwealth Fusion Systems | Oak Ridge National Laboratory (ORNL)"
cfs-infuse-2025-mechanical-characterization-of-neutron-irradiated-tungsten,announced_on,398b567189796840676f664c2caa21112f49510be7a6040d2e651e49894f454a,https://infuse.ornl.gov/awards/page/2,,2026-10-05T18:58:09.555034+00:00,disclosed,"INFUSE 2025 - September 10, 2025 | Commonwealth Fusion Systems | Oak Ridge National Laboratory (ORNL)"
cfs-infuse-2025-mechanical-characterization-of-neutron-irradiated-tungsten,round_label,398b567189796840676f664c2caa21112f49510be7a6040d2e651e49894f454a,https://infuse.ornl.gov/awards/page/2,,2026-10-05T18:58:09.555034+00:00,disclosed,"INFUSE 2025 - September 10, 2025 | Commonwealth Fusion Systems | Oak Ridge National Laboratory (ORNL)"
cfs-infuse-2025-mechanical-characterization-of-neutron-irradiated-tungsten:doe-gain-infuse,participant,398b567189796840676f664c2caa21112f49510be7a6040d2e651e49894f454a,https://infuse.ornl.gov/awards/page/2,,2026-10-05T18:58:09.555034+00:00,disclosed,"INFUSE 2025 - September 10, 2025 | Commonwealth Fusion Systems | Oak Ridge National Laboratory (ORNL)"
copenhagen-atomics-2025-eic-fund-equity-option,amount,f3da8b6d4aaeb9039214ae561f3bb75c4c6373f374ad737bd2e09b2f3f811efe,https://www.copenhagenatomics.com/news/copenhagen-atomics-awarded-funding-by-eic-accelerator/,,2026-10-05T18:49:51.055481+00:00,disclosed,Access to up to €15 million in equity investment through the EIC Fund
copenhagen-atomics-2025-eic-fund-equity-option,announced_on,f3da8b6d4aaeb9039214ae561f3bb75c4c6373f374ad737bd2e09b2f3f811efe,https://www.copenhagenatomics.com/news/copenhagen-atomics-awarded-funding-by-eic-accelerator/,,2026-10-05T18:49:51.055481+00:00,disclosed,"Copenhagen Atomics Awarded Funding by EIC Accelerator ARTICLE July 2, 2025"
copenhagen-atomics-2025-eic-fund-equity-option:eic,participant,f3da8b6d4aaeb9039214ae561f3bb75c4c6373f374ad737bd2e09b2f3f811efe,https://www.copenhagenatomics.com/news/copenhagen-atomics-awarded-funding-by-eic-accelerator/,,2026-10-05T18:49:51.055481+00:00,disclosed,Access to up to €15 million in equity investment through the EIC Fund
copenhagen-atomics-2025-eic-grant,amount,f3da8b6d4aaeb9039214ae561f3bb75c4c6373f374ad737bd2e09b2f3f811efe,https://www.copenhagenatomics.com/news/copenhagen-atomics-awarded-funding-by-eic-accelerator/,,2026-10-05T18:49:51.055481+00:00,disclosed,€2.5 million in grant funding to support continued technological development and prototype validation
copenhagen-atomics-2025-eic-grant,amount,f7c28655c0c823436d84d4eb615d1c0e5f80acd67e084de9419013f5110a1c23,https://cordis.europa.eu/project/id/101248098,,2026-10-05T17:57:19.532897+00:00,disclosed,"€ 2 499 999,00 Address OLIEFABRIKSVEJ 77 2770 KASTRUP"
copenhagen-atomics-2025-eic-grant,announced_on,f3da8b6d4aaeb9039214ae561f3bb75c4c6373f374ad737bd2e09b2f3f811efe,https://www.copenhagenatomics.com/news/copenhagen-atomics-awarded-funding-by-eic-accelerator/,,2026-10-05T18:49:51.055481+00:00,disclosed,"Copenhagen Atomics Awarded Funding by EIC Accelerator ARTICLE July 2, 2025"
copenhagen-atomics-2025-eic-grant:eic,participant,f3da8b6d4aaeb9039214ae561f3bb75c4c6373f374ad737bd2e09b2f3f811efe,https://www.copenhagenatomics.com/news/copenhagen-atomics-awarded-funding-by-eic-accelerator/,,2026-10-05T18:49:51.055481+00:00,disclosed,Copenhagen Atomics has been awarded funding from the European Innovation Council (EIC) Accelerator programme
copenhagen-atomics-ocean-power-mou-2025,agreement,1133100717f0a4554013ed2783d54e38b3e06fce9a62c3f1b7e8686acf264264,https://copenhagenatomics.com/news/ocean-power-and-copenhagen-atomics-to-explore-thorium-based-energy-in-norway/,,2026-10-05T20:32:18.767502+00:00,disclosed,have signed a Memorandum of Understanding (MoU) to jointly study the potential for producing green electricity and heat in Norway
copenhagen-atomics-ocean-power-mou-2025,announced_on,1133100717f0a4554013ed2783d54e38b3e06fce9a62c3f1b7e8686acf264264,https://copenhagenatomics.com/news/ocean-power-and-copenhagen-atomics-to-explore-thorium-based-energy-in-norway/,,2026-10-05T20:32:18.767502+00:00,disclosed,"ARTICLE July 23, 2025"
copenhagen-atomics-rare-earths-norway-loi-2026,agreement,c5b4bc5fd6a86f8ee33681a44d21146a8d7f3af4ddaa158a239fd1dae3aabce2,https://copenhagenatomics.com/news/securing-future-thorium-supply-with-rare-earths-norway/,,2026-10-05T20:32:19.532251+00:00,disclosed,has signed a Letter of Intent (LoI) with Rare Earths Norway to secure future access to thorium extracted from the Fensfeltet deposit in Norway
copenhagen-atomics-rare-earths-norway-loi-2026,announced_on,c5b4bc5fd6a86f8ee33681a44d21146a8d7f3af4ddaa158a239fd1dae3aabce2,https://copenhagenatomics.com/news/securing-future-thorium-supply-with-rare-earths-norway/,,2026-10-05T20:32:19.532251+00:00,disclosed,"ARTICLE February 19, 2026"
ctfusion-dear0001098,amount,be0ea8100d1956c8239f9841741aad56bce59370dfe2c4bfe80b09cd7a551e75,https://api.usaspending.gov/api/v2/search/spending_by_award/,,2026-10-05T18:53:30.899130+00:00,disclosed,"""Award ID"": ""DEAR0001098"", ""Recipient Name"": ""CTFUSION, INC."", ""Recipient UEI"": ""W4TNW9RLCLY6"", ""Award Amount"": 3415525.01"
ctfusion-dear0001098,announced_on,be0ea8100d1956c8239f9841741aad56bce59370dfe2c4bfe80b09cd7a551e75,https://api.usaspending.gov/api/v2/search/spending_by_award/,,2026-10-05T18:53:30.899130+00:00,disclosed,"""Base Obligation Date"": ""2019-07-01"", ""generated_internal_id"": ""ASST_NON_DEAR0001098_089"""
ctfusion-dear0001098,disbursed_usd,be0ea8100d1956c8239f9841741aad56bce59370dfe2c4bfe80b09cd7a551e75,https://api.usaspending.gov/api/v2/search/spending_by_award/,,2026-10-05T18:53:30.899130+00:00,disclosed,"""Award Amount"": 3415525.01, ""Total Outlays"": 2504721.46"
ctfusion-dear0001098,round_label,be0ea8100d1956c8239f9841741aad56bce59370dfe2c4bfe80b09cd7a551e75,https://api.usaspending.gov/api/v2/search/spending_by_award/,,2026-10-05T18:53:30.899130+00:00,disclosed,"""Award ID"": ""DEAR0001098"", ""Recipient Name"": ""CTFUSION, INC."""
ctfusion-dear0001098,use_of_proceeds,be0ea8100d1956c8239f9841741aad56bce59370dfe2c4bfe80b09cd7a551e75,https://api.usaspending.gov/api/v2/search/spending_by_award/,,2026-10-05T18:53:30.899130+00:00,disclosed,"""Description"": ""CONTROL NUMBER 1858-1616\n\nCTFUSION INC.\n\nPROJECT TITLE: ''PLASMA DRIVER TECHNOLOGY DEMONSTRATIO"
ctfusion-dear0001098:arpa-e,participant,be0ea8100d1956c8239f9841741aad56bce59370dfe2c4bfe80b09cd7a551e75,https://api.usaspending.gov/api/v2/search/spending_by_award/,,2026-10-05T18:53:30.899130+00:00,disclosed,"""Awarding Agency"": ""Department of Energy"", ""Awarding Sub Agency"": ""Department of Energy"""
ctfusion-desc0018844,amount,be0ea8100d1956c8239f9841741aad56bce59370dfe2c4bfe80b09cd7a551e75,https://api.usaspending.gov/api/v2/search/spending_by_award/,,2026-10-05T18:53:30.899130+00:00,disclosed,"""Award ID"": ""DESC0018844"", ""Recipient Name"": ""CTFUSION, INC."", ""Recipient UEI"": ""W4TNW9RLCLY6"", ""Award Amount"": 148483.0"
ctfusion-desc0018844,announced_on,be0ea8100d1956c8239f9841741aad56bce59370dfe2c4bfe80b09cd7a551e75,https://api.usaspending.gov/api/v2/search/spending_by_award/,,2026-10-05T18:53:30.899130+00:00,disclosed,"""Base Obligation Date"": ""2018-08-07"", ""generated_internal_id"": ""ASST_NON_DESC0018844_089"""
ctfusion-desc0018844,disbursed_usd,be0ea8100d1956c8239f9841741aad56bce59370dfe2c4bfe80b09cd7a551e75,https://api.usaspending.gov/api/v2/search/spending_by_award/,,2026-10-05T18:53:30.899130+00:00,disclosed,"""Award Amount"": 148483.0, ""Total Outlays"": 0.0"
ctfusion-desc0018844,round_label,be0ea8100d1956c8239f9841741aad56bce59370dfe2c4bfe80b09cd7a551e75,https://api.usaspending.gov/api/v2/search/spending_by_award/,,2026-10-05T18:53:30.899130+00:00,disclosed,"""Award ID"": ""DESC0018844"", ""Recipient Name"": ""CTFUSION, INC."""
ctfusion-desc0018844,use_of_proceeds,be0ea8100d1956c8239f9841741aad56bce59370dfe2c4bfe80b09cd7a551e75,https://api.usaspending.gov/api/v2/search/spending_by_award/,,2026-10-05T18:53:30.899130+00:00,disclosed,"""Description"": ""ADVANCED FEEDBACK CONTROL OF AC PLASMAS"""
ctfusion-desc0018844:doe-office-of-science,participant,be0ea8100d1956c8239f9841741aad56bce59370dfe2c4bfe80b09cd7a551e75,https://api.usaspending.gov/api/v2/search/spending_by_award/,,2026-10-05T18:53:30.899130+00:00,disclosed,"""Awarding Agency"": ""Department of Energy"", ""Awarding Sub Agency"": ""Department of Energy"""
curio-arpa-e-nucycle-2022,amount,6b6bb60837b2a55d2d229592d8a2d66e26f36bc7ad112269fff71209fb7e0de7,https://arpa-e.energy.gov/JSONAPI/custom/index/project?page%5Boffset%5D=200&page%5Blimit%5D=50,,2026-10-05T18:01:38.885712+00:00,disclosed,"""award"": ""5,000,000"", ""release_date"": ""Mar 15 2022"", ""location"": ""Washington, DC"""
curio-arpa-e-nucycle-2022,announced_on,6b6bb60837b2a55d2d229592d8a2d66e26f36bc7ad112269fff71209fb7e0de7,https://arpa-e.energy.gov/JSONAPI/custom/index/project?page%5Boffset%5D=200&page%5Blimit%5D=50,,2026-10-05T18:01:38.885712+00:00,disclosed,"""award"": ""5,000,000"", ""release_date"": ""Mar 15 2022"", ""location"": ""Washington, DC"""
curio-arpa-e-nucycle-2022,recipient,6b6bb60837b2a55d2d229592d8a2d66e26f36bc7ad112269fff71209fb7e0de7,https://arpa-e.energy.gov/JSONAPI/custom/index/project?page%5Boffset%5D=200&page%5Blimit%5D=50,,2026-10-05T18:01:38.885712+00:00,disclosed,"""title"": ""Curio Solutions"", ""alias"": ""curio-solutions"""
curio-arpa-e-nucycle-2022:arpa-e,participant,6b6bb60837b2a55d2d229592d8a2d66e26f36bc7ad112269fff71209fb7e0de7,https://arpa-e.energy.gov/JSONAPI/custom/index/project?page%5Boffset%5D=200&page%5Blimit%5D=50,,2026-10-05T18:01:38.885712+00:00,disclosed,"""title"": ""Closing the Cycle with NuCycle"""
curio-dear0001695,amount,d5307123a178cbc4f668656c4561bb9aae3d18d39a84fcecb6292e0808a34d2f,https://api.usaspending.gov/api/v2/search/spending_by_award/,,2026-10-05T19:07:08.211377+00:00,disclosed,"""Award ID"": ""DEAR0001695"", ""Recipient Name"": ""CURIO SOLUTIONS LLC"", ""Recipient UEI"": ""LQE6FNEGR235"", ""Award Amount"": 100107.0"
curio-dear0001695,announced_on,d5307123a178cbc4f668656c4561bb9aae3d18d39a84fcecb6292e0808a34d2f,https://api.usaspending.gov/api/v2/search/spending_by_award/,,2026-10-05T19:07:08.211377+00:00,disclosed,"""Base Obligation Date"": ""2023-03-07"", ""generated_internal_id"": ""ASST_NON_DEAR0001695_089"""
curio-dear0001695,obligated_disbursed,d5307123a178cbc4f668656c4561bb9aae3d18d39a84fcecb6292e0808a34d2f,https://api.usaspending.gov/api/v2/search/spending_by_award/,,2026-10-05T19:07:08.211377+00:00,disclosed,"""Recipient UEI"": ""LQE6FNEGR235"", ""Award Amount"": 100107.0, ""Total Outlays"": 30007.0"
curio-dear0001695,round_label,d5307123a178cbc4f668656c4561bb9aae3d18d39a84fcecb6292e0808a34d2f,https://api.usaspending.gov/api/v2/search/spending_by_award/,,2026-10-05T19:07:08.211377+00:00,disclosed,"""Award ID"": ""DEAR0001695"", ""Recipient Name"": ""CURIO SOLUTIONS LLC"""
curio-dear0001695,same_award,d5307123a178cbc4f668656c4561bb9aae3d18d39a84fcecb6292e0808a34d2f,https://api.usaspending.gov/api/v2/search/spending_by_award/,,2026-10-05T19:07:08.211377+00:00,disclosed,CLOSING THE CYCLE WITH NUCYCLE
curio-dear0001695,use_of_proceeds,d5307123a178cbc4f668656c4561bb9aae3d18d39a84fcecb6292e0808a34d2f,https://api.usaspending.gov/api/v2/search/spending_by_award/,,2026-10-05T19:07:08.211377+00:00,disclosed,"""Description"": ""CONTROL NUMBER: 2691-1527\nCURIO SOLUTIONS LLC\nDE-FOA-0002691 CONVERTING UNF RADIOISOTOPES INTO EN"
curio-dear0001695:arpa-e,participant,d5307123a178cbc4f668656c4561bb9aae3d18d39a84fcecb6292e0808a34d2f,https://api.usaspending.gov/api/v2/search/spending_by_award/,,2026-10-05T19:07:08.211377+00:00,disclosed,"""Awarding Agency"": ""Department of Energy"", ""Awarding Sub Agency"": ""Department of Energy"""
deep-fission-blue-owl-mou-2026,agreement,bccabc0423d78d665d84b6e75dcf23571795d7232ceefb594d392ab4eba52139,https://www.sec.gov/Archives/edgar/data/1918102/000110465926075763/tm2612179-14_424b4.htm,,2026-10-05T18:55:47.376712+00:00,disclosed,we entered into a non-binding memorandum of understanding (“MOU”) with Blue Owl Digital Infrastructure Advisors LLC
deep-fission-blue-owl-mou-2026,announced_on,bccabc0423d78d665d84b6e75dcf23571795d7232ceefb594d392ab4eba52139,https://www.sec.gov/Archives/edgar/data/1918102/000110465926075763/tm2612179-14_424b4.htm,,2026-10-05T18:55:47.376712+00:00,disclosed,"In February 2026, we entered into a non-binding memorandum of understanding"
deep-fission-doe-ota-2025,agreement,936bbd347bc54ae6acf08e98d5ac76d945a4c8789affb305495acc1605691968,https://www.sec.gov/Archives/edgar/data/1918102/000110465925114959/tm2531798d1_8k.htm,,2026-10-05T18:56:37.882723+00:00,disclosed,the Company and the United States Department of Energy fully executed and delivered an Other Transaction Agreement for Reactor Authorization
deep-fission-doe-ota-2025,announced_on,936bbd347bc54ae6acf08e98d5ac76d945a4c8789affb305495acc1605691968,https://www.sec.gov/Archives/edgar/data/1918102/000110465925114959/tm2531798d1_8k.htm,,2026-10-05T18:56:37.882723+00:00,disclosed,"on November 17, 2025"
deep-fission-doe-rpp-selection-2025,agreement,80710b7f773be642b5f09dd7e8bfb6904dca8fab472b3a2c78a8a4fc9e25fa1d,https://www.sec.gov/Archives/edgar/data/1918102/000121390025086894/ea0256443-8k_deep.htm,,2026-10-05T18:55:46.317428+00:00,disclosed,"In August 2025, we were selected by the U.S. Department of Energy"
deep-fission-doe-rpp-selection-2025,announced_on,80710b7f773be642b5f09dd7e8bfb6904dca8fab472b3a2c78a8a4fc9e25fa1d,https://www.sec.gov/Archives/edgar/data/1918102/000121390025086894/ea0256443-8k_deep.htm,,2026-10-05T18:55:46.317428+00:00,disclosed,"Deep Fission was selected by DOE on August 12, 2025"
deep-fission-endeavour-term-sheet-2024,agreement,bccabc0423d78d665d84b6e75dcf23571795d7232ceefb594d392ab4eba52139,https://www.sec.gov/Archives/edgar/data/1918102/000110465926075763/tm2612179-14_424b4.htm,,2026-10-05T18:55:47.376712+00:00,disclosed,The Endeavour relationship is governed by a non-binding term sheet
deep-fission-endeavour-term-sheet-2024,announced_on,bccabc0423d78d665d84b6e75dcf23571795d7232ceefb594d392ab4eba52139,https://www.sec.gov/Archives/edgar/data/1918102/000110465926075763/tm2612179-14_424b4.htm,,2026-10-05T18:55:47.376712+00:00,disclosed,"In November 2024, we entered into a non-binding strategic relationship term sheet with Endeavour Energy, LLC"
deep-fission-gain-voucher-inl,announced_on,80710b7f773be642b5f09dd7e8bfb6904dca8fab472b3a2c78a8a4fc9e25fa1d,https://www.sec.gov/Archives/edgar/data/1918102/000121390025086894/ea0256443-8k_deep.htm,,2026-10-05T18:55:46.317428+00:00,disclosed,"DEEP FISSION, INC. Date: September 11, 2025"
deep-fission-gain-voucher-inl,round_label,80710b7f773be642b5f09dd7e8bfb6904dca8fab472b3a2c78a8a4fc9e25fa1d,https://www.sec.gov/Archives/edgar/data/1918102/000121390025086894/ea0256443-8k_deep.htm,,2026-10-05T18:55:46.317428+00:00,disclosed,GAIN voucher (NE-25-36439) to model Deep Fission Reactor’s thermal hydraulics
deep-fission-gain-voucher-inl:doe-gain-infuse,participant,80710b7f773be642b5f09dd7e8bfb6904dca8fab472b3a2c78a8a4fc9e25fa1d,https://www.sec.gov/Archives/edgar/data/1918102/000121390025086894/ea0256443-8k_deep.htm,,2026-10-05T18:55:46.317428+00:00,disclosed,Our ongoing collaboration with INL through a GAIN voucher (NE-25-36439)
deep-fission-halliburton-mou,agreement,bccabc0423d78d665d84b6e75dcf23571795d7232ceefb594d392ab4eba52139,https://www.sec.gov/Archives/edgar/data/1918102/000110465926075763/tm2612179-14_424b4.htm,,2026-10-05T18:55:47.376712+00:00,disclosed,"Halliburton Energy Services, Inc., pursuant to a memorandum of understanding relating to discussions of developing joint drilling and completion activities"
deep-fission-halliburton-mou,announced_on,bccabc0423d78d665d84b6e75dcf23571795d7232ceefb594d392ab4eba52139,https://www.sec.gov/Archives/edgar/data/1918102/000110465926075763/tm2612179-14_424b4.htm,,2026-10-05T18:55:47.376712+00:00,disclosed,"PROSPECTUS 2,500,000 Shares Deep Fission, Inc."
deep-fission-ipo-2026,amount,b05f3a47d6faa67f01d327bb566fb27bb284e8a9b58fc1014a86fa3bce40d5ab,https://www.sec.gov/Archives/edgar/data/1918102/000110465926076400/tm2618457d1_8k.htm,,2026-10-05T18:56:37.007265+00:00,disclosed,The gross proceeds to the Company from the public offering were $40 million
deep-fission-ipo-2026,announced_on,b05f3a47d6faa67f01d327bb566fb27bb284e8a9b58fc1014a86fa3bce40d5ab,https://www.sec.gov/Archives/edgar/data/1918102/000110465926076400/tm2618457d1_8k.htm,,2026-10-05T18:56:37.007265+00:00,disclosed,"On June 22, 2026, Deep Fission, Inc. (the “Company”) completed its public offering"
deep-fission-ipo-2026,round_label,bccabc0423d78d665d84b6e75dcf23571795d7232ceefb594d392ab4eba52139,https://www.sec.gov/Archives/edgar/data/1918102/000110465926075763/tm2612179-14_424b4.htm,,2026-10-05T18:55:47.376712+00:00,disclosed,this is our first listed public offering
deep-fission-kansas-lease-2026,agreement,bccabc0423d78d665d84b6e75dcf23571795d7232ceefb594d392ab4eba52139,https://www.sec.gov/Archives/edgar/data/1918102/000110465926075763/tm2612179-14_424b4.htm,,2026-10-05T18:55:47.376712+00:00,disclosed,"we entered into a long-term lease for approximately 100 acres located within the Great Plains Industrial Park in Parsons, Kansas"
deep-fission-pipe-2025,amount,80710b7f773be642b5f09dd7e8bfb6904dca8fab472b3a2c78a8a4fc9e25fa1d,https://www.sec.gov/Archives/edgar/data/1918102/000121390025086894/ea0256443-8k_deep.htm,,2026-10-05T18:55:46.317428+00:00,disclosed,for aggregate gross proceeds of approximately $30.0 million
deep-fission-pipe-2025,announced_on,80710b7f773be642b5f09dd7e8bfb6904dca8fab472b3a2c78a8a4fc9e25fa1d,https://www.sec.gov/Archives/edgar/data/1918102/000121390025086894/ea0256443-8k_deep.htm,,2026-10-05T18:55:46.317428+00:00,disclosed,"DEEP FISSION, INC. Date: September 11, 2025"
deep-fission-pipe-2025,closed_on,80710b7f773be642b5f09dd7e8bfb6904dca8fab472b3a2c78a8a4fc9e25fa1d,https://www.sec.gov/Archives/edgar/data/1918102/000121390025086894/ea0256443-8k_deep.htm,,2026-10-05T18:55:46.317428+00:00,disclosed,"Date of Report (Date of earliest event reported): September 5, 2025"
deep-fission-pipe-2025,round_label,80710b7f773be642b5f09dd7e8bfb6904dca8fab472b3a2c78a8a4fc9e25fa1d,https://www.sec.gov/Archives/edgar/data/1918102/000121390025086894/ea0256443-8k_deep.htm,,2026-10-05T18:55:46.317428+00:00,disclosed,"issued and sold 10,000,000 shares of common stock in a private placement"
deep-fission-private-placement-2026,amount,a9f77e16b51e1975c369b9c740e9ebe8350701a3a287ce66f3c329fa11e6add1,https://www.sec.gov/Archives/edgar/data/1918102/000110465926012343/tm265399d1_8k.htm,,2026-10-05T18:56:36.241026+00:00,disclosed,for an aggregate purchase price of $80.0 million
deep-fission-private-placement-2026,announced_on,a9f77e16b51e1975c369b9c740e9ebe8350701a3a287ce66f3c329fa11e6add1,https://www.sec.gov/Archives/edgar/data/1918102/000110465926012343/tm265399d1_8k.htm,,2026-10-05T18:56:36.241026+00:00,disclosed,"On February 10, 2026, the Company issued a press release announcing the Offering"
deep-fission-private-placement-2026,closed_on,a9f77e16b51e1975c369b9c740e9ebe8350701a3a287ce66f3c329fa11e6add1,https://www.sec.gov/Archives/edgar/data/1918102/000110465926012343/tm265399d1_8k.htm,,2026-10-05T18:56:36.241026+00:00,disclosed,"The Offering closed on February 5, 2026"
deep-fission-private-placement-2026,round_label,a9f77e16b51e1975c369b9c740e9ebe8350701a3a287ce66f3c329fa11e6add1,https://www.sec.gov/Archives/edgar/data/1918102/000110465926012343/tm265399d1_8k.htm,,2026-10-05T18:56:36.241026+00:00,disclosed,in connection with a private placement offering of shares of the Company’s common stock
deep-fission-private-placement-2026:blue-owl,participant,bccabc0423d78d665d84b6e75dcf23571795d7232ceefb594d392ab4eba52139,https://www.sec.gov/Archives/edgar/data/1918102/000110465926075763/tm2612179-14_424b4.htm,,2026-10-05T18:55:47.376712+00:00,disclosed,investment funds affiliated with Blue Owl made an equity investment in us in the amount of $20 million
deep-fission-private-placement-2026:blue-owl,participant,a9f77e16b51e1975c369b9c740e9ebe8350701a3a287ce66f3c329fa11e6add1,https://www.sec.gov/Archives/edgar/data/1918102/000110465926012343/tm265399d1_8k.htm,,2026-10-05T18:56:36.241026+00:00,disclosed,The private placement includes an investment by funds affiliated with Blue Owl Digital Infrastructure Advisors LLC
deep-fission-safe-2023,amount,80710b7f773be642b5f09dd7e8bfb6904dca8fab472b3a2c78a8a4fc9e25fa1d,https://www.sec.gov/Archives/edgar/data/1918102/000121390025086894/ea0256443-8k_deep.htm,,2026-10-05T18:55:46.317428+00:00,disclosed,"in the aggregate amounts of $1.6 million, $8.2 million and $1.5 million, respectively"
deep-fission-safe-2023,announced_on,80710b7f773be642b5f09dd7e8bfb6904dca8fab472b3a2c78a8a4fc9e25fa1d,https://www.sec.gov/Archives/edgar/data/1918102/000121390025086894/ea0256443-8k_deep.htm,,2026-10-05T18:55:46.317428+00:00,disclosed,"Period From July 17, 2023 (Inception) Through December 31, 2023"
deep-fission-safe-2023,round_label,80710b7f773be642b5f09dd7e8bfb6904dca8fab472b3a2c78a8a4fc9e25fa1d,https://www.sec.gov/Archives/edgar/data/1918102/000121390025086894/ea0256443-8k_deep.htm,,2026-10-05T18:55:46.317428+00:00,disclosed,issued “Simple Agreement for Future Equity” notes
deep-fission-safe-2024,amount,80710b7f773be642b5f09dd7e8bfb6904dca8fab472b3a2c78a8a4fc9e25fa1d,https://www.sec.gov/Archives/edgar/data/1918102/000121390025086894/ea0256443-8k_deep.htm,,2026-10-05T18:55:46.317428+00:00,disclosed,"in the aggregate amounts of $1.6 million, $8.2 million and $1.5 million, respectively"
deep-fission-safe-2024,announced_on,80710b7f773be642b5f09dd7e8bfb6904dca8fab472b3a2c78a8a4fc9e25fa1d,https://www.sec.gov/Archives/edgar/data/1918102/000121390025086894/ea0256443-8k_deep.htm,,2026-10-05T18:55:46.317428+00:00,disclosed,"Year Ended December 31, 2024"
deep-fission-safe-2024,round_label,80710b7f773be642b5f09dd7e8bfb6904dca8fab472b3a2c78a8a4fc9e25fa1d,https://www.sec.gov/Archives/edgar/data/1918102/000121390025086894/ea0256443-8k_deep.htm,,2026-10-05T18:55:46.317428+00:00,disclosed,issued “Simple Agreement for Future Equity” notes
deep-fission-safe-2024:eight-vc,participant,80710b7f773be642b5f09dd7e8bfb6904dca8fab472b3a2c78a8a4fc9e25fa1d,https://www.sec.gov/Archives/edgar/data/1918102/000121390025086894/ea0256443-8k_deep.htm,,2026-10-05T18:55:46.317428+00:00,disclosed,"In January 2024, Legacy Deep Fission issued to 8VC Fund V, L.P. and 8VC Entrepreneurs Fund V, L.P. SAFE Notes of $493,000 and $7,000, respectively."
deep-fission-safe-2025h1,amount,80710b7f773be642b5f09dd7e8bfb6904dca8fab472b3a2c78a8a4fc9e25fa1d,https://www.sec.gov/Archives/edgar/data/1918102/000121390025086894/ea0256443-8k_deep.htm,,2026-10-05T18:55:46.317428+00:00,disclosed,"in the aggregate amounts of $1.6 million, $8.2 million and $1.5 million, respectively"
deep-fission-safe-2025h1,announced_on,80710b7f773be642b5f09dd7e8bfb6904dca8fab472b3a2c78a8a4fc9e25fa1d,https://www.sec.gov/Archives/edgar/data/1918102/000121390025086894/ea0256443-8k_deep.htm,,2026-10-05T18:55:46.317428+00:00,disclosed,"Six Months Ended June 30, 2025"
deep-fission-safe-2025h1,round_label,80710b7f773be642b5f09dd7e8bfb6904dca8fab472b3a2c78a8a4fc9e25fa1d,https://www.sec.gov/Archives/edgar/data/1918102/000121390025086894/ea0256443-8k_deep.htm,,2026-10-05T18:55:46.317428+00:00,disclosed,issued “Simple Agreement for Future Equity” notes
deep-fission-urenco-fuel-2026,agreement,bccabc0423d78d665d84b6e75dcf23571795d7232ceefb594d392ab4eba52139,https://www.sec.gov/Archives/edgar/data/1918102/000110465926075763/tm2612179-14_424b4.htm,,2026-10-05T18:55:47.376712+00:00,disclosed,"Urenco USA Inc., from which enriched uranium product has been procured for anticipated delivery for our planned demonstration reactor activities"
deep-isolation-arpae-scaleup-ready-2026,announced_on,507783ee044123e5ac2134b39862a1287df4f1576d41b04d74da411e8be82b98,https://www.sec.gov/Archives/edgar/data/1918080/000121390026041229/ea028552401ex99-1.htm,,2026-10-05T20:32:39.762426+00:00,disclosed,"BERKELEY, CA, April 7, 2026"
deep-isolation-arpae-scaleup-ready-2026,round_label,507783ee044123e5ac2134b39862a1287df4f1576d41b04d74da411e8be82b98,https://www.sec.gov/Archives/edgar/data/1918080/000121390026041229/ea028552401ex99-1.htm,,2026-10-05T20:32:39.762426+00:00,disclosed,"committed up to $40 million to support two projects, including the Deep Isolation project"
deep-isolation-dear0001621,amount,2448222fe79f319caac6485b64353f1e28790ad32053311d9a2784fb510d7555,https://api.usaspending.gov/api/v2/search/spending_by_award/,,2026-10-05T19:07:21.842776+00:00,disclosed,"""Award ID"": ""DEAR0001621"", ""Recipient Name"": ""DEEP ISOLATION US, LLC"", ""Recipient UEI"": ""KFTAMCDMMCF1"", ""Award Amount"": 3590410.0"
deep-isolation-dear0001621,announced_on,2448222fe79f319caac6485b64353f1e28790ad32053311d9a2784fb510d7555,https://api.usaspending.gov/api/v2/search/spending_by_award/,,2026-10-05T19:07:21.842776+00:00,disclosed,"""Base Obligation Date"": ""2022-07-14"", ""generated_internal_id"": ""ASST_NON_DEAR0001621_089"""
deep-isolation-dear0001621,disbursed_usd,2448222fe79f319caac6485b64353f1e28790ad32053311d9a2784fb510d7555,https://api.usaspending.gov/api/v2/search/spending_by_award/,,2026-10-05T19:07:21.842776+00:00,disclosed,"""Award Amount"": 3590410.0, ""Total Outlays"": 3492213.17"
deep-isolation-dear0001621,round_label,2448222fe79f319caac6485b64353f1e28790ad32053311d9a2784fb510d7555,https://api.usaspending.gov/api/v2/search/spending_by_award/,,2026-10-05T19:07:21.842776+00:00,disclosed,"""Award ID"": ""DEAR0001621"", ""Recipient Name"": ""DEEP ISOLATION US, LLC"""
deep-isolation-dear0001621,use_of_proceeds,2448222fe79f319caac6485b64353f1e28790ad32053311d9a2784fb510d7555,https://api.usaspending.gov/api/v2/search/spending_by_award/,,2026-10-05T19:07:21.842776+00:00,disclosed,"""Description"": ""DEEP ISOLATION US LLC: NEW ONWARDS STTR AWARD. \nCONTROL NUMBER: 2531-1505\nPROJECT TITLE: UPWARDS:"
deep-isolation-dear0001621:arpa-e,participant,2448222fe79f319caac6485b64353f1e28790ad32053311d9a2784fb510d7555,https://api.usaspending.gov/api/v2/search/spending_by_award/,,2026-10-05T19:07:21.842776+00:00,disclosed,"""Awarding Agency"": ""Department of Energy"", ""Awarding Sub Agency"": ""Department of Energy"""
deep-isolation-dear0001797,amount,2448222fe79f319caac6485b64353f1e28790ad32053311d9a2784fb510d7555,https://api.usaspending.gov/api/v2/search/spending_by_award/,,2026-10-05T19:07:21.842776+00:00,disclosed,"""Award ID"": ""DEAR0001797"", ""Recipient Name"": ""DEEP ISOLATION US, LLC"", ""Recipient UEI"": ""KFTAMCDMMCF1"", ""Award Amount"": 441674.0"
deep-isolation-dear0001797,announced_on,2448222fe79f319caac6485b64353f1e28790ad32053311d9a2784fb510d7555,https://api.usaspending.gov/api/v2/search/spending_by_award/,,2026-10-05T19:07:21.842776+00:00,disclosed,"""Base Obligation Date"": ""2023-09-22"", ""generated_internal_id"": ""ASST_NON_DEAR0001797_089"""
deep-isolation-dear0001797,disbursed_usd,2448222fe79f319caac6485b64353f1e28790ad32053311d9a2784fb510d7555,https://api.usaspending.gov/api/v2/search/spending_by_award/,,2026-10-05T19:07:21.842776+00:00,disclosed,"""Award Amount"": 441674.0, ""Total Outlays"": 441674.0"
deep-isolation-dear0001797,round_label,2448222fe79f319caac6485b64353f1e28790ad32053311d9a2784fb510d7555,https://api.usaspending.gov/api/v2/search/spending_by_award/,,2026-10-05T19:07:21.842776+00:00,disclosed,"""Award ID"": ""DEAR0001797"", ""Recipient Name"": ""DEEP ISOLATION US, LLC"""
deep-isolation-dear0001797,use_of_proceeds,2448222fe79f319caac6485b64353f1e28790ad32053311d9a2784fb510d7555,https://api.usaspending.gov/api/v2/search/spending_by_award/,,2026-10-05T19:07:21.842776+00:00,disclosed,"""Description"": ""DEEP ISOLATION, NEW CREATE TOPIC C AWARD (SBIR/STTR)\nCONTROL NUMBER: 2785-1553\nPROJECT TITLE: SEQ"
deep-isolation-dear0001797:arpa-e,participant,2448222fe79f319caac6485b64353f1e28790ad32053311d9a2784fb510d7555,https://api.usaspending.gov/api/v2/search/spending_by_award/,,2026-10-05T19:07:21.842776+00:00,disclosed,"""Awarding Agency"": ""Department of Energy"", ""Awarding Sub Agency"": ""Department of Energy"""
deep-isolation-desc0025094,amount,2448222fe79f319caac6485b64353f1e28790ad32053311d9a2784fb510d7555,https://api.usaspending.gov/api/v2/search/spending_by_award/,,2026-10-05T19:07:21.842776+00:00,disclosed,"""Award ID"": ""DESC0025094"", ""Recipient Name"": ""DEEP ISOLATION US, LLC"", ""Recipient UEI"": ""KFTAMCDMMCF1"", ""Award Amount"": 199892.0"
deep-isolation-desc0025094,announced_on,2448222fe79f319caac6485b64353f1e28790ad32053311d9a2784fb510d7555,https://api.usaspending.gov/api/v2/search/spending_by_award/,,2026-10-05T19:07:21.842776+00:00,disclosed,"""Base Obligation Date"": ""2024-08-23"", ""generated_internal_id"": ""ASST_NON_DESC0025094_089"""
deep-isolation-desc0025094,disbursed_usd,2448222fe79f319caac6485b64353f1e28790ad32053311d9a2784fb510d7555,https://api.usaspending.gov/api/v2/search/spending_by_award/,,2026-10-05T19:07:21.842776+00:00,disclosed,"""Award Amount"": 199892.0, ""Total Outlays"": 199892.0"
deep-isolation-desc0025094,round_label,2448222fe79f319caac6485b64353f1e28790ad32053311d9a2784fb510d7555,https://api.usaspending.gov/api/v2/search/spending_by_award/,,2026-10-05T19:07:21.842776+00:00,disclosed,"""Award ID"": ""DESC0025094"", ""Recipient Name"": ""DEEP ISOLATION US, LLC"""
deep-isolation-desc0025094,use_of_proceeds,2448222fe79f319caac6485b64353f1e28790ad32053311d9a2784fb510d7555,https://api.usaspending.gov/api/v2/search/spending_by_award/,,2026-10-05T19:07:21.842776+00:00,disclosed,"""Description"": ""PROJECT PUCK (PERFORMANCE VALIDATION OF THE UNIVERSAL CANISTER SYSTEM FOR KAIROS POWER)"""
deep-isolation-desc0025094:doe-office-of-science,participant,2448222fe79f319caac6485b64353f1e28790ad32053311d9a2784fb510d7555,https://api.usaspending.gov/api/v2/search/spending_by_award/,,2026-10-05T19:07:21.842776+00:00,disclosed,"""Awarding Agency"": ""Department of Energy"", ""Awarding Sub Agency"": ""Department of Energy"""
deep-isolation-doe-genesis-2026,announced_on,1a93d1038b414e6cdf1dfe67dea8555365671bcecf6aa9a06ccb5ac3b323065f,https://www.deepisolation.com/press/nuclear-innovator-deep-isolation-selected-by-doe-for-three-project-genesis-initiatives-advancing-ai-driven-nuclear-waste-research/,,2026-10-05T20:32:40.172728+00:00,disclosed,"Press Release, July 23, 2026"
deep-isolation-doe-genesis-2026,round_label,1a93d1038b414e6cdf1dfe67dea8555365671bcecf6aa9a06ccb5ac3b323065f,https://www.deepisolation.com/press/nuclear-innovator-deep-isolation-selected-by-doe-for-three-project-genesis-initiatives-advancing-ai-driven-nuclear-waste-research/,,2026-10-05T20:32:40.172728+00:00,disclosed,selected as the sole industrial partner on three competitive federal grants
deep-isolation-private-placement-2025,amount,92f59982b4d4c5364616564395cf46b9268ee216948b62436bb537aa35afed8c,https://www.deepisolation.com/press/global-nuclear-waste-disposal-innovator-deep-isolation-announces-go-public-transaction-and-oversubscribed-33-million-financing/,,2026-10-05T20:31:32.118873+00:00,disclosed,closed an oversubscribed financing through a private placement of its common stock (raising $33 million)
deep-isolation-private-placement-2025,announced_on,92f59982b4d4c5364616564395cf46b9268ee216948b62436bb537aa35afed8c,https://www.deepisolation.com/press/global-nuclear-waste-disposal-innovator-deep-isolation-announces-go-public-transaction-and-oversubscribed-33-million-financing/,,2026-10-05T20:31:32.118873+00:00,disclosed,"Press Release, July 24, 2025"
deep-isolation-private-placement-2025,closed_on,92f59982b4d4c5364616564395cf46b9268ee216948b62436bb537aa35afed8c,https://www.deepisolation.com/press/global-nuclear-waste-disposal-innovator-deep-isolation-announces-go-public-transaction-and-oversubscribed-33-million-financing/,,2026-10-05T20:31:32.118873+00:00,disclosed,"on July 23, 2025, it closed a reverse merger transaction"
deep-isolation-private-placement-2025,round_label,92f59982b4d4c5364616564395cf46b9268ee216948b62436bb537aa35afed8c,https://www.deepisolation.com/press/global-nuclear-waste-disposal-innovator-deep-isolation-announces-go-public-transaction-and-oversubscribed-33-million-financing/,,2026-10-05T20:31:32.118873+00:00,disclosed,Oversubscribed $33 Million Financing
deep-isolation-private-placement-2025,use_of_proceeds,92f59982b4d4c5364616564395cf46b9268ee216948b62436bb537aa35afed8c,https://www.deepisolation.com/press/global-nuclear-waste-disposal-innovator-deep-isolation-announces-go-public-transaction-and-oversubscribed-33-million-financing/,,2026-10-05T20:31:32.118873+00:00,disclosed,Most recent financing will fund the development of a full-scale demonstration project
diamondback-loi,agreement,7ca433c6ed60b6539c7fb7739c8847a88cbf977cf40d3835059a3d4a0aadc8bf,https://www.sec.gov/Archives/edgar/data/1849056/000162828026018698/oklo-20251231.htm,,2026-10-05T18:53:13.718570+00:00,disclosed,"we have signed non-binding letters of intent with Equinix, Inc. (""Equinix""), Diamondback E&P LLC (""Diamondback Energy"")"
doe-dear0001606-open,amount,b666e4d06f071033715fd19290ee1fe727321af809d569185b7f4985949f4291,https://api.usaspending.gov/api/v2/search/spending_by_award/,,2026-10-05T17:54:27.442040+00:00,disclosed,"""Award Amount"":140000.0"
doe-dear0001606-open,announced_on,b666e4d06f071033715fd19290ee1fe727321af809d569185b7f4985949f4291,https://api.usaspending.gov/api/v2/search/spending_by_award/,,2026-10-05T17:54:27.442040+00:00,disclosed,"""Start Date"":""2022-06-22"""
doe-dear0001606-open:arpa-e,participant,b666e4d06f071033715fd19290ee1fe727321af809d569185b7f4985949f4291,https://api.usaspending.gov/api/v2/search/spending_by_award/,,2026-10-05T17:54:27.442040+00:00,disclosed,"""Award ID"":""DEAR0001606"""
doe-dear0001619-onwards,amount,b666e4d06f071033715fd19290ee1fe727321af809d569185b7f4985949f4291,https://api.usaspending.gov/api/v2/search/spending_by_award/,,2026-10-05T17:54:27.442040+00:00,disclosed,"""Award Amount"":660000.0"
doe-dear0001619-onwards,announced_on,b666e4d06f071033715fd19290ee1fe727321af809d569185b7f4985949f4291,https://api.usaspending.gov/api/v2/search/spending_by_award/,,2026-10-05T17:54:27.442040+00:00,disclosed,"""Start Date"":""2022-07-15"""
doe-dear0001619-onwards:arpa-e,participant,b666e4d06f071033715fd19290ee1fe727321af809d569185b7f4985949f4291,https://api.usaspending.gov/api/v2/search/spending_by_award/,,2026-10-05T17:54:27.442040+00:00,disclosed,"""Award ID"":""DEAR0001619"""
doe-dear0001696-curie,amount,b666e4d06f071033715fd19290ee1fe727321af809d569185b7f4985949f4291,https://api.usaspending.gov/api/v2/search/spending_by_award/,,2026-10-05T17:54:27.442040+00:00,disclosed,"""Award Amount"":1900000.0"
doe-dear0001696-curie,announced_on,b666e4d06f071033715fd19290ee1fe727321af809d569185b7f4985949f4291,https://api.usaspending.gov/api/v2/search/spending_by_award/,,2026-10-05T17:54:27.442040+00:00,disclosed,"""Start Date"":""2023-02-16"""
doe-dear0001696-curie:arpa-e,participant,b666e4d06f071033715fd19290ee1fe727321af809d569185b7f4985949f4291,https://api.usaspending.gov/api/v2/search/spending_by_award/,,2026-10-05T17:54:27.442040+00:00,disclosed,"""Award ID"":""DEAR0001696"""
doe-first-of-a-kind-2018,amount,8359cbc321acacc2b78a629fa82ee2c18ea1028b365a5203592e0d32bec29a14,https://api.usaspending.gov/api/v2/search/spending_by_award/,,2026-10-05T17:54:05.345740+00:00,disclosed,"""Award Amount"": 18617645.0, ""Total Outlays"": 10757623.83"
doe-first-of-a-kind-2018,announced_on,8359cbc321acacc2b78a629fa82ee2c18ea1028b365a5203592e0d32bec29a14,https://api.usaspending.gov/api/v2/search/spending_by_award/,,2026-10-05T17:54:05.345740+00:00,disclosed,"""Start Date"": ""2018-05-21"", ""End Date"": ""2022-08-23"""
doe-first-of-a-kind-2018:doe-ne,participant,8359cbc321acacc2b78a629fa82ee2c18ea1028b365a5203592e0d32bec29a14,https://api.usaspending.gov/api/v2/search/spending_by_award/,,2026-10-05T17:54:05.345740+00:00,disclosed,"""Award ID"": ""DENE0008745"", ""Recipient Name"": ""X ENERGY, LLC"""
doe-haleu-5mt,agreement,7ca433c6ed60b6539c7fb7739c8847a88cbf977cf40d3835059a3d4a0aadc8bf,https://www.sec.gov/Archives/edgar/data/1849056/000162828026018698/oklo-20251231.htm,,2026-10-05T18:53:13.718570+00:00,disclosed,received a fuel award of five metric tons of HALEU produced from recovered uranium from previously irradiated EBR-II fuel from INL
doe-haleu-hermes-contract-2026,agreement,6d7821a7f70a9727092daca53294a79fd47de1662485acc0fab6f54e8d726054,https://www.kairospower.com/updates/u-s-department-of-energy-to-provide-haleu-for-hermes-demonstration-reactor,,2026-10-05T18:50:54.277807+00:00,disclosed,Kairos Power has finalized a contract with the U.S. Department of Energy (DOE) to receive High-Assay Low-Enriched Uranium (HALEU)
doe-industry-opportunities-2020,amount,f033ca72663eec5960257684aadadee9e04be67dc1b3ba20ef7c80da4195c7e2,https://api.usaspending.gov/api/v2/search/spending_by_award/,,2026-10-05T17:54:12.422563+00:00,disclosed,"""Award Amount"": 500000.0, ""Total Outlays"": 0.0, ""Description"": ""AWARD UNDER THE: U.S. INDUSTRY OPPORTUNITIES FOR ADVANCED NUCLEAR TECHNOLOGY DEVELOPMENT FOA #DE-FOA-0001817."
doe-industry-opportunities-2020,announced_on,f033ca72663eec5960257684aadadee9e04be67dc1b3ba20ef7c80da4195c7e2,https://api.usaspending.gov/api/v2/search/spending_by_award/,,2026-10-05T17:54:12.422563+00:00,disclosed,"""Start Date"": ""2020-03-26"", ""End Date"": ""2020-12-31"""
doe-industry-opportunities-2020:doe-ne,participant,f033ca72663eec5960257684aadadee9e04be67dc1b3ba20ef7c80da4195c7e2,https://api.usaspending.gov/api/v2/search/spending_by_award/,,2026-10-05T17:54:12.422563+00:00,disclosed,"""Award ID"": ""DENE0008862"", ""Recipient Name"": ""KAIROS POWER LLC"""
doe-ota-radioisotope-pilot,agreement,7ca433c6ed60b6539c7fb7739c8847a88cbf977cf40d3835059a3d4a0aadc8bf,https://www.sec.gov/Archives/edgar/data/1849056/000162828026018698/oklo-20251231.htm,,2026-10-05T18:53:13.718570+00:00,disclosed,"On January 7, 2026, we announced the execution of a DOE Other Transaction Agreement (""OTA"")"
doe-reactor-pilot-program,agreement,d92aed237e3d72eebae1422dcd91a89156bb7ec851d5eb319adbd1bf1c0d3730,https://www.energy.gov/articles/department-energy-announces-initial-selections-new-reactor-pilot-program,,2026-10-05T17:59:18.711506+00:00,disclosed,"Each company will be responsible for all costs associated with designing, manufacturing, constructing, operating, and decommissioning their test reactors."
doe-reactor-pilot-program,announced_on,d92aed237e3d72eebae1422dcd91a89156bb7ec851d5eb319adbd1bf1c0d3730,https://www.energy.gov/articles/department-energy-announces-initial-selections-new-reactor-pilot-program,,2026-10-05T17:59:18.711506+00:00,disclosed,"Energy.gov August 12, 2025"
doe-reactor-pilot-program,counterparty,d92aed237e3d72eebae1422dcd91a89156bb7ec851d5eb319adbd1bf1c0d3730,https://www.energy.gov/articles/department-energy-announces-initial-selections-new-reactor-pilot-program,,2026-10-05T17:59:18.711506+00:00,disclosed,"Last Energy Inc., Oklo Inc., Natura Resources LLC"
doe-xe100-2016-cooperative-agreement,amount,8359cbc321acacc2b78a629fa82ee2c18ea1028b365a5203592e0d32bec29a14,https://api.usaspending.gov/api/v2/search/spending_by_award/,,2026-10-05T17:54:05.345740+00:00,disclosed,"""Award Amount"": 25499999.98, ""Total Outlays"": 5428268.85"
doe-xe100-2016-cooperative-agreement,announced_on,8359cbc321acacc2b78a629fa82ee2c18ea1028b365a5203592e0d32bec29a14,https://api.usaspending.gov/api/v2/search/spending_by_award/,,2026-10-05T17:54:05.345740+00:00,disclosed,"""Start Date"": ""2016-07-01"", ""End Date"": ""2022-06-30"""
doe-xe100-2016-cooperative-agreement:doe-ne,participant,8359cbc321acacc2b78a629fa82ee2c18ea1028b365a5203592e0d32bec29a14,https://api.usaspending.gov/api/v2/search/spending_by_award/,,2026-10-05T17:54:05.345740+00:00,disclosed,"""Award ID"": ""DENE0008472"", ""Recipient Name"": ""X ENERGY, LLC"""
eielson-afb-noia,agreement,f52b67a6e20fb14cd52eb0f7c2626a629fd246f65449c7e0d89b4f0e5c7f5aec,https://www.sec.gov/Archives/edgar/data/1849056/000162828026054571/oklo-20260630.htm,,2026-10-05T18:53:14.647080+00:00,disclosed,a Notice of Intent to Award has been issued by the Defense Logistics Agency-Energy on behalf of the Department of the Air Force
elementl-amp-meigs-site-2026,agreement,39b58f032313ce0ac7826c254b646666bd19877767b1e03535b4d0442de253c3,https://www.elementlpower.com/newsroom/061826/seohio,,2026-10-05T20:34:14.675502+00:00,disclosed,Elementl has agreed to purchase the site from American Municipal Power (AMP)
elementl-amp-meigs-site-2026,announced_on,39b58f032313ce0ac7826c254b646666bd19877767b1e03535b4d0442de253c3,https://www.elementlpower.com/newsroom/061826/seohio,,2026-10-05T20:34:14.675502+00:00,disclosed,"News release · June 18, 2026"
elementl-form-d-2023,amount,31d1a15e35b20b60ee457bb770d4f4b5eff4b0a004bd8aeb38dfc4f2d0666570,https://www.sec.gov/Archives/edgar/data/2021861/000202186124000001/primary_doc.xml,,2026-10-05T19:08:22.987543+00:00,disclosed,Indefinite 5000015 Indefinite false 3
elementl-form-d-2023,announced_on,31d1a15e35b20b60ee457bb770d4f4b5eff4b0a004bd8aeb38dfc4f2d0666570,https://www.sec.gov/Archives/edgar/data/2021861/000202186124000001/primary_doc.xml,,2026-10-05T19:08:22.987543+00:00,disclosed,06b false 2023-12-13 false true false 0 Indefinite 5000015 Indefinite false 3
elementl-gevernova-hitachi-early-works-2026,agreement,39b58f032313ce0ac7826c254b646666bd19877767b1e03535b4d0442de253c3,https://www.elementlpower.com/newsroom/061826/seohio,,2026-10-05T20:34:14.675502+00:00,disclosed,Elementl has signed an Early Works Agreement with GE Vernova Hitachi Nuclear Energy
elementl-gevernova-hitachi-early-works-2026,announced_on,39b58f032313ce0ac7826c254b646666bd19877767b1e03535b4d0442de253c3,https://www.elementlpower.com/newsroom/061826/seohio,,2026-10-05T20:34:14.675502+00:00,disclosed,"News release · June 18, 2026"
elementl-gevernova-hitachi-early-works-2026,capacity_mw,39b58f032313ce0ac7826c254b646666bd19877767b1e03535b4d0442de253c3,https://www.elementlpower.com/newsroom/061826/seohio,,2026-10-05T20:34:14.675502+00:00,disclosed,a planned capacity of up to 1.5 gigawatts (GW) in Southeast Ohio
elementl-google-development-capital-2025,announced_on,f3d22ea1ac8eda4a12c7ca4a51af7457c17da3efa75cd0ed3166a9615a54d306,https://www.elementlpower.com/newsroom/050725/google,,2026-10-05T19:05:47.859460+00:00,disclosed,"News release · May 7, 2025"
elementl-google-development-capital-2025,round_label,f3d22ea1ac8eda4a12c7ca4a51af7457c17da3efa75cd0ed3166a9615a54d306,https://www.elementlpower.com/newsroom/050725/google,,2026-10-05T19:05:47.859460+00:00,disclosed,Google will commit early-stage development capital to advance the development of three projects.
elementl-google-development-capital-2025:alphabet,participant,f3d22ea1ac8eda4a12c7ca4a51af7457c17da3efa75cd0ed3166a9615a54d306,https://www.elementlpower.com/newsroom/050725/google,,2026-10-05T19:05:47.859460+00:00,disclosed,Google will commit early-stage development capital to advance the development of three projects.
elementl-google-strategic-agreement-2025,agreement,f3d22ea1ac8eda4a12c7ca4a51af7457c17da3efa75cd0ed3166a9615a54d306,https://www.elementlpower.com/newsroom/050725/google,,2026-10-05T19:05:47.859460+00:00,disclosed,today announced the signing of a strategic agreement with Google to pre-position three project sites for advanced nuclear energy
elementl-google-strategic-agreement-2025,capacity_mw,f3d22ea1ac8eda4a12c7ca4a51af7457c17da3efa75cd0ed3166a9615a54d306,https://www.elementlpower.com/newsroom/050725/google,,2026-10-05T19:05:47.859460+00:00,disclosed,"Each project would generate at least 600 megawatts (MW) of power capacity, with the option for commercial off-take once complete."
energy-northwest-jda-2023,agreement,db86c83fcbef8023e810745e7dedfcbc8704e21ac346c0f6ef6efef96fc5f87f,https://www.sec.gov/Archives/edgar/data/2088896/000110465926049515/tm2527015-22_424b4.htm,,2026-10-05T17:52:28.012718+00:00,disclosed,June 2023 : Signed JDA with Energy Northwest for up to 12 Xe-100s (960 MWe) in central Washington.
equinix-loi-2024,agreement,b102927bb4983e092b60728911bf3d111aaa04782aff97cd2e504e29e08db2c5,https://www.sec.gov/Archives/edgar/data/1849056/000110465924052980/tm2324337-23_424b3.htm,,2026-10-05T17:54:33.441542+00:00,disclosed,"On February 16, 2024, Oklo entered into a letter of intent with Equinix, Inc."
equinix-loi-2024,capacity,b102927bb4983e092b60728911bf3d111aaa04782aff97cd2e504e29e08db2c5,https://www.sec.gov/Archives/edgar/data/1849056/000110465924052980/tm2324337-23_424b3.htm,,2026-10-05T17:54:33.441542+00:00,disclosed,no less than 100 MWe of energy output and up to cumulative maximum of 500 MWe of total energy output
equinix-loi-2024,value,b102927bb4983e092b60728911bf3d111aaa04782aff97cd2e504e29e08db2c5,https://www.sec.gov/Archives/edgar/data/1849056/000110465924052980/tm2324337-23_424b3.htm,,2026-10-05T17:54:33.441542+00:00,disclosed,"in March 2024, Equinix paid Oklo $25,000,000"
ex-fusion-infuse-2025-1,announced_on,398b567189796840676f664c2caa21112f49510be7a6040d2e651e49894f454a,https://infuse.ornl.gov/awards/page/2,,2026-10-05T18:58:09.555034+00:00,disclosed,"INFUSE 2025 - September 10, 2025 | EX-Fusion America, Inc | Idaho National Laboratory (INL)"
ex-fusion-infuse-2025-1,round_label,398b567189796840676f664c2caa21112f49510be7a6040d2e651e49894f454a,https://infuse.ornl.gov/awards/page/2,,2026-10-05T18:58:09.555034+00:00,disclosed,"INFUSE 2025 - September 10, 2025 | EX-Fusion America, Inc | Idaho National Laboratory (INL)"
ex-fusion-infuse-2025-1,use_of_proceeds,398b567189796840676f664c2caa21112f49510be7a6040d2e651e49894f454a,https://infuse.ornl.gov/awards/page/2,,2026-10-05T18:58:09.555034+00:00,disclosed,Evaluating the impact of lead-lithium purity on tritium transport
ex-fusion-infuse-2025-1:doe-gain-infuse,participant,398b567189796840676f664c2caa21112f49510be7a6040d2e651e49894f454a,https://infuse.ornl.gov/awards/page/2,,2026-10-05T18:58:09.555034+00:00,disclosed,"INFUSE 2025 - September 10, 2025 | EX-Fusion America, Inc | Idaho National Laboratory (INL)"
exofusion-dear0001995,amount,fcb75d677ddafe7939ebae9733aef8b721d085be717019098670881955475d0b,https://api.usaspending.gov/api/v2/search/spending_by_award/,,2026-10-05T18:56:22.101899+00:00,disclosed,"""Award ID"": ""DEAR0001995"", ""Recipient Name"": ""EXOFUSION INC"", ""Recipient UEI"": ""G1ZWNLDVCSK4"", ""Award Amount"": 499946.0"
exofusion-dear0001995,announced_on,fcb75d677ddafe7939ebae9733aef8b721d085be717019098670881955475d0b,https://api.usaspending.gov/api/v2/search/spending_by_award/,,2026-10-05T18:56:22.101899+00:00,disclosed,"""Base Obligation Date"": ""2025-01-14"", ""generated_internal_id"": ""ASST_NON_DEAR0001995_089"""
exofusion-dear0001995,disbursed_usd,fcb75d677ddafe7939ebae9733aef8b721d085be717019098670881955475d0b,https://api.usaspending.gov/api/v2/search/spending_by_award/,,2026-10-05T18:56:22.101899+00:00,disclosed,"""Award Amount"": 499946.0, ""Total Outlays"": 223937.58"
exofusion-dear0001995,round_label,fcb75d677ddafe7939ebae9733aef8b721d085be717019098670881955475d0b,https://api.usaspending.gov/api/v2/search/spending_by_award/,,2026-10-05T18:56:22.101899+00:00,disclosed,"""Award ID"": ""DEAR0001995"", ""Recipient Name"": ""EXOFUSION INC"""
exofusion-dear0001995,use_of_proceeds,fcb75d677ddafe7939ebae9733aef8b721d085be717019098670881955475d0b,https://api.usaspending.gov/api/v2/search/spending_by_award/,,2026-10-05T18:56:22.101899+00:00,disclosed,"""Description"": ""THIS COOPERATIVE AGREEMENT IS AWARDED TO EXOFUSION, INC. FOR A PROJECT ENTITLED, ''NOVEL LIQUID MET"
exofusion-dear0001995:arpa-e,participant,fcb75d677ddafe7939ebae9733aef8b721d085be717019098670881955475d0b,https://api.usaspending.gov/api/v2/search/spending_by_award/,,2026-10-05T18:56:22.101899+00:00,disclosed,"""Awarding Agency"": ""Department of Energy"", ""Awarding Sub Agency"": ""Department of Energy"""
exofusion-infuse-2024-1,announced_on,3f9772b8ec59d53744feb78696ee70a5bf5374e400119fd6b346a0f18241ff31,https://infuse.ornl.gov/awards/page/3,,2026-10-05T18:58:12.635614+00:00,disclosed,"INFUSE 2024 - August 8, 2024 | ExoFusion | Penn State University"
exofusion-infuse-2024-1,round_label,3f9772b8ec59d53744feb78696ee70a5bf5374e400119fd6b346a0f18241ff31,https://infuse.ornl.gov/awards/page/3,,2026-10-05T18:58:12.635614+00:00,disclosed,"INFUSE 2024 - August 8, 2024 | ExoFusion | Penn State University"
exofusion-infuse-2024-1,use_of_proceeds,3f9772b8ec59d53744feb78696ee70a5bf5374e400119fd6b346a0f18241ff31,https://infuse.ornl.gov/awards/page/3,,2026-10-05T18:58:12.635614+00:00,disclosed,Testing Novel Liquid Metal PFC compositions
exofusion-infuse-2024-1:doe-gain-infuse,participant,3f9772b8ec59d53744feb78696ee70a5bf5374e400119fd6b346a0f18241ff31,https://infuse.ornl.gov/awards/page/3,,2026-10-05T18:58:12.635614+00:00,disclosed,"INFUSE 2024 - August 8, 2024 | ExoFusion | Penn State University"
first-light-fusion-beis-eef-2018,announced_on,ffe0b77d601e3b7249d12a05088ca9de9b81e8b8cc339bc7e8e9ad409a168814,https://firstlightfusion.com/media/beis-announces-funding-for-project-to-convert-fusion-reactions-into-energy/,,2026-10-05T18:50:55.439801+00:00,disclosed,"Published: December 6, 2018"
first-light-fusion-beis-eef-2018,use_of_proceeds,ffe0b77d601e3b7249d12a05088ca9de9b81e8b8cc339bc7e8e9ad409a168814,https://firstlightfusion.com/media/beis-announces-funding-for-project-to-convert-fusion-reactions-into-energy/,,2026-10-05T18:50:55.439801+00:00,disclosed,"Thanks in part to an Energy Entrepreneurs Fund grant from the Department for Business, Energy & Industrial Strategy (BEIS), a fusion island concept development project is now underway"
first-light-fusion-beis-eef-2018:uk-beis,participant,ffe0b77d601e3b7249d12a05088ca9de9b81e8b8cc339bc7e8e9ad409a168814,https://firstlightfusion.com/media/beis-announces-funding-for-project-to-convert-fusion-reactions-into-energy/,,2026-10-05T18:50:55.439801+00:00,disclosed,"Energy Entrepreneurs Fund grant from the Department for Business, Energy & Industrial Strategy (BEIS)"
first-light-fusion-first-close-2026,amount,154d7dd91f9783e57f0af65b937ffd3f2fc2a7fa25bb32c11afc018fdbbbb786,https://firstlightfusion.com/media/first-light-fusion-announces-25m-successful-first-close-of-new-funding-round-with-investments-from-starmaker-one-ukaea/,,2026-10-05T18:49:53.770160+00:00,disclosed,"The £25 million first close, led by UK venture firm East X Ventures and its fusion fund Starmaker One"
first-light-fusion-first-close-2026,announced_on,154d7dd91f9783e57f0af65b937ffd3f2fc2a7fa25bb32c11afc018fdbbbb786,https://firstlightfusion.com/media/first-light-fusion-announces-25m-successful-first-close-of-new-funding-round-with-investments-from-starmaker-one-ukaea/,,2026-10-05T18:49:53.770160+00:00,disclosed,"Published: April 21, 2026"
first-light-fusion-first-close-2026,closed_on,9530ed187f34e5597c66102bc45769f947c188df650d92c01c99f2addbd7cf8e,https://find-and-update.company-information.service.gov.uk/company/07555858/filing-history,,2026-10-05T17:57:19.146748+00:00,disclosed,SH01 Statement of capital following an allotment of shares on 17 April 2026
first-light-fusion-first-close-2026,round_label,154d7dd91f9783e57f0af65b937ffd3f2fc2a7fa25bb32c11afc018fdbbbb786,https://firstlightfusion.com/media/first-light-fusion-announces-25m-successful-first-close-of-new-funding-round-with-investments-from-starmaker-one-ukaea/,,2026-10-05T18:49:53.770160+00:00,disclosed,announced the successful first close of its latest funding round
first-light-fusion-first-close-2026,use_of_proceeds,154d7dd91f9783e57f0af65b937ffd3f2fc2a7fa25bb32c11afc018fdbbbb786,https://firstlightfusion.com/media/first-light-fusion-announces-25m-successful-first-close-of-new-funding-round-with-investments-from-starmaker-one-ukaea/,,2026-10-05T18:49:53.770160+00:00,disclosed,will accelerate the commercial development of First Light Fusion’s ground-breaking FLARE Fusion Energy concept
first-light-fusion-first-close-2026:east-x-ventures,participant,154d7dd91f9783e57f0af65b937ffd3f2fc2a7fa25bb32c11afc018fdbbbb786,https://firstlightfusion.com/media/first-light-fusion-announces-25m-successful-first-close-of-new-funding-round-with-investments-from-starmaker-one-ukaea/,,2026-10-05T18:49:53.770160+00:00,disclosed,led by UK venture firm East X Ventures and its fusion fund Starmaker One
first-light-fusion-first-close-2026:hostplus,participant,154d7dd91f9783e57f0af65b937ffd3f2fc2a7fa25bb32c11afc018fdbbbb786,https://firstlightfusion.com/media/first-light-fusion-announces-25m-successful-first-close-of-new-funding-round-with-investments-from-starmaker-one-ukaea/,,2026-10-05T18:49:53.770160+00:00,disclosed,investment from existing shareholders IP Group plc and its Hostplus managed fund
first-light-fusion-first-close-2026:ip-group,participant,154d7dd91f9783e57f0af65b937ffd3f2fc2a7fa25bb32c11afc018fdbbbb786,https://firstlightfusion.com/media/first-light-fusion-announces-25m-successful-first-close-of-new-funding-round-with-investments-from-starmaker-one-ukaea/,,2026-10-05T18:49:53.770160+00:00,disclosed,investment from existing shareholders IP Group plc and its Hostplus managed fund
first-light-fusion-first-close-2026:ukaea,participant,154d7dd91f9783e57f0af65b937ffd3f2fc2a7fa25bb32c11afc018fdbbbb786,https://firstlightfusion.com/media/first-light-fusion-announces-25m-successful-first-close-of-new-funding-round-with-investments-from-starmaker-one-ukaea/,,2026-10-05T18:49:53.770160+00:00,disclosed,includes a significant strategic investment from the UK Atomic Energy Authority (UKAEA)
first-light-fusion-frazer-nash-loi,agreement,46895de55eb28d488d6fde2859999af02af9a09f3a16c6c6ebcd9528e260ac2a,https://firstlightfusion.com/media/frazer-nash-consultancy-and-first-light-fusion-research-to-advance-fusion-energy-08-04-25/,,2026-10-05T18:51:04.858990+00:00,disclosed,have signed a non-exclusive letter of understanding to collaborate on the development of cutting-edge engineering technologies
first-light-fusion-idom-collaboration,agreement,fb41db7489832060095f1a8fbba07283837d1d773c08476470da84cc7334143a,https://firstlightfusion.com/media/first-light-strikes-long-term-collaboration-agreement-with-engineering-leaders-idom/,,2026-10-05T18:51:03.864980+00:00,disclosed,has entered a long-term collaboration agreement with IDOM
first-light-fusion-locai-contract,agreement,dbb5e641ca55ae4f9a115dcdbab87e9ca785b6e89d8e25921eeb7bf02b026533,https://firstlightfusion.com/media/locai-labs-signs-contract-with-first-light-fusion-for-the-supply-of-a-domain-specific-llm-for-fusion-energy-research/,,2026-10-05T18:49:55.081049+00:00,disclosed,"successful execution of a contract for the supply and deployment of a bespoke, domain-specific, Large Language Model (DSLM)"
first-light-fusion-oci-2020,amount,4fadc81f665f1e4d5214a22ad0aefedf45d9c1d9b304c977bb003bfd0343a8d8,https://firstlightfusion.com/media/first-light-fusion-raises-25-million/,,2026-10-05T18:50:59.292499+00:00,disclosed,has raised $25 million from both existing and new investors
first-light-fusion-oci-2020,announced_on,4fadc81f665f1e4d5214a22ad0aefedf45d9c1d9b304c977bb003bfd0343a8d8,https://firstlightfusion.com/media/first-light-fusion-raises-25-million/,,2026-10-05T18:50:59.292499+00:00,disclosed,"Published: December 22, 2020"
first-light-fusion-oci-2020,use_of_proceeds,4fadc81f665f1e4d5214a22ad0aefedf45d9c1d9b304c977bb003bfd0343a8d8,https://firstlightfusion.com/media/first-light-fusion-raises-25-million/,,2026-10-05T18:50:59.292499+00:00,disclosed,"The new funding will enable First Light to add 23 new employees across its science, engineering and simulation departments"
first-light-fusion-oci-2020:hostplus,participant,4fadc81f665f1e4d5214a22ad0aefedf45d9c1d9b304c977bb003bfd0343a8d8,https://firstlightfusion.com/media/first-light-fusion-raises-25-million/,,2026-10-05T18:50:59.292499+00:00,disclosed,The funding round was led by Oxford Sciences Innovation (OSI) and includes IP Group plc and Hostplus
first-light-fusion-oci-2020:ip-group,participant,4fadc81f665f1e4d5214a22ad0aefedf45d9c1d9b304c977bb003bfd0343a8d8,https://firstlightfusion.com/media/first-light-fusion-raises-25-million/,,2026-10-05T18:50:59.292499+00:00,disclosed,The funding round was led by Oxford Sciences Innovation (OSI) and includes IP Group plc and Hostplus
first-light-fusion-oci-2020:oxford-sciences-innovation,participant,4fadc81f665f1e4d5214a22ad0aefedf45d9c1d9b304c977bb003bfd0343a8d8,https://firstlightfusion.com/media/first-light-fusion-raises-25-million/,,2026-10-05T18:50:59.292499+00:00,disclosed,The funding round was led by Oxford Sciences Innovation (OSI) and includes IP Group plc and Hostplus
first-light-fusion-sandia-z-machine,agreement,103eca6fbae26979674c3c84a387468fb2f1264ee3f9f8dcf01aed77a961ae2f,https://firstlightfusion.com/media/first-light-fusion-to-become-the-first-fusion-company-granted-access-to-sandias-z-machine/,,2026-10-05T18:51:01.581551+00:00,disclosed,has been awarded two additional shots on the on the ‘Z Machine’ at Sandia National Laboratories
first-light-fusion-seed-2011,announced_on,8f720f1bdd3543f9fdc9b3087526d5234a962739101d6cdc96a14ae3ecc186ef,https://firstlightfusion.com/media/first-light-fusion-signs-agreement-with-uk-atomic-energy-authoritygratulates-nif-on-its-maiden-gain-result-2/,,2026-10-05T18:51:00.642696+00:00,disclosed,"The company was spun out from the University of Oxford in July 2011, with seed capital from IP Group plc, Parkwalk Advisors Ltd and private investors"
first-light-fusion-seed-2011,round_label,8f720f1bdd3543f9fdc9b3087526d5234a962739101d6cdc96a14ae3ecc186ef,https://firstlightfusion.com/media/first-light-fusion-signs-agreement-with-uk-atomic-energy-authoritygratulates-nif-on-its-maiden-gain-result-2/,,2026-10-05T18:51:00.642696+00:00,disclosed,"with seed capital from IP Group plc, Parkwalk Advisors Ltd and private investors"
first-light-fusion-seed-2011:ip-group,participant,8f720f1bdd3543f9fdc9b3087526d5234a962739101d6cdc96a14ae3ecc186ef,https://firstlightfusion.com/media/first-light-fusion-signs-agreement-with-uk-atomic-energy-authoritygratulates-nif-on-its-maiden-gain-result-2/,,2026-10-05T18:51:00.642696+00:00,disclosed,"with seed capital from IP Group plc, Parkwalk Advisors Ltd and private investors"
first-light-fusion-seed-2011:parkwalk-advisors,participant,8f720f1bdd3543f9fdc9b3087526d5234a962739101d6cdc96a14ae3ecc186ef,https://firstlightfusion.com/media/first-light-fusion-signs-agreement-with-uk-atomic-energy-authoritygratulates-nif-on-its-maiden-gain-result-2/,,2026-10-05T18:51:00.642696+00:00,disclosed,"with seed capital from IP Group plc, Parkwalk Advisors Ltd and private investors"
first-light-fusion-tractebel-framework,agreement,8642efce7721c596744b8e879a481343fafe8870f6fcffd570a4b83672b246d8,https://firstlightfusion.com/media/tractebel-supports-first-light-fusion-in-making-inertial-fusion-a-reality/,,2026-10-05T18:51:05.873582+00:00,disclosed,have signed a framework agreement to provide specialist engineering expertise for the development of First Light’s gain demonstrator
first-light-fusion-ukaea-fip-diagnostics-2025,announced_on,afde16da725698f333c9e7c2e8914de6c8b1654a91c2f7c94e978fbe93d88486,https://firstlightfusion.com/media/first-light-fusion-completes-reactor-diagnostic-feasibility-study-in-ukaeas-55m-fusion-industry-programme/,,2026-10-05T18:50:58.769887+00:00,disclosed,"Published: November 11, 2025"
first-light-fusion-ukaea-fip-diagnostics-2025,round_label,afde16da725698f333c9e7c2e8914de6c8b1654a91c2f7c94e978fbe93d88486,https://firstlightfusion.com/media/first-light-fusion-completes-reactor-diagnostic-feasibility-study-in-ukaeas-55m-fusion-industry-programme/,,2026-10-05T18:50:58.769887+00:00,disclosed,A team at First Light Fusion (FLF) has successfully completed a feasibility study project awarded by the United Kingdom Atomic Energy Authority (UKAEA) Fusion Industry Programme
first-light-fusion-ukaea-fip-diagnostics-2025:ukaea,participant,afde16da725698f333c9e7c2e8914de6c8b1654a91c2f7c94e978fbe93d88486,https://firstlightfusion.com/media/first-light-fusion-completes-reactor-diagnostic-feasibility-study-in-ukaeas-55m-fusion-industry-programme/,,2026-10-05T18:50:58.769887+00:00,disclosed,awarded by the United Kingdom Atomic Energy Authority (UKAEA) Fusion Industry Programme
first-light-fusion-ukaea-fip-lithium-2026,announced_on,2c26bc29604f29ba8125d7fca249ae79cc4b4e339867741541e198944aca35a4,https://firstlightfusion.com/media/first-light-fusion-wins-ukaea-contract-to-prove-natural-lithium-shielding-concept/,,2026-10-05T18:51:03.027245+00:00,disclosed,"Published: February 3, 2026"
first-light-fusion-ukaea-fip-lithium-2026,round_label,2c26bc29604f29ba8125d7fca249ae79cc4b4e339867741541e198944aca35a4,https://firstlightfusion.com/media/first-light-fusion-wins-ukaea-contract-to-prove-natural-lithium-shielding-concept/,,2026-10-05T18:51:03.027245+00:00,disclosed,has today announced it has been awarded funding for its Natural Lithium Shielding project under the United Kingdom Atomic Energy Authority (UKAEA) Fusion Industry Programme
first-light-fusion-ukaea-fip-lithium-2026,round_label,1ebb611e264af2b786478d39039ade8389d77e1dd8838cec1e34b18f824476ec,https://www.ukaea.org/news/ukaea-commits-8m-to-uk-firms-for-shielding-and-fusion-fuel-tech/,,2026-10-05T18:01:55.934315+00:00,disclosed,First Light Fusion Ltd Natural lithium shielding
first-light-fusion-ukaea-fip-lithium-2026:ukaea,participant,2c26bc29604f29ba8125d7fca249ae79cc4b4e339867741541e198944aca35a4,https://firstlightfusion.com/media/first-light-fusion-wins-ukaea-contract-to-prove-natural-lithium-shielding-concept/,,2026-10-05T18:51:03.027245+00:00,disclosed,The programme has awarded a total of £8.1 million to 14 organisations
first-light-fusion-ukaea-machine4-facility,agreement,8f720f1bdd3543f9fdc9b3087526d5234a962739101d6cdc96a14ae3ecc186ef,https://firstlightfusion.com/media/first-light-fusion-signs-agreement-with-uk-atomic-energy-authoritygratulates-nif-on-its-maiden-gain-result-2/,,2026-10-05T18:51:00.642696+00:00,disclosed,have today signed an agreement for the design and construction of a new purpose-built facility to house First Light’s Machine 4 at UKAEA’s Culham Campus
first-light-fusion-ukaea-simulation-2025,announced_on,6afd226e260339b25a0bf276cbcb0ce1b834e332d79f1f5d209cba38da4a2f3b,https://firstlightfusion.com/media/flf-awarded-key-contract-to-help-advance-uk-fusion-energy/,,2026-10-05T18:51:04.374234+00:00,disclosed,"Published: December 9, 2025"
first-light-fusion-ukaea-simulation-2025,round_label,6afd226e260339b25a0bf276cbcb0ce1b834e332d79f1f5d209cba38da4a2f3b,https://firstlightfusion.com/media/flf-awarded-key-contract-to-help-advance-uk-fusion-energy/,,2026-10-05T18:51:04.374234+00:00,disclosed,has today announced it has been successfully awarded a contract with the UK Atomic Energy Authority’s (UKAEA) Industry Simulation Software for Fusion project
first-light-fusion-ukaea-simulation-2025:ukaea,participant,6afd226e260339b25a0bf276cbcb0ce1b834e332d79f1f5d209cba38da4a2f3b,https://firstlightfusion.com/media/flf-awarded-key-contract-to-help-advance-uk-fusion-energy/,,2026-10-05T18:51:04.374234+00:00,disclosed,successfully awarded a contract with the UK Atomic Energy Authority’s (UKAEA) Industry Simulation Software for Fusion project
flibe-energy-dene0008845,amount,fa86601a6840dd1e9525167096bc6cf2988c0b6dcd69a7ecfa32826eb9e9e6ea,https://api.usaspending.gov/api/v2/search/spending_by_award/,,2026-10-05T19:09:12.650330+00:00,disclosed,"""Award ID"": ""DENE0008845"", ""Recipient Name"": ""FLIBE ENERGY INC"", ""Recipient UEI"": ""JK5RDF9E2EK7"", ""Award Amount"": 852481.36"
flibe-energy-dene0008845,announced_on,fa86601a6840dd1e9525167096bc6cf2988c0b6dcd69a7ecfa32826eb9e9e6ea,https://api.usaspending.gov/api/v2/search/spending_by_award/,,2026-10-05T19:09:12.650330+00:00,disclosed,"""Base Obligation Date"": ""2019-03-29"", ""generated_internal_id"": ""ASST_NON_DENE0008845_089"""
flibe-energy-dene0008845,disbursed_usd,fa86601a6840dd1e9525167096bc6cf2988c0b6dcd69a7ecfa32826eb9e9e6ea,https://api.usaspending.gov/api/v2/search/spending_by_award/,,2026-10-05T19:09:12.650330+00:00,disclosed,"""Award Amount"": 852481.36, ""Total Outlays"": 540234.79"
flibe-energy-dene0008845,round_label,fa86601a6840dd1e9525167096bc6cf2988c0b6dcd69a7ecfa32826eb9e9e6ea,https://api.usaspending.gov/api/v2/search/spending_by_award/,,2026-10-05T19:09:12.650330+00:00,disclosed,"""Award ID"": ""DENE0008845"", ""Recipient Name"": ""FLIBE ENERGY INC"""
flibe-energy-dene0008845,use_of_proceeds,fa86601a6840dd1e9525167096bc6cf2988c0b6dcd69a7ecfa32826eb9e9e6ea,https://api.usaspending.gov/api/v2/search/spending_by_award/,,2026-10-05T19:09:12.650330+00:00,disclosed,"""Description"": ""COMPETITIVE COOPERATIVE AGREEMENT:  U.S. INDUSTRY OPPORTUNITIES FOR ADVANCED NUCLEAR TECHNOLOGY DEV"
flibe-energy-dene0008845:doe-ne,participant,fa86601a6840dd1e9525167096bc6cf2988c0b6dcd69a7ecfa32826eb9e9e6ea,https://api.usaspending.gov/api/v2/search/spending_by_award/,,2026-10-05T19:09:12.650330+00:00,disclosed,"""Awarding Agency"": ""Department of Energy"", ""Awarding Sub Agency"": ""Department of Energy"""
focused-energy-bmftr-laser-fusion-hub-2026,announced_on,a237e8afb47fd50ed03868514532e9c00028c7a5b79460aa33c1040aec9bebe1,https://www.focused-energy.co/news-release/biblis-wird-zum-laserfusions-hub,,2026-10-05T18:52:03.462837+00:00,disclosed,"Biblis / Darmstadt, 29. Juli 2026"
focused-energy-bmftr-laser-fusion-hub-2026,round_label,a237e8afb47fd50ed03868514532e9c00028c7a5b79460aa33c1040aec9bebe1,https://www.focused-energy.co/news-release/biblis-wird-zum-laserfusions-hub,,2026-10-05T18:52:03.462837+00:00,disclosed,Die geplante Förderung des Fusionsprojekts von Focused Energy durch den Bund
focused-energy-bmftr-laser-fusion-hub-2026:bmftr,participant,a237e8afb47fd50ed03868514532e9c00028c7a5b79460aa33c1040aec9bebe1,https://www.focused-energy.co/news-release/biblis-wird-zum-laserfusions-hub,,2026-10-05T18:52:03.462837+00:00,disclosed,"Das Bundesministerium für Forschung, Technologie und Raumfahrt (BMFTR) verleiht Focused Energy damit eine tragende Rolle"
focused-energy-cumulative-private-2026,amount,810d525cbac18c9a5efaa5671d60d25998f1fd186649b3dff69206509e41dfa2,https://techcrunch.com/2026/06/02/focused-energy-raises-whopping-240m-series-a-for-laser-powered-fusion-tech/,,2026-10-05T18:51:28.434850+00:00,reported,"brings the company’s total private capital raised to $300 million, the company told TechCrunch"
focused-energy-cumulative-private-2026,announced_on,810d525cbac18c9a5efaa5671d60d25998f1fd186649b3dff69206509e41dfa2,https://techcrunch.com/2026/06/02/focused-energy-raises-whopping-240m-series-a-for-laser-powered-fusion-tech/,,2026-10-05T18:51:28.434850+00:00,reported,"10:01 AM PDT · June 2, 2026"
focused-energy-doe-milestone-desc0024883,amount,348cb2f4895795d4a7ddfe442dfef7cba93c08643c7d733aae0fd88b421046fd,https://api.usaspending.gov/api/v2/awards/ASST_NON_DESC0024883_089/,,2026-10-05T18:51:30.553079+00:00,disclosed,"""total_obligation"":7500000.0"
focused-energy-doe-milestone-desc0024883,announced_on,348cb2f4895795d4a7ddfe442dfef7cba93c08643c7d733aae0fd88b421046fd,https://api.usaspending.gov/api/v2/awards/ASST_NON_DESC0024883_089/,,2026-10-05T18:51:30.553079+00:00,disclosed,"""date_signed"":""2024-06-03"""
focused-energy-doe-milestone-desc0024883,disbursed_usd,348cb2f4895795d4a7ddfe442dfef7cba93c08643c7d733aae0fd88b421046fd,https://api.usaspending.gov/api/v2/awards/ASST_NON_DESC0024883_089/,,2026-10-05T18:51:30.553079+00:00,disclosed,"""total_account_outlay"":2150000.0"
focused-energy-doe-milestone-desc0024883,program,69b6dcec82c9dff9e92b6cb0b2745b6c2fd638b087c2a924c6554ee30662f301,https://www.energy.gov/articles/us-department-energy-announces-selectees-107-million-fusion-innovation-research-engine,,2026-10-05T17:59:15.755855+00:00,disclosed,Demonstration of ion-beam focusing to support the fast-ignition approach to inertial fusion energy
focused-energy-doe-milestone-desc0024883:doe-fes,participant,348cb2f4895795d4a7ddfe442dfef7cba93c08643c7d733aae0fd88b421046fd,https://api.usaspending.gov/api/v2/awards/ASST_NON_DESC0024883_089/,,2026-10-05T18:51:30.553079+00:00,disclosed,"""recipient_name"":""FOCUSED ENERGY INC"""
focused-energy-doe-milestone-desc0024883:doe-fes,participant,348cb2f4895795d4a7ddfe442dfef7cba93c08643c7d733aae0fd88b421046fd,https://api.usaspending.gov/api/v2/awards/ASST_NON_DESC0024883_089/,,2026-10-05T18:51:30.553079+00:00,disclosed,"""subtier_agency"":{""name"":""Department of Energy"",""code"":""8900"""
focused-energy-eic-europa-101257418,amount,b6005228c31af33b2caaaee84bfcd5106dc0b0248e30fbe5e40517e83f18a613,https://cordis.europa.eu/project/id/101257418,,2026-10-05T18:52:21.902187+00:00,disclosed,"deducted by the EU contribution to its linked third party. It considers the distribution of the EU financial contribution between direct beneficiaries of the project and other types of participants, like third-party participants. € 125 000,00"
focused-energy-eic-europa-101257418,announced_on,b6005228c31af33b2caaaee84bfcd5106dc0b0248e30fbe5e40517e83f18a613,https://cordis.europa.eu/project/id/101257418,,2026-10-05T18:52:21.902187+00:00,disclosed,EC signature date 18 December 2025
focused-energy-eic-europa-101257418:eic,participant,b6005228c31af33b2caaaee84bfcd5106dc0b0248e30fbe5e40517e83f18a613,https://cordis.europa.eu/project/id/101257418,,2026-10-05T18:52:21.902187+00:00,disclosed,Funded under The European Innovation Council (EIC)
focused-energy-horizon-infra-4u-pi-101290656,amount,93037db2b9fcce606264912bd6ad16847c6d1bdbb206e208dbaeb285daf2ae77,https://cordis.europa.eu/project/id/101290656,,2026-10-05T18:52:23.056250+00:00,disclosed,"deducted by the EU contribution to its linked third party. It considers the distribution of the EU financial contribution between direct beneficiaries of the project and other types of participants, like third-party participants. € 252 117,50"
focused-energy-horizon-infra-4u-pi-101290656,announced_on,93037db2b9fcce606264912bd6ad16847c6d1bdbb206e208dbaeb285daf2ae77,https://cordis.europa.eu/project/id/101290656,,2026-10-05T18:52:23.056250+00:00,disclosed,EC signature date 7 May 2026
focused-energy-horizon-infra-4u-pi-101290656:european-commission-horizon,participant,93037db2b9fcce606264912bd6ad16847c6d1bdbb206e208dbaeb285daf2ae77,https://cordis.europa.eu/project/id/101290656,,2026-10-05T18:52:23.056250+00:00,disclosed,Funded under Research infrastructures
focused-energy-lle-research-collaboration-2026,agreement,405c50418b92782589ec20ed8513959354d13a860006a78ccf0f5a98d9ff1886,https://www.focused-energy.co/news-release/focused-energy-and-the-university-of-rochesters-laboratory-for-laser-energetics-lle-announce-6-9-million-research-collaboration-to-bridge-fusion-science-and-commercial-power,,2026-10-05T18:52:04.734501+00:00,disclosed,"Energetics (LLE) have established a $6.9 million partnership, the largest single industrial-sponsored research agreement awarded to LLE"
focused-energy-series-a-2026,amount,da3995cc4a5abe5a43060601511262f9d2bb168faae5322e3f830cfd84eceb79,https://www.focused-energy.co/news-release/focused-energy-sichert-240-millionen-us-dollar,,2026-10-05T18:51:54.777921+00:00,disclosed,hat in einer Serie-A-Finanzierungsrunde 240 Millionen US-Dollar eingeworben
focused-energy-series-a-2026,announced_on,da3995cc4a5abe5a43060601511262f9d2bb168faae5322e3f830cfd84eceb79,https://www.focused-energy.co/news-release/focused-energy-sichert-240-millionen-us-dollar,,2026-10-05T18:51:54.777921+00:00,disclosed,"Darmstadt, 27. Mai 2026"
focused-energy-series-a-2026,closed_on,432207e510d213566338a4a5b98f8ee486d82fd74d57beeb2d42065aea12be93,https://www.focused-energy.co/news-release/lowercarbon-capital-joins-focused-energys-series-a----the-largest-fully-secured-series-a-in-global-fusion,,2026-10-05T18:52:03.875383+00:00,disclosed,The formal closing of Lowercarbon Capital's participation marks the completion of the round.
focused-energy-series-a-2026,round_label,da3995cc4a5abe5a43060601511262f9d2bb168faae5322e3f830cfd84eceb79,https://www.focused-energy.co/news-release/focused-energy-sichert-240-millionen-us-dollar,,2026-10-05T18:51:54.777921+00:00,disclosed,Serie-A-Finanzierungsrunde
focused-energy-series-a-2026:beteiligungs-managementgesellschaft-hessen,participant,da3995cc4a5abe5a43060601511262f9d2bb168faae5322e3f830cfd84eceb79,https://www.focused-energy.co/news-release/focused-energy-sichert-240-millionen-us-dollar,,2026-10-05T18:51:54.777921+00:00,disclosed,"die Beteiligungs-Managementgesellschaft Hessen, Futury Capital sowie der bisherige Lead-Investor Prime Movers Lab"
focused-energy-series-a-2026:east-x-ventures,participant,432207e510d213566338a4a5b98f8ee486d82fd74d57beeb2d42065aea12be93,https://www.focused-energy.co/news-release/lowercarbon-capital-joins-focused-energys-series-a----the-largest-fully-secured-series-a-in-global-fusion,,2026-10-05T18:52:03.875383+00:00,disclosed,"Futury Capital, EastX Ventures, and Prime Movers Lab"
focused-energy-series-a-2026:eic,participant,da3995cc4a5abe5a43060601511262f9d2bb168faae5322e3f830cfd84eceb79,https://www.focused-energy.co/news-release/focused-energy-sichert-240-millionen-us-dollar,,2026-10-05T18:51:54.777921+00:00,disclosed,"SPRIND, der European Innovation Council Fund, die Beteiligungs-Managementgesellschaft Hessen"
focused-energy-series-a-2026:futury-capital,participant,da3995cc4a5abe5a43060601511262f9d2bb168faae5322e3f830cfd84eceb79,https://www.focused-energy.co/news-release/focused-energy-sichert-240-millionen-us-dollar,,2026-10-05T18:51:54.777921+00:00,disclosed,"die Beteiligungs-Managementgesellschaft Hessen, Futury Capital sowie der bisherige Lead-Investor Prime Movers Lab"
focused-energy-series-a-2026:lowercarbon-capital,participant,432207e510d213566338a4a5b98f8ee486d82fd74d57beeb2d42065aea12be93,https://www.focused-energy.co/news-release/lowercarbon-capital-joins-focused-energys-series-a----the-largest-fully-secured-series-a-in-global-fusion,,2026-10-05T18:52:03.875383+00:00,disclosed,today announces the participation of Lowercarbon Capital in its Series A financing round
focused-energy-series-a-2026:prime-movers-lab,participant,da3995cc4a5abe5a43060601511262f9d2bb168faae5322e3f830cfd84eceb79,https://www.focused-energy.co/news-release/focused-energy-sichert-240-millionen-us-dollar,,2026-10-05T18:51:54.777921+00:00,disclosed,Futury Capital sowie der bisherige Lead-Investor Prime Movers Lab aus den USA
focused-energy-series-a-2026:rwe,participant,da3995cc4a5abe5a43060601511262f9d2bb168faae5322e3f830cfd84eceb79,https://www.focused-energy.co/news-release/focused-energy-sichert-240-millionen-us-dollar,,2026-10-05T18:51:54.777921+00:00,disclosed,Zu den Kapitalgebern zählen neben RWE die Bundesagentur für Sprunginnovationen SPRIND
focused-energy-series-a-2026:rwe,participant,810d525cbac18c9a5efaa5671d60d25998f1fd186649b3dff69206509e41dfa2,https://techcrunch.com/2026/06/02/focused-energy-raises-whopping-240m-series-a-for-laser-powered-fusion-tech/,,2026-10-05T18:51:28.434850+00:00,reported,"RWE was the main investor in the Series A, Focused Energy told TechCrunch."
focused-energy-series-a-2026:sprind,participant,da3995cc4a5abe5a43060601511262f9d2bb168faae5322e3f830cfd84eceb79,https://www.focused-energy.co/news-release/focused-energy-sichert-240-millionen-us-dollar,,2026-10-05T18:51:54.777921+00:00,disclosed,"die Bundesagentur für Sprunginnovationen SPRIND, der European Innovation Council Fund"
follow-on-2025-06,amount,7ca433c6ed60b6539c7fb7739c8847a88cbf977cf40d3835059a3d4a0aadc8bf,https://www.sec.gov/Archives/edgar/data/1849056/000162828026018698/oklo-20251231.htm,,2026-10-05T18:53:13.718570+00:00,disclosed,"the Company raised gross proceeds of $ 460,000 pursuant to a firm commitment underwritten public offering of 7,666,667 shares"
follow-on-2025-06,announced_on,7c97ffc7decc46903d6ff12095d871f84ce97c7ad715907b379adf7c7baab072,https://www.sec.gov/Archives/edgar/data/1849056/000110465925059855/tm2518068d1_8k.htm,,2026-10-05T18:50:23.840586+00:00,disclosed,"On June 12, 2025, Oklo Inc. (the “Company”) entered into an Underwriting Agreement"
follow-on-2025-06,round_label,ca6ff28b0405414bc45211f851ff3e0e01f71450d350937eca0be5aaa4fb0d20,https://www.sec.gov/Archives/edgar/data/1849056/000110465925059431/tm2517461-3_424b5.htm,,2026-10-05T17:52:26.739107+00:00,disclosed,"400,000,020.00"
follow-on-2025-06,use_of_proceeds,ca6ff28b0405414bc45211f851ff3e0e01f71450d350937eca0be5aaa4fb0d20,https://www.sec.gov/Archives/edgar/data/1849056/000110465925059431/tm2517461-3_424b5.htm,,2026-10-05T17:52:26.739107+00:00,disclosed,"general corporate purposes, working capital and capital expenditures, and potential future investments"
fuse-2024-02-afwerx-sbir,announced_on,d703917bfc9be69c59c504610e7f72a4afa65ea7d16c44e81818aa1eadc51f07,https://www.f.energy/library/usairforcesbirannouncement,,2026-10-05T18:50:18.420661+00:00,disclosed,February 27 2024 Fuse Wins Air Force SBIR Contract to Prototype Lower Cost Nuclear Effects Testing
fuse-2024-02-afwerx-sbir:us-air-force-afwerx,participant,d703917bfc9be69c59c504610e7f72a4afa65ea7d16c44e81818aa1eadc51f07,https://www.f.energy/library/usairforcesbirannouncement,,2026-10-05T18:50:18.420661+00:00,disclosed,it has been selected for an AFWERX Small Business Innovation Research (SBIR) contract
fuse-2024-07-cumulative-20m,amount,1c57c88e7eb7595c8cdf970a4c2da0d78db909feb0cf09e05ad2cf14589d04a7,https://www.f.energy/library,,2026-10-05T18:49:17.896199+00:00,reported,has raised $20 million and signed on Iran's former top nuclear scientist
fuse-2024-07-cumulative-20m,announced_on,1c57c88e7eb7595c8cdf970a4c2da0d78db909feb0cf09e05ad2cf14589d04a7,https://www.f.energy/library,,2026-10-05T18:49:17.896199+00:00,reported,fuse-fusion-energy-startup-cia/ 2024-07-03
fuse-2024-07-sandia-crada,agreement,b853a228af9f1505ec0c07b754c46cf24456e492538d84c93707252b2b5f5079,https://www.f.energy/library/fuse-sandia-crada-announcement,,2026-10-05T18:50:19.275726+00:00,disclosed,Fuse Signs Cooperative Research and Development Agreement (CRADA) with Sandia National Laboratories
fuse-2024-09-round-32m,amount,1c57c88e7eb7595c8cdf970a4c2da0d78db909feb0cf09e05ad2cf14589d04a7,https://www.f.energy/library,,2026-10-05T18:49:17.896199+00:00,reported,Fuse Energy Technologies Raises $32M
fuse-2024-09-round-32m,announced_on,1c57c88e7eb7595c8cdf970a4c2da0d78db909feb0cf09e05ad2cf14589d04a7,https://www.f.energy/library,,2026-10-05T18:49:17.896199+00:00,reported,ignition-news.com/fuse-energy-technologies-raises-32m/ 2024-09-16
fuse-2024-09-round-32m,valuation,1c57c88e7eb7595c8cdf970a4c2da0d78db909feb0cf09e05ad2cf14589d04a7,https://www.f.energy/library,,2026-10-05T18:49:17.896199+00:00,reported,Nuclear Startup Fuse Valued at Over $200 Million in New Funding
fuse-2025-04-cumulative-52m,amount,1c57c88e7eb7595c8cdf970a4c2da0d78db909feb0cf09e05ad2cf14589d04a7,https://www.f.energy/library,,2026-10-05T18:49:17.896199+00:00,reported,raising $52M in capital along the way
fuse-2025-04-cumulative-52m,announced_on,1c57c88e7eb7595c8cdf970a4c2da0d78db909feb0cf09e05ad2cf14589d04a7,https://www.f.energy/library,,2026-10-05T18:49:17.896199+00:00,reported,GkGWBGJlQrs 2025-04-23
fuse-2025-07-lanl-crada,agreement,2b0cdfe8b9afe44eff1462f878ac639320160110d9b918f2e1c23f7855ce752f,https://www.f.energy/library/fuse-los-alamos-crada-announcement,,2026-10-05T18:50:18.998295+00:00,disclosed,"Fuse Teams Up with Los Alamos National Laboratory (LANL), Signs Cooperative Research and Development Agreement (CRADA)"
fuse-2026-02-mda-shield-idiq,agreement,dd0178fee05ccb0032042f3b8b3ac90c126e606dd2a993922fea9361992bbe30,https://www.f.energy/library/fuse-federal-subsidiary-selected-by-missile-defense-agency-151b-shield-idiq-program-to-support-golden-dome-defense,,2026-10-05T18:50:18.719510+00:00,disclosed,has been awarded a contract for the Missile Defense Agency's (MDA) Scalable Homeland Innovative Enterprise Layered Defense (SHIELD) multiple-award
fuse-2026-08-nnss-crada,agreement,3e0cb8b577b49676943ee11429f2b646b696aeb1f7ff1f8006b48729e5330bdb,https://www.f.energy/library/fuse-deepens-partnership-across-u-s-nuclear-security-enterprise-with-five-year-cooperative-research-and-development-agreement-crada-with-nevada-national-security-sites-nnss,,2026-10-05T18:50:19.964767+00:00,disclosed,today announced the signing of a five-year Cooperative Research and Development Agreement (CRADA) with Mission Support and Test Services (MSTS)
gauss-fusion-bmftr-fusion-hub-stride-2026-07,announced_on,c4300ec19388a9894397aa1a072297f99301d30438d46113e45ae6a0db61fe3b,https://www.bmftr.bund.de/SharedDocs/Kurzmeldungen/DE/2026/07/290726-fusionshubs.html,,2026-10-05T18:51:43.532829+00:00,disclosed,Meldung 29.07.2026
gauss-fusion-bmftr-fusion-hub-stride-2026-07,recipient,c4300ec19388a9894397aa1a072297f99301d30438d46113e45ae6a0db61fe3b,https://www.bmftr.bund.de/SharedDocs/Kurzmeldungen/DE/2026/07/290726-fusionshubs.html,,2026-10-05T18:51:43.532829+00:00,disclosed,"Der von Proxima Fusion, Gauss Fusion und dem Max-Planck-Institut für Plasmaphysik koordinierte Hub"
gauss-fusion-bmftr-fusion-hub-stride-2026-07:bmftr,participant,c4300ec19388a9894397aa1a072297f99301d30438d46113e45ae6a0db61fe3b,https://www.bmftr.bund.de/SharedDocs/Kurzmeldungen/DE/2026/07/290726-fusionshubs.html,,2026-10-05T18:51:43.532829+00:00,disclosed,Das BMFTR stellt dafür zunächst 125 Millionen Euro bereit
gauss-fusion-founders-pre-seed-2023-02,amount,ae081374e7a52341ae40b586e7fc220745290891becba46ed2367396ac49f1b5,https://www.bruker.com/en/news-and-events/news/2023/european-gauss-fusion-initiative-seeks-to-use-magnetic-fusion.html,,2026-10-05T18:51:38.437085+00:00,disclosed,Gauss Fusion completed a founders’ pre-seed financing round with €8 million in initial capital
gauss-fusion-founders-pre-seed-2023-02,announced_on,ae081374e7a52341ae40b586e7fc220745290891becba46ed2367396ac49f1b5,https://www.bruker.com/en/news-and-events/news/2023/european-gauss-fusion-initiative-seeks-to-use-magnetic-fusion.html,,2026-10-05T18:51:38.437085+00:00,disclosed,"HANAU, Germany - February 28, 2023 - Gauss Fusion GmbH is a greentech venture"
gauss-fusion-founders-pre-seed-2023-02,round_label,ae081374e7a52341ae40b586e7fc220745290891becba46ed2367396ac49f1b5,https://www.bruker.com/en/news-and-events/news/2023/european-gauss-fusion-initiative-seeks-to-use-magnetic-fusion.html,,2026-10-05T18:51:38.437085+00:00,disclosed,founders’ pre-seed financing round
gauss-fusion-founders-pre-seed-2023-02:alcen,participant,ae081374e7a52341ae40b586e7fc220745290891becba46ed2367396ac49f1b5,https://www.bruker.com/en/news-and-events/news/2023/european-gauss-fusion-initiative-seeks-to-use-magnetic-fusion.html,,2026-10-05T18:51:38.437085+00:00,disclosed,"Founding companies and strategic partners from the fusion technology industry are Alcen (France), ASG Superconductors (Italy), Bruker EAS (Germany), IDOM (Spain), and RI Research Instruments (Germany)"
gauss-fusion-founders-pre-seed-2023-02:asg-superconductors,participant,ae081374e7a52341ae40b586e7fc220745290891becba46ed2367396ac49f1b5,https://www.bruker.com/en/news-and-events/news/2023/european-gauss-fusion-initiative-seeks-to-use-magnetic-fusion.html,,2026-10-05T18:51:38.437085+00:00,disclosed,"Alcen (France), ASG Superconductors (Italy), Bruker EAS (Germany), IDOM (Spain)"
gauss-fusion-founders-pre-seed-2023-02:bruker,participant,ae081374e7a52341ae40b586e7fc220745290891becba46ed2367396ac49f1b5,https://www.bruker.com/en/news-and-events/news/2023/european-gauss-fusion-initiative-seeks-to-use-magnetic-fusion.html,,2026-10-05T18:51:38.437085+00:00,disclosed,"ASG Superconductors (Italy), Bruker EAS (Germany), IDOM (Spain), and RI Research Instruments (Germany)"
gauss-fusion-founders-pre-seed-2023-02:idom,participant,ae081374e7a52341ae40b586e7fc220745290891becba46ed2367396ac49f1b5,https://www.bruker.com/en/news-and-events/news/2023/european-gauss-fusion-initiative-seeks-to-use-magnetic-fusion.html,,2026-10-05T18:51:38.437085+00:00,disclosed,"Bruker EAS (Germany), IDOM (Spain), and RI Research Instruments (Germany)"
gauss-fusion-founders-pre-seed-2023-02:ri-research-instruments,participant,ae081374e7a52341ae40b586e7fc220745290891becba46ed2367396ac49f1b5,https://www.bruker.com/en/news-and-events/news/2023/european-gauss-fusion-initiative-seeks-to-use-magnetic-fusion.html,,2026-10-05T18:51:38.437085+00:00,disclosed,"IDOM (Spain), and RI Research Instruments (Germany)"
general-fusion-bc-grant-2023,amount,af55d7800f7e57cd2c3f9d3c75cdf42e47021c3d7607f2a6cc469e7599ac707c,https://generalfusion.com/post/canadian-government-awards-new-funding-to-general-fusion/,,2026-10-05T19:01:07.741854+00:00,disclosed,the B.C. Government announced CA$5 million in provincial support
general-fusion-bc-grant-2023,announced_on,1d33b095e7304e9e4ac9431b6c41b5793eb28a4f3591863d5fe737ef91461fd9,https://generalfusion.com/post/general-fusion-announces-funding-to-build-new-fusion-machine-targeting-scientific-breakeven-by-2026/,,2026-10-05T19:01:06.339977+00:00,disclosed,It also included new grant funding from the Government of British Columbia
general-fusion-bc-grant-2023:british-columbia-government,participant,1d33b095e7304e9e4ac9431b6c41b5793eb28a4f3591863d5fe737ef91461fd9,https://generalfusion.com/post/general-fusion-announces-funding-to-build-new-fusion-machine-targeting-scientific-breakeven-by-2026/,,2026-10-05T19:01:06.339977+00:00,disclosed,new grant funding from the Government of British Columbia
general-fusion-cnl-bdc-2024,amount,5355adcbae9099d348fe915303ec4d50ff849f3122dace311ec3fd7b89bef572,https://generalfusion.com/post/canadian-nuclear-laboratories-and-business-development-bank-of-canada-announce-20-million-lead-investment-in-general-fusion/,,2026-10-05T19:01:07.015806+00:00,disclosed,with a new CA$20 million investment from Canadian Nuclear Laboratories (CNL)
general-fusion-cnl-bdc-2024,amount_kind,ea0db30c00c175571b43becde22c17c4d6aa5e27fe49aeb9bcb324246d6fcd67,https://www.sec.gov/Archives/edgar/data/2074850/000110465926073425/tm266688-18_424b3.htm,,2026-10-05T19:00:22.166604+00:00,disclosed,cash inflows from financing activities consisted mainly of $15.8 million of proceeds from the issuance of convertible promissory notes and $1.5 million of proceeds from the issuance of SIF warrants
general-fusion-cnl-bdc-2024,announced_on,5355adcbae9099d348fe915303ec4d50ff849f3122dace311ec3fd7b89bef572,https://generalfusion.com/post/canadian-nuclear-laboratories-and-business-development-bank-of-canada-announce-20-million-lead-investment-in-general-fusion/,,2026-10-05T19:01:07.015806+00:00,disclosed,"Chalk River, ON (August 8, 2024)"
general-fusion-cnl-bdc-2024,round_label,5355adcbae9099d348fe915303ec4d50ff849f3122dace311ec3fd7b89bef572,https://generalfusion.com/post/canadian-nuclear-laboratories-and-business-development-bank-of-canada-announce-20-million-lead-investment-in-general-fusion/,,2026-10-05T19:01:07.015806+00:00,disclosed,lead investment of CA$10 million each in General Fusion
general-fusion-cnl-bdc-2024:bdc-capital,participant,5355adcbae9099d348fe915303ec4d50ff849f3122dace311ec3fd7b89bef572,https://generalfusion.com/post/canadian-nuclear-laboratories-and-business-development-bank-of-canada-announce-20-million-lead-investment-in-general-fusion/,,2026-10-05T19:01:07.015806+00:00,disclosed,lead investment of CA$10 million each in General Fusion
general-fusion-cnl-bdc-2024:canadian-nuclear-laboratories,participant,5355adcbae9099d348fe915303ec4d50ff849f3122dace311ec3fd7b89bef572,https://generalfusion.com/post/canadian-nuclear-laboratories-and-business-development-bank-of-canada-announce-20-million-lead-investment-in-general-fusion/,,2026-10-05T19:01:07.015806+00:00,disclosed,lead investment of CA$10 million each in General Fusion
general-fusion-cnl-cnri-2024,agreement,61c9a21312eb08a4cf196d74290492b1129ffdca9656203f7e18a54acc9cf238,https://generalfusion.com/post/general-fusion-partners-with-canadian-nuclear-laboratories-to-advance-commercial-power-plant-design/,,2026-10-05T19:01:14.321733+00:00,disclosed,General Fusion has launched a new project in collaboration with Canadian Nuclear Laboratories
general-fusion-cnl-cnri-2024,announced_on,61c9a21312eb08a4cf196d74290492b1129ffdca9656203f7e18a54acc9cf238,https://generalfusion.com/post/general-fusion-partners-with-canadian-nuclear-laboratories-to-advance-commercial-power-plant-design/,,2026-10-05T19:01:14.321733+00:00,disclosed,"RICHMOND, British Columbia (April 4, 2024)"
general-fusion-convertible-notes-2024,amount,ea0db30c00c175571b43becde22c17c4d6aa5e27fe49aeb9bcb324246d6fcd67,https://www.sec.gov/Archives/edgar/data/2074850/000110465926073425/tm266688-18_424b3.htm,,2026-10-05T19:00:22.166604+00:00,disclosed,with an aggregate principal amount of $15.8 million
general-fusion-convertible-notes-2024,announced_on,ea0db30c00c175571b43becde22c17c4d6aa5e27fe49aeb9bcb324246d6fcd67,https://www.sec.gov/Archives/edgar/data/2074850/000110465926073425/tm266688-18_424b3.htm,,2026-10-05T19:00:22.166604+00:00,disclosed,"On July 16, 2024, the Company issued convertible promissory notes"
general-fusion-infuse-srnl,announced_on,dc604e52aab373c8ff2dcaa89dc78ce5fd27c6bb304bd341480d1e972cdd2db8,https://generalfusion.com/post/u-s-department-of-energy-funded-study-supports-general-fusions-fuel-cycle-design/,,2026-10-05T19:01:12.789402+00:00,disclosed,"VANCOUVER, British Columbia – May 4, 2026"
general-fusion-infuse-srnl,round_label,dc604e52aab373c8ff2dcaa89dc78ce5fd27c6bb304bd341480d1e972cdd2db8,https://generalfusion.com/post/u-s-department-of-energy-funded-study-supports-general-fusions-fuel-cycle-design/,,2026-10-05T19:01:12.789402+00:00,disclosed,completed under the U.S. Department of Energy’s INFUSE program
general-fusion-infuse-srnl:doe-gain-infuse,participant,dc604e52aab373c8ff2dcaa89dc78ce5fd27c6bb304bd341480d1e972cdd2db8,https://generalfusion.com/post/u-s-department-of-energy-funded-study-supports-general-fusions-fuel-cycle-design/,,2026-10-05T19:01:12.789402+00:00,disclosed,completed under the U.S. Department of Energy’s INFUSE program
general-fusion-kyoto-fusioneering-2023,agreement,cc3bbb7f0f04bdf9dd48980ec5d0bdf58904df1a48d6824bf30e090cb4f855e8,https://generalfusion.com/post/general-fusion-and-kyoto-fusioneering-sign-mou/,,2026-10-05T19:04:09.510562+00:00,disclosed,announced a Memorandum of Understanding (MOU) to accelerate the commercialization
general-fusion-kyoto-fusioneering-2023,announced_on,cc3bbb7f0f04bdf9dd48980ec5d0bdf58904df1a48d6824bf30e090cb4f855e8,https://generalfusion.com/post/general-fusion-and-kyoto-fusioneering-sign-mou/,,2026-10-05T19:04:09.510562+00:00,disclosed,"RICHMOND, Canada; TOKYO, Japan (October 11, 2023)"
general-fusion-nrc-iap-2020,amount,c638ee082e546e2d3dcd3762f41042a6061fc927b4665a852f68edb5b62c551e,https://open.canada.ca/data/en/api/3/action/datastore_search?resource_id=1d15a62f-5656-49ad-8c88-f40ce689d831&limit=50&filters=%7B%22recipient_legal_name%22%3A%22General%20Fusion%20Inc.%22%7D,,2026-10-05T18:10:38.008411+00:00,disclosed,"""agreement_value"":""680988"""
general-fusion-nrc-iap-2020,announced_on,c638ee082e546e2d3dcd3762f41042a6061fc927b4665a852f68edb5b62c551e,https://open.canada.ca/data/en/api/3/action/datastore_search?resource_id=1d15a62f-5656-49ad-8c88-f40ce689d831&limit=50&filters=%7B%22recipient_legal_name%22%3A%22General%20Fusion%20Inc.%22%7D,,2026-10-05T18:10:38.008411+00:00,disclosed,"""agreement_start_date"":""2020-04-01"""
general-fusion-nrc-iap-2020,round_label,c638ee082e546e2d3dcd3762f41042a6061fc927b4665a852f68edb5b62c551e,https://open.canada.ca/data/en/api/3/action/datastore_search?resource_id=1d15a62f-5656-49ad-8c88-f40ce689d831&limit=50&filters=%7B%22recipient_legal_name%22%3A%22General%20Fusion%20Inc.%22%7D,,2026-10-05T18:10:38.008411+00:00,disclosed,"""prog_name_en"":""Innovation Assistance Program"""
general-fusion-nrc-iap-2020:nrc-ca,participant,c638ee082e546e2d3dcd3762f41042a6061fc927b4665a852f68edb5b62c551e,https://open.canada.ca/data/en/api/3/action/datastore_search?resource_id=1d15a62f-5656-49ad-8c88-f40ce689d831&limit=50&filters=%7B%22recipient_legal_name%22%3A%22General%20Fusion%20Inc.%22%7D,,2026-10-05T18:10:38.008411+00:00,disclosed,"""owner_org"":""nrc-cnrc"""
general-fusion-nserc-alliance-2024,announced_on,efadb422f149e329d40a9e8830b06ea726d7128d597af0f27746cefed23850de,https://generalfusion.com/post/nserc-awards-funding-for-general-fusion-lm26-diagnostic-system/,,2026-10-05T19:01:13.513953+00:00,disclosed,"RICHMOND, British Columbia (November 13, 2024)"
general-fusion-nserc-alliance-2024,round_label,efadb422f149e329d40a9e8830b06ea726d7128d597af0f27746cefed23850de,https://generalfusion.com/post/nserc-awards-funding-for-general-fusion-lm26-diagnostic-system/,,2026-10-05T19:01:13.513953+00:00,disclosed,Alliance program has awarded funding
general-fusion-pipe-2026,amount,883b50376565546aca62723db1f765cf8d7c071bbda91929d4535291d6c45966,https://www.sec.gov/Archives/edgar/data/2074850/000110465926005601/tm263812d1_8k.htm,,2026-10-05T18:59:30.765960+00:00,disclosed,a private placement of approximately US$105 million of convertible preferred shares and warrants
general-fusion-pipe-2026,amount_gross_units,09b817da0dd70852af98a9b2bb57d2b055e6b2a1b34bcdb814ca6e9546fc4097,https://www.sec.gov/Archives/edgar/data/2074850/000110465926006283/tm263894d1_8k.htm,,2026-10-05T18:59:30.158368+00:00,disclosed,"10,556,367 units of the Company at a price of $10.20 per unit"
general-fusion-pipe-2026,announced_on,1d6fe522a9a3c4609360951a87b02c1217567a1a99f065504d4ced71ae819190,https://www.sec.gov/Archives/edgar/data/2074850/000110465926005601/tm263812d1_ex99-1.htm,,2026-10-05T18:59:55.964203+00:00,disclosed,"FOR IMMEDIATE RELEASE January 22, 2026"
general-fusion-pipe-2026,closed_on,ddfef197d3bac4f14c6e5b5bfeba53c47bc7ff9624fa6483225a0f2f57b4b894,https://www.sec.gov/Archives/edgar/data/2074850/000110465926084015/tm2620136d1_20f.htm,,2026-10-05T18:59:35.629820+00:00,disclosed,"On July 10, 2026 (the “Closing Date”)"
general-fusion-pipe-2026,round_label,09b817da0dd70852af98a9b2bb57d2b055e6b2a1b34bcdb814ca6e9546fc4097,https://www.sec.gov/Archives/edgar/data/2074850/000110465926006283/tm263894d1_8k.htm,,2026-10-05T18:59:30.158368+00:00,disclosed,units of the Company at a price of $10.20 per unit
general-fusion-pipe-2026:alyeska,participant,ddfef197d3bac4f14c6e5b5bfeba53c47bc7ff9624fa6483225a0f2f57b4b894,https://www.sec.gov/Archives/edgar/data/2074850/000110465926084015/tm2620136d1_20f.htm,,2026-10-05T18:59:35.629820+00:00,disclosed,"which prohibits Alyeska Master Fund, L.P. from converting or exercising"
general-fusion-pipe-2026:alyeska,participant,ddfef197d3bac4f14c6e5b5bfeba53c47bc7ff9624fa6483225a0f2f57b4b894,https://www.sec.gov/Archives/edgar/data/2074850/000110465926084015/tm2620136d1_20f.htm,,2026-10-05T18:59:35.629820+00:00,disclosed,"7,843,137 New GF Subordinate Voting Shares issuable upon the exercise of New GF PIPE Warrants"
general-fusion-renexia-2026,agreement,77a842f45c94d38e60b35357438efe12085b6f50115083c0ebf6321c919abe49,https://generalfusion.com/post/general-fusion-and-renexia-announce-framework-agreement-for-the-commercial-deployment-of-fusion-power-in-italy/,,2026-10-05T19:01:12.055263+00:00,disclosed,established a milestone-based framework for collaboration on the commercial deployment
general-fusion-renexia-2026,announced_on,77a842f45c94d38e60b35357438efe12085b6f50115083c0ebf6321c919abe49,https://generalfusion.com/post/general-fusion-and-renexia-announce-framework-agreement-for-the-commercial-deployment-of-fusion-power-in-italy/,,2026-10-05T19:01:12.055263+00:00,disclosed,"VANCOUVER, British Columbia – June 24, 2026"
general-fusion-rights-offering-2025,amount,ea0db30c00c175571b43becde22c17c4d6aa5e27fe49aeb9bcb324246d6fcd67,https://www.sec.gov/Archives/edgar/data/2074850/000110465926073425/tm266688-18_424b3.htm,,2026-10-05T19:00:22.166604+00:00,disclosed,"On August 6, 2025, the Company closed a rights offering financing for total proceeds of $18.4 million"
general-fusion-rights-offering-2025,amount_press_release,9e6b16f8cacf001a7a88e1f55304f3a694df54922e585ec20967e4763ffc0b28,https://generalfusion.com/post/general-fusion-closes-oversubscribed-us22-million-financing-welcomes-new-board-members/,,2026-10-05T19:01:08.325471+00:00,disclosed,General Fusion has closed US$22 million (C$31 million) in new financing
general-fusion-rights-offering-2025,announced_on,9e6b16f8cacf001a7a88e1f55304f3a694df54922e585ec20967e4763ffc0b28,https://generalfusion.com/post/general-fusion-closes-oversubscribed-us22-million-financing-welcomes-new-board-members/,,2026-10-05T19:01:08.325471+00:00,disclosed,"RICHMOND, British Columbia (August 21, 2025)"
general-fusion-rights-offering-2025,closed_on,ea0db30c00c175571b43becde22c17c4d6aa5e27fe49aeb9bcb324246d6fcd67,https://www.sec.gov/Archives/edgar/data/2074850/000110465926073425/tm266688-18_424b3.htm,,2026-10-05T19:00:22.166604+00:00,disclosed,"On August 6, 2025, the Company closed a rights offering"
general-fusion-rights-offering-2025,round_label,9e6b16f8cacf001a7a88e1f55304f3a694df54922e585ec20967e4763ffc0b28,https://generalfusion.com/post/general-fusion-closes-oversubscribed-us22-million-financing-welcomes-new-board-members/,,2026-10-05T19:01:08.325471+00:00,disclosed,General Fusion closes oversubscribed US$22 million financing
general-fusion-rights-offering-2025:chrysalix,participant,9e6b16f8cacf001a7a88e1f55304f3a694df54922e585ec20967e4763ffc0b28,https://generalfusion.com/post/general-fusion-closes-oversubscribed-us22-million-financing-welcomes-new-board-members/,,2026-10-05T19:01:08.325471+00:00,disclosed,"Chrysalix Venture Capital, MILFAM LLC"
general-fusion-rights-offering-2025:gaingels,participant,9e6b16f8cacf001a7a88e1f55304f3a694df54922e585ec20967e4763ffc0b28,https://generalfusion.com/post/general-fusion-closes-oversubscribed-us22-million-financing-welcomes-new-board-members/,,2026-10-05T19:01:08.325471+00:00,disclosed,"the Jameel family, Gaingels, Thistledown Capital"
general-fusion-rights-offering-2025:hatch,participant,9e6b16f8cacf001a7a88e1f55304f3a694df54922e585ec20967e4763ffc0b28,https://generalfusion.com/post/general-fusion-closes-oversubscribed-us22-million-financing-welcomes-new-board-members/,,2026-10-05T19:01:08.325471+00:00,disclosed,"Presight Capital, and Hatch Ltd."
general-fusion-rights-offering-2025:jimco,participant,9e6b16f8cacf001a7a88e1f55304f3a694df54922e585ec20967e4763ffc0b28,https://generalfusion.com/post/general-fusion-closes-oversubscribed-us22-million-financing-welcomes-new-board-members/,,2026-10-05T19:01:08.325471+00:00,disclosed,"MILFAM LLC, JIMCO, the global investment arm of the Jameel family"
general-fusion-rights-offering-2025:milfam,participant,9e6b16f8cacf001a7a88e1f55304f3a694df54922e585ec20967e4763ffc0b28,https://generalfusion.com/post/general-fusion-closes-oversubscribed-us22-million-financing-welcomes-new-board-members/,,2026-10-05T19:01:08.325471+00:00,disclosed,"Chrysalix Venture Capital, MILFAM LLC"
general-fusion-rights-offering-2025:pender,participant,9e6b16f8cacf001a7a88e1f55304f3a694df54922e585ec20967e4763ffc0b28,https://generalfusion.com/post/general-fusion-closes-oversubscribed-us22-million-financing-welcomes-new-board-members/,,2026-10-05T19:01:08.325471+00:00,disclosed,PenderFund (via Pender Growth Fund Inc. (TSX-V:PTF) and Pender Small Cap Opportunities Fund)
general-fusion-rights-offering-2025:presight-capital,participant,9e6b16f8cacf001a7a88e1f55304f3a694df54922e585ec20967e4763ffc0b28,https://generalfusion.com/post/general-fusion-closes-oversubscribed-us22-million-financing-welcomes-new-board-members/,,2026-10-05T19:01:08.325471+00:00,disclosed,"Thistledown Capital, Presight Capital, and Hatch Ltd."
general-fusion-rights-offering-2025:segra-capital,participant,9e6b16f8cacf001a7a88e1f55304f3a694df54922e585ec20967e4763ffc0b28,https://generalfusion.com/post/general-fusion-closes-oversubscribed-us22-million-financing-welcomes-new-board-members/,,2026-10-05T19:01:08.325471+00:00,disclosed,Investors in this round include Segra Capital
general-fusion-rights-offering-2025:thistledown,participant,9e6b16f8cacf001a7a88e1f55304f3a694df54922e585ec20967e4763ffc0b28,https://generalfusion.com/post/general-fusion-closes-oversubscribed-us22-million-financing-welcomes-new-board-members/,,2026-10-05T19:01:08.325471+00:00,disclosed,"the Jameel family, Gaingels, Thistledown Capital"
general-fusion-safe-2025,amount,ea0db30c00c175571b43becde22c17c4d6aa5e27fe49aeb9bcb324246d6fcd67,https://www.sec.gov/Archives/edgar/data/2074850/000110465926073425/tm266688-18_424b3.htm,,2026-10-05T19:00:22.166604+00:00,disclosed,closed a Simple Agreement for Future Equity financing for gross proceeds of $44.5 million
general-fusion-safe-2025,amount_conflict_reported,bb4ae1d3ca3ba4924fb951dbd722f5d6b33b2a815d4d6c845094f569dcbee9a0,https://techcrunch.com/2026/08/15/every-fusion-startup-that-has-raised-over-100m/,,2026-10-05T18:51:11.419589+00:00,reported,securities filings in Canada revealed that the company had raised $51.1 million in SAFE notes from nearly 70 investors
general-fusion-safe-2025,announced_on,ea0db30c00c175571b43becde22c17c4d6aa5e27fe49aeb9bcb324246d6fcd67,https://www.sec.gov/Archives/edgar/data/2074850/000110465926073425/tm266688-18_424b3.htm,,2026-10-05T19:00:22.166604+00:00,disclosed,issued by General Fusion between November 2025 and January 2026
general-fusion-safe-2025,round_label,ea0db30c00c175571b43becde22c17c4d6aa5e27fe49aeb9bcb324246d6fcd67,https://www.sec.gov/Archives/edgar/data/2074850/000110465926073425/tm266688-18_424b3.htm,,2026-10-05T19:00:22.166604+00:00,disclosed,Simple Agreement for Future Equity
general-fusion-series-d-2019,amount,ad8a8de035c909577e8c425f0cb0af82c4567f7491264953d65494f999e71edd,https://web.archive.org/web/20200617155323/https://generalfusion.com/2019/12/no-carbon-emissions-no-meltdowns-b-c-s-general-fusion-aims-to-build-safe-clean-power-plant-of-the-future-with-us65-million-funding/,https://generalfusion.com/2019/12/no-carbon-emissions-no-meltdowns-b-c-s-general-fusion-aims-to-build-safe-clean-power-plant-of-the-future-with-us65-million-funding/,2026-10-05T19:03:13.209011+00:00,reported,has raised US$65-million to build a prototype plant
general-fusion-series-d-2019,announced_on,260db0ef983576960b0c71caed7ec77552ecb9be14b7aca4051bf8d301a2354a,https://web.archive.org/web/20200617155323/https://generalfusion.com/2020/01/canadian-company-has-funding-for-fusion-demonstration-plant/,https://generalfusion.com/2020/01/canadian-company-has-funding-for-fusion-demonstration-plant/,2026-10-05T19:03:16.339804+00:00,reported,announced Dec. 16 that it raised more than $100 million in its latest round of financing
general-fusion-series-d-2019,round_label,260db0ef983576960b0c71caed7ec77552ecb9be14b7aca4051bf8d301a2354a,https://web.archive.org/web/20200617155323/https://generalfusion.com/2020/01/canadian-company-has-funding-for-fusion-demonstration-plant/,https://generalfusion.com/2020/01/canadian-company-has-funding-for-fusion-demonstration-plant/,2026-10-05T19:03:16.339804+00:00,reported,latest round of financing
general-fusion-series-e-2021,amount,eafc12389aa321700c9f7a53035c27fd91cab5e2e0568edb96155043a1e18dd7,https://web.archive.org/web/20220217094723/https://generalfusion.com/2021/11/general-fusion-closes-oversubscribed-130-million-transitional-financing-round/,https://generalfusion.com/2021/11/general-fusion-closes-oversubscribed-130-million-transitional-financing-round/,2026-10-05T19:02:08.492960+00:00,disclosed,closing an oversubscribed $130 million (USD) Series E funding round
general-fusion-series-e-2021,announced_on,eafc12389aa321700c9f7a53035c27fd91cab5e2e0568edb96155043a1e18dd7,https://web.archive.org/web/20220217094723/https://generalfusion.com/2021/11/general-fusion-closes-oversubscribed-130-million-transitional-financing-round/,https://generalfusion.com/2021/11/general-fusion-closes-oversubscribed-130-million-transitional-financing-round/,2026-10-05T19:02:08.492960+00:00,disclosed,"VANCOUVER, Canada (30 November 2021)"
general-fusion-series-e-2021,round_label,eafc12389aa321700c9f7a53035c27fd91cab5e2e0568edb96155043a1e18dd7,https://web.archive.org/web/20220217094723/https://generalfusion.com/2021/11/general-fusion-closes-oversubscribed-130-million-transitional-financing-round/,https://generalfusion.com/2021/11/general-fusion-closes-oversubscribed-130-million-transitional-financing-round/,2026-10-05T19:02:08.492960+00:00,disclosed,Series E funding round
general-fusion-series-e-2021:bdc-capital,participant,eafc12389aa321700c9f7a53035c27fd91cab5e2e0568edb96155043a1e18dd7,https://web.archive.org/web/20220217094723/https://generalfusion.com/2021/11/general-fusion-closes-oversubscribed-130-million-transitional-financing-round/,https://generalfusion.com/2021/11/general-fusion-closes-oversubscribed-130-million-transitional-financing-round/,2026-10-05T19:02:08.492960+00:00,disclosed,the Business Development Bank of Canada (BDC)
general-fusion-series-e-2021:gic,participant,eafc12389aa321700c9f7a53035c27fd91cab5e2e0568edb96155043a1e18dd7,https://web.archive.org/web/20220217094723/https://generalfusion.com/2021/11/general-fusion-closes-oversubscribed-130-million-transitional-financing-round/,https://generalfusion.com/2021/11/general-fusion-closes-oversubscribed-130-million-transitional-financing-round/,2026-10-05T19:02:08.492960+00:00,disclosed,"Temasek, GIC, the Jameel Investment Management Company (JIMCO)"
general-fusion-series-e-2021:jimco,participant,eafc12389aa321700c9f7a53035c27fd91cab5e2e0568edb96155043a1e18dd7,https://web.archive.org/web/20220217094723/https://generalfusion.com/2021/11/general-fusion-closes-oversubscribed-130-million-transitional-financing-round/,https://generalfusion.com/2021/11/general-fusion-closes-oversubscribed-130-million-transitional-financing-round/,2026-10-05T19:02:08.492960+00:00,disclosed,the Jameel Investment Management Company (JIMCO)
general-fusion-series-e-2021:segra-capital,participant,eafc12389aa321700c9f7a53035c27fd91cab5e2e0568edb96155043a1e18dd7,https://web.archive.org/web/20220217094723/https://generalfusion.com/2021/11/general-fusion-closes-oversubscribed-130-million-transitional-financing-round/,https://generalfusion.com/2021/11/general-fusion-closes-oversubscribed-130-million-transitional-financing-round/,2026-10-05T19:02:08.492960+00:00,disclosed,the hedge fund firm Segra Capital
general-fusion-series-e-2021:temasek,participant,eafc12389aa321700c9f7a53035c27fd91cab5e2e0568edb96155043a1e18dd7,https://web.archive.org/web/20220217094723/https://generalfusion.com/2021/11/general-fusion-closes-oversubscribed-130-million-transitional-financing-round/,https://generalfusion.com/2021/11/general-fusion-closes-oversubscribed-130-million-transitional-financing-round/,2026-10-05T19:02:08.492960+00:00,disclosed,"This financing, led by Temasek,"
general-fusion-series-f-2023,amount,ea0db30c00c175571b43becde22c17c4d6aa5e27fe49aeb9bcb324246d6fcd67,https://www.sec.gov/Archives/edgar/data/2074850/000110465926073425/tm266688-18_424b3.htm,,2026-10-05T19:00:22.166604+00:00,disclosed,for total proceeds of $20.9 million
general-fusion-series-f-2023,announced_on,1d33b095e7304e9e4ac9431b6c41b5793eb28a4f3591863d5fe737ef91461fd9,https://generalfusion.com/post/general-fusion-announces-funding-to-build-new-fusion-machine-targeting-scientific-breakeven-by-2026/,,2026-10-05T19:01:06.339977+00:00,disclosed,"RICHMOND, Canada (August 9, 2023)"
general-fusion-series-f-2023,closed_on,ea0db30c00c175571b43becde22c17c4d6aa5e27fe49aeb9bcb324246d6fcd67,https://www.sec.gov/Archives/edgar/data/2074850/000110465926073425/tm266688-18_424b3.htm,,2026-10-05T19:00:22.166604+00:00,disclosed,"In July 2023, General Fusion issued 9,541,285 Series 1 Class F preferred shares"
general-fusion-series-f-2023,round_label,1d33b095e7304e9e4ac9431b6c41b5793eb28a4f3591863d5fe737ef91461fd9,https://generalfusion.com/post/general-fusion-announces-funding-to-build-new-fusion-machine-targeting-scientific-breakeven-by-2026/,,2026-10-05T19:01:06.339977+00:00,disclosed,completed the first close of its Series F raise
general-fusion-series-f-2023:bdc-capital,participant,1d33b095e7304e9e4ac9431b6c41b5793eb28a4f3591863d5fe737ef91461fd9,https://generalfusion.com/post/general-fusion-announces-funding-to-build-new-fusion-machine-targeting-scientific-breakeven-by-2026/,,2026-10-05T19:01:06.339977+00:00,disclosed,"The round was anchored by existing investors, BDC Capital and GIC."
general-fusion-series-f-2023:gic,participant,1d33b095e7304e9e4ac9431b6c41b5793eb28a4f3591863d5fe737ef91461fd9,https://generalfusion.com/post/general-fusion-announces-funding-to-build-new-fusion-machine-targeting-scientific-breakeven-by-2026/,,2026-10-05T19:01:06.339977+00:00,disclosed,"The round was anchored by existing investors, BDC Capital and GIC."
general-fusion-sif-2019,amount,c638ee082e546e2d3dcd3762f41042a6061fc927b4665a852f68edb5b62c551e,https://open.canada.ca/data/en/api/3/action/datastore_search?resource_id=1d15a62f-5656-49ad-8c88-f40ce689d831&limit=50&filters=%7B%22recipient_legal_name%22%3A%22General%20Fusion%20Inc.%22%7D,,2026-10-05T18:10:38.008411+00:00,disclosed,"""agreement_number"":""811346"",""agreement_value"":""49275000.0"""
general-fusion-sif-2019,announced_on,ea0db30c00c175571b43becde22c17c4d6aa5e27fe49aeb9bcb324246d6fcd67,https://www.sec.gov/Archives/edgar/data/2074850/000110465926073425/tm266688-18_424b3.htm,,2026-10-05T19:00:22.166604+00:00,disclosed,"Strategic Innovation Fund Contribution Agreement dated May 29, 2019"
general-fusion-sif-2019,round_label,c638ee082e546e2d3dcd3762f41042a6061fc927b4665a852f68edb5b62c551e,https://open.canada.ca/data/en/api/3/action/datastore_search?resource_id=1d15a62f-5656-49ad-8c88-f40ce689d831&limit=50&filters=%7B%22recipient_legal_name%22%3A%22General%20Fusion%20Inc.%22%7D,,2026-10-05T18:10:38.008411+00:00,disclosed,"""prog_name_en"":""SIF Stream 1- R&D"""
general-fusion-sif-2019:isde-sif,participant,c638ee082e546e2d3dcd3762f41042a6061fc927b4665a852f68edb5b62c551e,https://open.canada.ca/data/en/api/3/action/datastore_search?resource_id=1d15a62f-5656-49ad-8c88-f40ce689d831&limit=50&filters=%7B%22recipient_legal_name%22%3A%22General%20Fusion%20Inc.%22%7D,,2026-10-05T18:10:38.008411+00:00,disclosed,"""prog_name_en"":""SIF Stream 1- R&D"""
general-fusion-sif-2023-amendment,amount,af55d7800f7e57cd2c3f9d3c75cdf42e47021c3d7607f2a6cc469e7599ac707c,https://generalfusion.com/post/canadian-government-awards-new-funding-to-general-fusion/,,2026-10-05T19:01:07.741854+00:00,disclosed,Canada’s Strategic Innovation Fund (SIF) has awarded CA$5 million
general-fusion-sif-2023-amendment,announced_on,af55d7800f7e57cd2c3f9d3c75cdf42e47021c3d7607f2a6cc469e7599ac707c,https://generalfusion.com/post/canadian-government-awards-new-funding-to-general-fusion/,,2026-10-05T19:01:07.741854+00:00,disclosed,"RICHMOND, Canada (December 4, 2023)"
general-fusion-sif-2023-amendment,round_label,c638ee082e546e2d3dcd3762f41042a6061fc927b4665a852f68edb5b62c551e,https://open.canada.ca/data/en/api/3/action/datastore_search?resource_id=1d15a62f-5656-49ad-8c88-f40ce689d831&limit=50&filters=%7B%22recipient_legal_name%22%3A%22General%20Fusion%20Inc.%22%7D,,2026-10-05T18:10:38.008411+00:00,disclosed,"""amendment_number"":""2"",""amendment_date"":""2023-11-27"""
general-fusion-sif-2023-amendment:isde-sif,participant,af55d7800f7e57cd2c3f9d3c75cdf42e47021c3d7607f2a6cc469e7599ac707c,https://generalfusion.com/post/canadian-government-awards-new-funding-to-general-fusion/,,2026-10-05T19:01:07.741854+00:00,disclosed,Canada’s Strategic Innovation Fund (SIF) has awarded CA$5 million
general-fusion-sif-2025-amendment,amount,ea0db30c00c175571b43becde22c17c4d6aa5e27fe49aeb9bcb324246d6fcd67,https://www.sec.gov/Archives/edgar/data/2074850/000110465926073425/tm266688-18_424b3.htm,,2026-10-05T19:00:22.166604+00:00,disclosed,"the Company received CAD 15.0 million (approximately $10.5 million) during the year ended December 31, 2025"
general-fusion-sif-2025-amendment,announced_on,c638ee082e546e2d3dcd3762f41042a6061fc927b4665a852f68edb5b62c551e,https://open.canada.ca/data/en/api/3/action/datastore_search?resource_id=1d15a62f-5656-49ad-8c88-f40ce689d831&limit=50&filters=%7B%22recipient_legal_name%22%3A%22General%20Fusion%20Inc.%22%7D,,2026-10-05T18:10:38.008411+00:00,disclosed,"""amendment_number"":""3"",""amendment_date"":""2025-01-22"""
general-fusion-sif-2025-amendment,round_label,ea0db30c00c175571b43becde22c17c4d6aa5e27fe49aeb9bcb324246d6fcd67,https://www.sec.gov/Archives/edgar/data/2074850/000110465926073425/tm266688-18_424b3.htm,,2026-10-05T19:00:22.166604+00:00,disclosed,As a result of the third amending agreement
general-fusion-sif-2025-amendment:isde-sif,participant,ea0db30c00c175571b43becde22c17c4d6aa5e27fe49aeb9bcb324246d6fcd67,https://www.sec.gov/Archives/edgar/data/2074850/000110465926073425/tm266688-18_424b3.htm,,2026-10-05T19:00:22.166604+00:00,disclosed,As a result of the third amending agreement
general-fusion-sif-2026-amendment,amount,ea0db30c00c175571b43becde22c17c4d6aa5e27fe49aeb9bcb324246d6fcd67,https://www.sec.gov/Archives/edgar/data/2074850/000110465926073425/tm266688-18_424b3.htm,,2026-10-05T19:00:22.166604+00:00,disclosed,General Fusion received a new commitment of CAD 5.0 million
general-fusion-sif-2026-amendment,announced_on,c638ee082e546e2d3dcd3762f41042a6061fc927b4665a852f68edb5b62c551e,https://open.canada.ca/data/en/api/3/action/datastore_search?resource_id=1d15a62f-5656-49ad-8c88-f40ce689d831&limit=50&filters=%7B%22recipient_legal_name%22%3A%22General%20Fusion%20Inc.%22%7D,,2026-10-05T18:10:38.008411+00:00,disclosed,"""amendment_number"":""4"",""amendment_date"":""2026-03-26"""
general-fusion-sif-2026-amendment,round_label,ea0db30c00c175571b43becde22c17c4d6aa5e27fe49aeb9bcb324246d6fcd67,https://www.sec.gov/Archives/edgar/data/2074850/000110465926073425/tm266688-18_424b3.htm,,2026-10-05T19:00:22.166604+00:00,disclosed,Amended and Restated SIF Contribution Agreement
general-fusion-sif-2026-amendment:isde-sif,participant,c638ee082e546e2d3dcd3762f41042a6061fc927b4665a852f68edb5b62c551e,https://open.canada.ca/data/en/api/3/action/datastore_search?resource_id=1d15a62f-5656-49ad-8c88-f40ce689d831&limit=50&filters=%7B%22recipient_legal_name%22%3A%22General%20Fusion%20Inc.%22%7D,,2026-10-05T18:10:38.008411+00:00,disclosed,"""prog_name_en"":""SIF Stream 1 - R&D"""
general-fusion-sif-cumulative-2026,amount,c638ee082e546e2d3dcd3762f41042a6061fc927b4665a852f68edb5b62c551e,https://open.canada.ca/data/en/api/3/action/datastore_search?resource_id=1d15a62f-5656-49ad-8c88-f40ce689d831&limit=50&filters=%7B%22recipient_legal_name%22%3A%22General%20Fusion%20Inc.%22%7D,,2026-10-05T18:10:38.008411+00:00,disclosed,"""agreement_number"":""811346"",""agreement_value"":""74275000.0"""
general-fusion-sif-cumulative-2026,amount_received,ea0db30c00c175571b43becde22c17c4d6aa5e27fe49aeb9bcb324246d6fcd67,https://www.sec.gov/Archives/edgar/data/2074850/000110465926073425/tm266688-18_424b3.htm,,2026-10-05T19:00:22.166604+00:00,disclosed,"as of June 2, 2026, the Company has received CAD 74.3 million (approximately $55.1 million) in funding from SRF"
general-fusion-sif-cumulative-2026,announced_on,c638ee082e546e2d3dcd3762f41042a6061fc927b4665a852f68edb5b62c551e,https://open.canada.ca/data/en/api/3/action/datastore_search?resource_id=1d15a62f-5656-49ad-8c88-f40ce689d831&limit=50&filters=%7B%22recipient_legal_name%22%3A%22General%20Fusion%20Inc.%22%7D,,2026-10-05T18:10:38.008411+00:00,disclosed,"""amendment_number"":""4"",""amendment_date"":""2026-03-26"""
general-fusion-spac-listing-2026,announced_on,1d6fe522a9a3c4609360951a87b02c1217567a1a99f065504d4ced71ae819190,https://www.sec.gov/Archives/edgar/data/2074850/000110465926005601/tm263812d1_ex99-1.htm,,2026-10-05T18:59:55.964203+00:00,disclosed,"FOR IMMEDIATE RELEASE January 22, 2026"
general-fusion-spac-listing-2026,cash_after_closing,35f8c9b4603254fdad716300eedb1876fba470cf6c035c667dae48ebed6f7bc6,https://generalfusion.com/post/general-fusion-completes-business-combination-with-spring-valley-acquisition-corp-iii/,,2026-10-05T19:01:09.113136+00:00,disclosed,inclusive of net transaction proceeds from the private placement and trust capital
general-fusion-spac-listing-2026,closed_on,ddfef197d3bac4f14c6e5b5bfeba53c47bc7ff9624fa6483225a0f2f57b4b894,https://www.sec.gov/Archives/edgar/data/2074850/000110465926084015/tm2620136d1_20f.htm,,2026-10-05T18:59:35.629820+00:00,disclosed,consummated its previously announced business combination
general-fusion-spac-listing-2026,listing,35f8c9b4603254fdad716300eedb1876fba470cf6c035c667dae48ebed6f7bc6,https://generalfusion.com/post/general-fusion-completes-business-combination-with-spring-valley-acquisition-corp-iii/,,2026-10-05T19:01:09.113136+00:00,disclosed,to begin trading on the Nasdaq under the ticker symbol “GFUZ” on July 13
general-fusion-spac-listing-2026,net_proceeds_reported,bb4ae1d3ca3ba4924fb951dbd722f5d6b33b2a815d4d6c845094f569dcbee9a0,https://techcrunch.com/2026/08/15/every-fusion-startup-that-has-raised-over-100m/,,2026-10-05T18:51:11.419589+00:00,reported,"the transaction net the company $127 million, per FusionX"
general-fusion-spac-listing-2026,round_label,1d6fe522a9a3c4609360951a87b02c1217567a1a99f065504d4ced71ae819190,https://www.sec.gov/Archives/edgar/data/2074850/000110465926005601/tm263812d1_ex99-1.htm,,2026-10-05T18:59:55.964203+00:00,disclosed,General Fusion listing on the Nasdaq and trading under the ticker symbol “GFUZ”
general-fusion-spac-listing-2026,valuation_announced_assuming_no_redemptions,1d6fe522a9a3c4609360951a87b02c1217567a1a99f065504d4ced71ae819190,https://www.sec.gov/Archives/edgar/data/2074850/000110465926005601/tm263812d1_ex99-1.htm,,2026-10-05T18:59:55.964203+00:00,disclosed,approximately US$1 billion pro-forma equity value
general-fusion-triumf-2023,agreement,86550c7f60a7309e50bd868d1d14e29ccaf7b194b902ccd980e4a0871e11b496,https://generalfusion.com/post/general-fusion-and-triumf-sign-mou-to-develop-key-technologies-for-new-lm26-fusion-machine/,,2026-10-05T19:04:08.586763+00:00,disclosed,have signed a Memorandum of Understanding (MOU) that provides a framework for scientific and technical collaboration
general-fusion-triumf-2023,announced_on,86550c7f60a7309e50bd868d1d14e29ccaf7b194b902ccd980e4a0871e11b496,https://generalfusion.com/post/general-fusion-and-triumf-sign-mou-to-develop-key-technologies-for-new-lm26-fusion-machine/,,2026-10-05T19:04:08.586763+00:00,disclosed,"RICHMOND, Canada (October 25, 2023)"
gle-cameco-offtake-2026,agreement,3be7329faf6e9ab6c8683bb9048bcce5b7c43711aef0890ea7ea0435bc46d343,https://asx.api.markitdigital.com/asx-research/1.0/companies/slx/announcements,,2026-10-05T19:01:24.162279+00:00,disclosed,GLE and Cameco execute exclusive Offtake Agreement
gle-cameco-offtake-2026,announced_on,3be7329faf6e9ab6c8683bb9048bcce5b7c43711aef0890ea7ea0435bc46d343,https://asx.api.markitdigital.com/asx-research/1.0/companies/slx/announcements,,2026-10-05T19:01:24.162279+00:00,disclosed,2026-09-13T22:23:39.000Z
gle-doe-innovative-technology-award-2026,amount,65d2f34c90e4efe46d5d592848107b385f91642765f0684fc9e2b6484cd5e82d,https://www.energy.gov/articles/us-department-energy-awards-27-billion-restore-american-uranium-enrichment,,2026-10-05T18:59:29.960882+00:00,disclosed,DOE also awarded an additional $28 million today to Global Laser Enrichment to continue advancing next generation uranium enrichment technology for the nuclear fuel cycle.
gle-doe-innovative-technology-award-2026,announced_on,65d2f34c90e4efe46d5d592848107b385f91642765f0684fc9e2b6484cd5e82d,https://www.energy.gov/articles/us-department-energy-awards-27-billion-restore-american-uranium-enrichment,,2026-10-05T18:59:29.960882+00:00,disclosed,"Energy.gov January 5, 2026"
gle-doe-innovative-technology-award-2026,base_obligation_date,c2aa80d86588c1c84bd98185ee6bb5ce799ceb16a372161501231bcf65bf0cab,https://api.usaspending.gov/api/v2/search/spending_by_award/,,2026-10-05T19:09:32.261214+00:00,disclosed,"""Base Obligation Date"": ""2026-06-25"", ""generated_internal_id"": ""ASST_NON_DENE0009559_089"""
gle-doe-innovative-technology-award-2026,obligated_disbursed,c2aa80d86588c1c84bd98185ee6bb5ce799ceb16a372161501231bcf65bf0cab,https://api.usaspending.gov/api/v2/search/spending_by_award/,,2026-10-05T19:09:32.261214+00:00,disclosed,"""Award ID"": ""DENE0009559"", ""Recipient Name"": ""GLOBAL LASER ENRICHMENT LLC"", ""Recipient UEI"": ""V5CDRQGDGX76"", ""Award Amount"": 28443912.0, ""Total Outlays"": 3006774.61"
gle-doe-innovative-technology-award-2026:doe-ne,participant,65d2f34c90e4efe46d5d592848107b385f91642765f0684fc9e2b6484cd5e82d,https://www.energy.gov/articles/us-department-energy-awards-27-billion-restore-american-uranium-enrichment,,2026-10-05T18:59:29.960882+00:00,disclosed,DOE also awarded an additional $28 million today to Global Laser Enrichment
gle-doe-leu-idiq-2024,agreement,45155989bd96d1e360cf14f95336f05621614f7a96f42dce946607a406e8380b,https://www.gle-us.com/wp-content/uploads/2024/12/GLE-LEU-RFP-Award_FINAL.pdf,,2026-10-05T19:00:35.827823+00:00,disclosed,The award provides a minimum contract value of $2 million and a maximum value for all awardees totaling $3.4 billion.
gle-doe-leu-idiq-2024,announced_on,45155989bd96d1e360cf14f95336f05621614f7a96f42dce946607a406e8380b,https://www.gle-us.com/wp-content/uploads/2024/12/GLE-LEU-RFP-Award_FINAL.pdf,,2026-10-05T19:00:35.827823+00:00,disclosed,"GLE Selected for DOE LEU Enrichment Award December 11, 2024"
gle-kentucky-incentives-2026,amount,6c03c6cb913b52075871394d790b75ffe2fe5af682729c278cd171e0a688d704,https://www.gle-us.com/wp-content/uploads/2026/03/GLE-Kentucky-Incentive-Announcement.pdf,,2026-10-05T19:00:26.782221+00:00,disclosed,up to $98.9 million in tax and other economic incentives should GLE reach agreed investment and job creation thresholds
gle-kentucky-incentives-2026,announced_on,6c03c6cb913b52075871394d790b75ffe2fe5af682729c278cd171e0a688d704,https://www.gle-us.com/wp-content/uploads/2026/03/GLE-Kentucky-Incentive-Announcement.pdf,,2026-10-05T19:00:26.782221+00:00,disclosed,"March 26, 2026 WILMINGTON, North Carolina"
gle-kentucky-incentives-2026:commonwealth-of-kentucky,participant,6c03c6cb913b52075871394d790b75ffe2fe5af682729c278cd171e0a688d704,https://www.gle-us.com/wp-content/uploads/2026/03/GLE-Kentucky-Incentive-Announcement.pdf,,2026-10-05T19:00:26.782221+00:00,disclosed,comprehensive incentive package with the Commonwealth of Kentucky and McCracken County
gle-kentucky-incentives-2026:mccracken-county-ky,participant,6c03c6cb913b52075871394d790b75ffe2fe5af682729c278cd171e0a688d704,https://www.gle-us.com/wp-content/uploads/2026/03/GLE-Kentucky-Incentive-Announcement.pdf,,2026-10-05T19:00:26.782221+00:00,disclosed,comprehensive incentive package with the Commonwealth of Kentucky and McCracken County
global-laser-enrichment-89243225fne400180,amount,6c8cb330323a1b90914742f90ae631460d9b9341c052f07d2e44839957943b7c,https://api.usaspending.gov/api/v2/search/spending_by_award/,,2026-10-05T19:09:39.926562+00:00,disclosed,"""Award ID"": ""89243225FNE400180"", ""Recipient Name"": ""GLOBAL LASER ENRICHMENT LLC"", ""Recipient UEI"": ""V5CDRQGDGX76"", ""Award Amount"": 376893.74"
global-laser-enrichment-89243225fne400180,announced_on,6c8cb330323a1b90914742f90ae631460d9b9341c052f07d2e44839957943b7c,https://api.usaspending.gov/api/v2/search/spending_by_award/,,2026-10-05T19:09:39.926562+00:00,disclosed,"""Base Obligation Date"": ""2025-04-11"", ""generated_internal_id"": ""CONT_AWD_89243225FNE400180_8900_89243225DNE000028_8900"""
google-master-plant-development-2024,agreement,e81f126e23c4a14eed2960f512063233486c86999aa9c8bdbbe5ad6022e82c1e,https://www.kairospower.com/updates/google-and-kairos-power-partner-to-deploy-500-mw-of-clean-electricity-generation,,2026-10-05T18:51:01.387932+00:00,disclosed,"Kairos Power and Google have signed a Master Plant Development Agreement, creating a path to deploy a U.S. fleet of advanced nuclear power projects totaling 500 MW by 2035"
hadron-form-d-2024,amount,5917b8e0d724c5c8ee645e1f85e2a00703bd953ac87e5df91d78d0dae8e77154,https://www.sec.gov/Archives/edgar/data/2091991/000209199126000001/primary_doc.xml,,2026-10-05T19:10:15.944259+00:00,disclosed,9935500 9935500 0 false 76
hadron-form-d-2024,announced_on,5917b8e0d724c5c8ee645e1f85e2a00703bd953ac87e5df91d78d0dae8e77154,https://www.sec.gov/Archives/edgar/data/2091991/000209199126000001/primary_doc.xml,,2026-10-05T19:10:15.944259+00:00,disclosed,06c false 2024-07-29 true true true 0 9935500 9935500 0 false 76
hadron-spac-gigcapital7-2026,amount,aec6f1254839866bcfc7f22683d8059552b70c33bb4ae19539a424a19c179af1,https://www.sec.gov/Archives/edgar/data/2023730/000119312526346814/hdrn-20260630.htm,,2026-10-05T18:56:41.220887+00:00,disclosed,"resulted in proceeds of approximately $ 22,944 released from the trust account previously held by gigcapital7, after paying all de-spac expenses"
hadron-spac-gigcapital7-2026,announced_on,ab76bdc075c4a13c03ddf2a175989653183db2bb5388dd4613425cf95e7a4003,https://www.sec.gov/Archives/edgar/data/2023730/000119312525221780/d63557d8k.htm,,2026-10-05T18:56:18.937705+00:00,disclosed,"dated as of September 27, 2025, by and among GigCapital7, MMR Merger Sub, Inc."
hadron-spac-gigcapital7-2026,closed_on,c533e949e13f1e58f8e8dcd03f2210246d208cad78acc85c39cf6ce484860cfc,https://www.sec.gov/Archives/edgar/data/2023730/000119312526249151/d26249d8k.htm,,2026-10-05T18:56:23.902250+00:00,disclosed,"on May 22, 2026, pursuant to that certain Business Combination Agreement"
hadron-spac-gigcapital7-2026,trust_balance,c533e949e13f1e58f8e8dcd03f2210246d208cad78acc85c39cf6ce484860cfc,https://www.sec.gov/Archives/edgar/data/2023730/000119312526249151/d26249d8k.htm,,2026-10-05T18:56:23.902250+00:00,disclosed,had a balance immediately prior to the Closing of approximately $33.9 million
hb11-energy-infuse-2023-1,announced_on,3a32fe461f09a44ad24a8141c2bdfab1bc2b1d8a9a19f25864c6d7f86068c4ac,https://infuse.ornl.gov/awards/page/6,,2026-10-05T18:58:22.227594+00:00,disclosed,"INFUSE 2023 - July 25, 2023 | HB11 Energy USA LLC | University of Rochester"
hb11-energy-infuse-2023-1,round_label,3a32fe461f09a44ad24a8141c2bdfab1bc2b1d8a9a19f25864c6d7f86068c4ac,https://infuse.ornl.gov/awards/page/6,,2026-10-05T18:58:22.227594+00:00,disclosed,"INFUSE 2023 - July 25, 2023 | HB11 Energy USA LLC | University of Rochester"
hb11-energy-infuse-2023-1,use_of_proceeds,3a32fe461f09a44ad24a8141c2bdfab1bc2b1d8a9a19f25864c6d7f86068c4ac,https://infuse.ornl.gov/awards/page/6,,2026-10-05T18:58:22.227594+00:00,disclosed,Design and simulation of innovative p-11B targets for IFE
hb11-energy-infuse-2023-1:doe-gain-infuse,participant,3a32fe461f09a44ad24a8141c2bdfab1bc2b1d8a9a19f25864c6d7f86068c4ac,https://infuse.ornl.gov/awards/page/6,,2026-10-05T18:58:22.227594+00:00,disclosed,"INFUSE 2023 - July 25, 2023 | HB11 Energy USA LLC | University of Rochester"
helical-aichi-deeptech-launchpad-2025,amount,080a999e12c2196cdb332cbc9f57a177df1664ac66b4848ceb9d07fb14aa80d2,https://global.helicalfusion.com/post/helical-fusion-selected-for-aichi-prefecture-s-deep-tech-startup-acceleration-program-aichi-deeptec,,2026-10-05T18:50:37.053436+00:00,disclosed,"approximately JPY 40 million (USD 270,000) in research and development funding"
helical-aichi-deeptech-launchpad-2025,announced_on,080a999e12c2196cdb332cbc9f57a177df1664ac66b4848ceb9d07fb14aa80d2,https://global.helicalfusion.com/post/helical-fusion-selected-for-aichi-prefecture-s-deep-tech-startup-acceleration-program-aichi-deeptec,,2026-10-05T18:50:37.053436+00:00,disclosed,"Jul 15, 2025 2 min read"
helical-aichi-deeptech-launchpad-2025:aichi-prefecture,participant,080a999e12c2196cdb332cbc9f57a177df1664ac66b4848ceb9d07fb14aa80d2,https://global.helicalfusion.com/post/helical-fusion-selected-for-aichi-prefecture-s-deep-tech-startup-acceleration-program-aichi-deeptec,,2026-10-05T18:50:37.053436+00:00,disclosed,"a deep-tech startup acceleration program organized by Aichi Prefecture, Japan"
helical-series-a-2025-07,amount,29cb622b34c15bf158b838e6115018b5134a7cd033f661c0ebb08ef19b7a9cea,https://global.helicalfusion.com/post/helical-fusion-raises-jpy-2-3-billion-series-a-advances-roadmap-for-world-s-first-steady-state-net,,2026-10-05T18:50:31.821598+00:00,disclosed,"has closed its Series A round, securing JPY 2.3 billion (USD 15 million) in funding"
helical-series-a-2025-07,announced_on,29cb622b34c15bf158b838e6115018b5134a7cd033f661c0ebb08ef19b7a9cea,https://global.helicalfusion.com/post/helical-fusion-raises-jpy-2-3-billion-series-a-advances-roadmap-for-world-s-first-steady-state-net,,2026-10-05T18:50:31.821598+00:00,disclosed,"Advances Roadmap for World's First Steady-State Net Power Fusion Plant Jul 11, 2025"
helical-series-a-2025-07,round_label,29cb622b34c15bf158b838e6115018b5134a7cd033f661c0ebb08ef19b7a9cea,https://global.helicalfusion.com/post/helical-fusion-raises-jpy-2-3-billion-series-a-advances-roadmap-for-world-s-first-steady-state-net,,2026-10-05T18:50:31.821598+00:00,disclosed,has closed its Series A round
helical-series-a-2025-07:keio-innovation-initiative,participant,29cb622b34c15bf158b838e6115018b5134a7cd033f661c0ebb08ef19b7a9cea,https://global.helicalfusion.com/post/helical-fusion-raises-jpy-2-3-billion-series-a-advances-roadmap-for-world-s-first-steady-state-net,,2026-10-05T18:50:31.821598+00:00,disclosed,"Keio Innovation Initiative (KII), and 19 other institutions"
helical-series-a-2025-07:sbi-investment,participant,29cb622b34c15bf158b838e6115018b5134a7cd033f661c0ebb08ef19b7a9cea,https://global.helicalfusion.com/post/helical-fusion-raises-jpy-2-3-billion-series-a-advances-roadmap-for-world-s-first-steady-state-net,,2026-10-05T18:50:31.821598+00:00,disclosed,"attracted investors including SBI Investment, Keio Innovation Initiative (KII), and 19 other institutions"
helical-series-a-extension-2025-12,amount,81d6056aebc44eb313b381575377af2db5a9e073eb54e6139f2374524b49f959,https://global.helicalfusion.com/post/helical-fusion-developer-of-next-generation-clean-energy-through-nuclear-fusion-completes-usd-5-5m,,2026-10-05T18:50:31.230617+00:00,disclosed,"announced the completion of its Series A Extension round, raising approximately USD 5.5 million (≈ JPY 870 million)"
helical-series-a-extension-2025-12,announced_on,81d6056aebc44eb313b381575377af2db5a9e073eb54e6139f2374524b49f959,https://global.helicalfusion.com/post/helical-fusion-developer-of-next-generation-clean-energy-through-nuclear-fusion-completes-usd-5-5m,,2026-10-05T18:50:31.230617+00:00,disclosed,"Completes USD 5.5M Series A Extension Round Dec 5, 2025"
helical-series-a-extension-2025-12,round_label,81d6056aebc44eb313b381575377af2db5a9e073eb54e6139f2374524b49f959,https://global.helicalfusion.com/post/helical-fusion-developer-of-next-generation-clean-energy-through-nuclear-fusion-completes-usd-5-5m,,2026-10-05T18:50:31.230617+00:00,disclosed,announced the completion of its Series A Extension round
helical-series-a-extension-2025-12:ecrowd-next,participant,81d6056aebc44eb313b381575377af2db5a9e073eb54e6139f2374524b49f959,https://global.helicalfusion.com/post/helical-fusion-developer-of-next-generation-clean-energy-through-nuclear-fusion-completes-usd-5-5m,,2026-10-05T18:50:31.230617+00:00,disclosed,"The round included investments from “Ecrowd NEXT”, a fund designed for individual investors"
helical-tokyo-zero-emission-2026,amount,6f71064d198dbb7919bb405e1e86d04ad9ecac624b2eab2a3226f9dbd33a4624,https://global.helicalfusion.com/post/helical-fusion-selected-for-the-tokyo-metropolitan-government-s-innovation-promotion-program-for-rea,,2026-10-05T18:50:33.887348+00:00,disclosed,Selected projects may receive up to JPY 1 billion in support over a three-year period
helical-tokyo-zero-emission-2026,announced_on,6f71064d198dbb7919bb405e1e86d04ad9ecac624b2eab2a3226f9dbd33a4624,https://global.helicalfusion.com/post/helical-fusion-selected-for-the-tokyo-metropolitan-government-s-innovation-promotion-program-for-rea,,2026-10-05T18:50:33.887348+00:00,disclosed,Apr 6 3 min read Updated: Apr 6 Up to JPY 1 billion in support over three years
helical-tokyo-zero-emission-2026:tokyo-metropolitan-government,participant,6f71064d198dbb7919bb405e1e86d04ad9ecac624b2eab2a3226f9dbd33a4624,https://global.helicalfusion.com/post/helical-fusion-selected-for-the-tokyo-metropolitan-government-s-innovation-promotion-program-for-rea,,2026-10-05T18:50:33.887348+00:00,disclosed,it has been selected for the Tokyo Metropolitan Government’s FY2026 “Innovation Promotion Program for Realizing Zero Emission Tokyo”
helicity-space-infuse-022a-2,announced_on,9021eb746452d65548805e9c90817d0f7536a4ef98fc6a7819c3ee73915ad7a7,https://infuse.ornl.gov/awards/page/8,,2026-10-05T18:58:29.145911+00:00,disclosed,"INFUSE 2022A - June 15, 2022 | HelicitySpace | Swarthmore University"
helicity-space-infuse-022a-2,round_label,9021eb746452d65548805e9c90817d0f7536a4ef98fc6a7819c3ee73915ad7a7,https://infuse.ornl.gov/awards/page/8,,2026-10-05T18:58:29.145911+00:00,disclosed,"INFUSE 2022A - June 15, 2022 | HelicitySpace | Swarthmore University"
helicity-space-infuse-022a-2,use_of_proceeds,9021eb746452d65548805e9c90817d0f7536a4ef98fc6a7819c3ee73915ad7a7,https://infuse.ornl.gov/awards/page/8,,2026-10-05T18:58:29.145911+00:00,disclosed,Observing Density Evolution During Merging of Plectonemic Taylor states
helicity-space-infuse-022a-2:doe-gain-infuse,participant,9021eb746452d65548805e9c90817d0f7536a4ef98fc6a7819c3ee73915ad7a7,https://infuse.ornl.gov/awards/page/8,,2026-10-05T18:58:29.145911+00:00,disclosed,"INFUSE 2022A - June 15, 2022 | HelicitySpace | Swarthmore University"
helicity-space-infuse-2025-1,announced_on,d95e21c6db16696f9df901cc247d824a55fb37cbbe73ad0726cb2c9de4571a9f,https://infuse.ornl.gov/awards/,,2026-10-05T18:57:50.653761+00:00,disclosed,"INFUSE 2025 - September 10, 2025 | HelicitySpace | CalTech"
helicity-space-infuse-2025-1,round_label,d95e21c6db16696f9df901cc247d824a55fb37cbbe73ad0726cb2c9de4571a9f,https://infuse.ornl.gov/awards/,,2026-10-05T18:57:50.653761+00:00,disclosed,"INFUSE 2025 - September 10, 2025 | HelicitySpace | CalTech"
helicity-space-infuse-2025-1,use_of_proceeds,d95e21c6db16696f9df901cc247d824a55fb37cbbe73ad0726cb2c9de4571a9f,https://infuse.ornl.gov/awards/,,2026-10-05T18:57:50.653761+00:00,disclosed,Measuring Electron Temperature in the ECLAIR Experiment
helicity-space-infuse-2025-1:doe-gain-infuse,participant,d95e21c6db16696f9df901cc247d824a55fb37cbbe73ad0726cb2c9de4571a9f,https://infuse.ornl.gov/awards/,,2026-10-05T18:57:50.653761+00:00,disclosed,"INFUSE 2025 - September 10, 2025 | HelicitySpace | CalTech"
helion-arpa-e-alpha-2014,amount,278ae6c2830870cd098db2bc6a75a04517318e3d8995eaa6ccb27e6d88287323,https://arpa-e.energy.gov/JSONAPI/custom/index/project?page%5Boffset%5D=1000&page%5Blimit%5D=50,,2026-10-05T18:04:43.336574+00:00,disclosed,"""award"":""3,971,263"",""release_date"":""Aug 24 2014"""
helion-arpa-e-alpha-2014,amount,f20bc6c3582603191eeb62e161c08931f96a17274a59805c05a8ea635fa14d46,https://api.usaspending.gov/api/v2/awards/ASST_NON_DEAR0000563_089/,,2026-10-05T19:15:16.086277+00:00,disclosed,"""total_obligation"":3971263.0"
helion-arpa-e-alpha-2014,announced_on,f20bc6c3582603191eeb62e161c08931f96a17274a59805c05a8ea635fa14d46,https://api.usaspending.gov/api/v2/awards/ASST_NON_DEAR0000563_089/,,2026-10-05T19:15:16.086277+00:00,disclosed,"""date_signed"":""2015-09-29"""
helion-arpa-e-alpha-2014,obligated_usd,f20bc6c3582603191eeb62e161c08931f96a17274a59805c05a8ea635fa14d46,https://api.usaspending.gov/api/v2/awards/ASST_NON_DEAR0000563_089/,,2026-10-05T19:15:16.086277+00:00,disclosed,"""total_obligation"":3971263.0"
helion-arpa-e-alpha-2014,program_release_date,278ae6c2830870cd098db2bc6a75a04517318e3d8995eaa6ccb27e6d88287323,https://arpa-e.energy.gov/JSONAPI/custom/index/project?page%5Boffset%5D=1000&page%5Blimit%5D=50,,2026-10-05T18:04:43.336574+00:00,disclosed,"""release_date"":""Aug 24 2014"",""location"":""Redmond, WA"""
helion-arpa-e-alpha-2014,recipient,2ad9b8707be8a43b4858145f300d7610aa6f4e9c692751815423ff2a44a9e320,https://api.usaspending.gov/api/v2/search/spending_by_award/,,2026-10-05T17:53:31.020038+00:00,disclosed,"""Award ID"":""DEAR0000563"",""Recipient Name"":""HELION ENERGY INC"""
helion-arpa-e-alpha-2014,round_label,278ae6c2830870cd098db2bc6a75a04517318e3d8995eaa6ccb27e6d88287323,https://arpa-e.energy.gov/JSONAPI/custom/index/project?page%5Boffset%5D=1000&page%5Blimit%5D=50,,2026-10-05T18:04:43.336574+00:00,disclosed,"""title"":""Compression of FRC Targets for Fusion"""
helion-arpa-e-alpha-2014:arpa-e,participant,278ae6c2830870cd098db2bc6a75a04517318e3d8995eaa6ccb27e6d88287323,https://arpa-e.energy.gov/JSONAPI/custom/index/project?page%5Boffset%5D=1000&page%5Blimit%5D=50,,2026-10-05T18:04:43.336574+00:00,disclosed,"""title"":""ALPHA"",""alias"":""alpha"""
helion-cumulative-2020-09,amount,9aee7ba1775b3774e3060e4f0b67ce9e3c0b8c188066a8f4719593a725484405,https://web.archive.org/web/2/https://www.helionenergy.com/newsroom/fusion-energy-startup-helion-energy-closes-latest-funding-round-at-1-25b-valuation,https://www.helionenergy.com/newsroom/fusion-energy-startup-helion-energy-closes-latest-funding-round-at-1-25b-valuation,2026-10-05T18:53:10.643546+00:00,disclosed,brings the company’s total funding amount to $77.8 million since its founding in 2013
helion-cumulative-2020-09,announced_on,9aee7ba1775b3774e3060e4f0b67ce9e3c0b8c188066a8f4719593a725484405,https://web.archive.org/web/2/https://www.helionenergy.com/newsroom/fusion-energy-startup-helion-energy-closes-latest-funding-round-at-1-25b-valuation,https://www.helionenergy.com/newsroom/fusion-energy-startup-helion-energy-closes-latest-funding-round-at-1-25b-valuation,2026-10-05T18:53:10.643546+00:00,disclosed,"Fusion Energy Startup Helion Energy Closes Latest Funding Round at $1.25B Valuation September 23, 2020"
helion-cumulative-2021-11-gov-grants,amount,9b42749c55175affbd5243eecde435605436c3a2b7a7484e0a92684d10673ac2,https://www.geekwire.com/2021/interest-fusion-energy-ignites-helion-lands-500m-openai-ceo-facebook-co-founder/,,2026-10-05T18:50:32.841324+00:00,reported,previously raised $72 million in venture capital and $5 million in government grants
helion-cumulative-2021-11-gov-grants,announced_on,9b42749c55175affbd5243eecde435605436c3a2b7a7484e0a92684d10673ac2,https://www.geekwire.com/2021/interest-fusion-energy-ignites-helion-lands-500m-openai-ceo-facebook-co-founder/,,2026-10-05T18:50:32.841324+00:00,reported,"by Lisa Stiffler on Nov 5, 2021"
helion-cumulative-2025-01,amount,756e84e98d1bad0d3a8299b4c0e7c2852069a98a1e3c9aacbed6908c75466904,https://web.archive.org/web/2/https://www.helionenergy.com/newsroom/helion-announces-425m-series-f-investment-to-scale-commercialized-fusion-power,https://www.helionenergy.com/newsroom/helion-announces-425m-series-f-investment-to-scale-commercialized-fusion-power,2026-10-05T18:49:07.326333+00:00,disclosed,will bring the total invested in Helion to over $1 billion
helion-cumulative-2025-01,announced_on,756e84e98d1bad0d3a8299b4c0e7c2852069a98a1e3c9aacbed6908c75466904,https://web.archive.org/web/2/https://www.helionenergy.com/newsroom/helion-announces-425m-series-f-investment-to-scale-commercialized-fusion-power,https://www.helionenergy.com/newsroom/helion-announces-425m-series-f-investment-to-scale-commercialized-fusion-power,2026-10-05T18:49:07.326333+00:00,disclosed,"EVERETT, Wash. – January 28, 2025"
helion-cumulative-2026-06,amount,203b49c82d3f6fe7a7aac2f6f7fd9641a99c433da8d0f138b579e0861bfa66de,https://web.archive.org/web/2/https://www.helionenergy.com/newsroom/helion-raises-465-million-series-g-funding-round-to-meet-surging-global-demand-for-power,https://www.helionenergy.com/newsroom/helion-raises-465-million-series-g-funding-round-to-meet-surging-global-demand-for-power,2026-10-05T18:49:16.993097+00:00,disclosed,brings the total invested to date in Helion to $1.5 billion
helion-cumulative-2026-06,announced_on,203b49c82d3f6fe7a7aac2f6f7fd9641a99c433da8d0f138b579e0861bfa66de,https://web.archive.org/web/2/https://www.helionenergy.com/newsroom/helion-raises-465-million-series-g-funding-round-to-meet-surging-global-demand-for-power,https://www.helionenergy.com/newsroom/helion-raises-465-million-series-g-funding-round-to-meet-surging-global-demand-for-power,2026-10-05T18:49:16.993097+00:00,disclosed,"EVERETT, Wash. – June 4, 2026"
helion-form-d-2015-06,amount,87e29dda2d249f396fbf99fe2194caf3c555754debaead3e25d706a520eab9bc,https://www.sec.gov/Archives/edgar/data/1615940/000161594015000001/primary_doc.xml,,2026-10-05T17:50:58.824829+00:00,disclosed,0 21228400 10614202 10614198 false 6
helion-form-d-2015-06,announced_on,87e29dda2d249f396fbf99fe2194caf3c555754debaead3e25d706a520eab9bc,https://www.sec.gov/Archives/edgar/data/1615940/000161594015000001/primary_doc.xml,,2026-10-05T17:50:58.824829+00:00,disclosed,/s/ David Kirtley David Kirtley President 2015-07-06
helion-microsoft-ppa-2023-05,agreement,3198981e5a219a78a3ea5ee361147b35a619dd01e58129ac26e0689761469ffc,https://web.archive.org/web/2/https://www.helionenergy.com/newsroom/helion-announces-worlds-first-fusion-ppa-with-microsoft,https://www.helionenergy.com/newsroom/helion-announces-worlds-first-fusion-ppa-with-microsoft,2026-10-05T18:53:20.889776+00:00,disclosed,today announced an agreement to provide Microsoft electricity from its first fusion power plant.
helion-microsoft-ppa-2023-05,agreement,02e6302ee33679b78de2a86d3fc5361c887de1ad234d7fb9b2f06f4ebcc78536,https://www.theverge.com/2023/5/10/23717332/microsoft-nuclear-fusion-power-plant-helion-purchase-agreement,,2026-10-05T18:50:35.763343+00:00,reported,It announced a power purchase agreement with Microsoft this morning
helion-microsoft-ppa-2023-05,capacity_mw,3198981e5a219a78a3ea5ee361147b35a619dd01e58129ac26e0689761469ffc,https://web.archive.org/web/2/https://www.helionenergy.com/newsroom/helion-announces-worlds-first-fusion-ppa-with-microsoft,https://www.helionenergy.com/newsroom/helion-announces-worlds-first-fusion-ppa-with-microsoft,2026-10-05T18:53:20.889776+00:00,disclosed,will target power generation of 50 MW or greater after a 1-year ramp up period
helion-nucor-500mw-2023-09,agreement,0457a9ae34660b0779a9043819d21a0b9d545cd271a418d4f0aa0d3eab15495a,https://web.archive.org/web/2/https://www.helionenergy.com/newsroom/helion-nucor-collaboration-to-deploy-500-mw-fusion-power-plant,https://www.helionenergy.com/newsroom/helion-nucor-collaboration-to-deploy-500-mw-fusion-power-plant,2026-10-05T18:56:15.972688+00:00,disclosed,today announced an agreement to develop a 500 MWe fusion power plant at a Nucor steel manufacturing facility in the United States.
helion-nucor-500mw-2023-09,agreement,692eb7c2544c65dc5520446f0404ab181ea12150077b9b4d965407266eef5653,https://www.neimagazine.com/news/helion-and-nucor-announce-collaboration-on-fusion-11199223/,,2026-10-05T18:50:34.436559+00:00,reported,have agreed to develop a 500 MWe fusion power plant at a US Nucor steel manufacturing facility
helion-nucor-investment-2023-09,announced_on,0457a9ae34660b0779a9043819d21a0b9d545cd271a418d4f0aa0d3eab15495a,https://web.archive.org/web/2/https://www.helionenergy.com/newsroom/helion-nucor-collaboration-to-deploy-500-mw-fusion-power-plant,https://www.helionenergy.com/newsroom/helion-nucor-collaboration-to-deploy-500-mw-fusion-power-plant,2026-10-05T18:56:15.972688+00:00,disclosed,"EVERETT, Wash. – September 27, 2023"
helion-nucor-investment-2023-09,round_label,0457a9ae34660b0779a9043819d21a0b9d545cd271a418d4f0aa0d3eab15495a,https://web.archive.org/web/2/https://www.helionenergy.com/newsroom/helion-nucor-collaboration-to-deploy-500-mw-fusion-power-plant,https://www.helionenergy.com/newsroom/helion-nucor-collaboration-to-deploy-500-mw-fusion-power-plant,2026-10-05T18:56:15.972688+00:00,disclosed,"The agreement between the two companies, which includes an investment by Nucor in Helion"
helion-nucor-investment-2023-09,round_label,692eb7c2544c65dc5520446f0404ab181ea12150077b9b4d965407266eef5653,https://www.neimagazine.com/news/helion-and-nucor-announce-collaboration-on-fusion-11199223/,,2026-10-05T18:50:34.436559+00:00,reported,The agreement includes an investment by Nucor in Helion
helion-nucor-investment-2023-09:nucor,participant,0457a9ae34660b0779a9043819d21a0b9d545cd271a418d4f0aa0d3eab15495a,https://web.archive.org/web/2/https://www.helionenergy.com/newsroom/helion-nucor-collaboration-to-deploy-500-mw-fusion-power-plant,https://www.helionenergy.com/newsroom/helion-nucor-collaboration-to-deploy-500-mw-fusion-power-plant,2026-10-05T18:56:15.972688+00:00,disclosed,"The agreement between the two companies, which includes an investment by Nucor in Helion"
helion-nucor-investment-2023-09:nucor,participant,692eb7c2544c65dc5520446f0404ab181ea12150077b9b4d965407266eef5653,https://www.neimagazine.com/news/helion-and-nucor-announce-collaboration-on-fusion-11199223/,,2026-10-05T18:50:34.436559+00:00,reported,The agreement includes an investment by Nucor in Helion
helion-seed-2014-08,amount,7a656329de114332dc6db3915fbaee08c4b63e84e8edceb11743f1c34f937291,https://www.sec.gov/Archives/edgar/data/1615940/000161594014000001/primary_doc.xml,,2026-10-05T17:51:00.026914+00:00,disclosed,0 1499986 1499986 0 false 3
helion-seed-2014-08,amount,6ca14ae3b249c0d66a56c23b15c6efd1b8ca5c5f37dc59ef36e4e9d4ba466ff9,https://techcrunch.com/2014/08/14/y-combinator-and-mithril-invest-in-helion-a-nuclear-fusion-startup/,,2026-10-05T18:50:30.512673+00:00,reported,Y Combinator and Mithril Capital Management are investing $1.5 million in Helion Energy
helion-seed-2014-08,announced_on,6ca14ae3b249c0d66a56c23b15c6efd1b8ca5c5f37dc59ef36e4e9d4ba466ff9,https://techcrunch.com/2014/08/14/y-combinator-and-mithril-invest-in-helion-a-nuclear-fusion-startup/,,2026-10-05T18:50:30.512673+00:00,reported,"10:00 AM PDT · August 14, 2014"
helion-seed-2014-08,round_label,7380191673eff9f865ca73dfa5d0f293034e5d8817a9f38087a3f7f6118a76f1,https://techcrunch.com/2021/11/05/helion-series-e/,,2026-10-05T18:04:39.239891+00:00,reported,"Our first funding round was led by Mithril Capital, and Y Combinator was part of it."
helion-seed-2014-08:mithril-capital,participant,7380191673eff9f865ca73dfa5d0f293034e5d8817a9f38087a3f7f6118a76f1,https://techcrunch.com/2021/11/05/helion-series-e/,,2026-10-05T18:04:39.239891+00:00,reported,"Our first funding round was led by Mithril Capital, and Y Combinator was part of it."
helion-seed-2014-08:mithril-capital,participant,6ca14ae3b249c0d66a56c23b15c6efd1b8ca5c5f37dc59ef36e4e9d4ba466ff9,https://techcrunch.com/2014/08/14/y-combinator-and-mithril-invest-in-helion-a-nuclear-fusion-startup/,,2026-10-05T18:50:30.512673+00:00,reported,Y Combinator and Mithril Capital Management are investing $1.5 million in Helion Energy
helion-seed-2014-08:y-combinator,participant,6ca14ae3b249c0d66a56c23b15c6efd1b8ca5c5f37dc59ef36e4e9d4ba466ff9,https://techcrunch.com/2014/08/14/y-combinator-and-mithril-invest-in-helion-a-nuclear-fusion-startup/,,2026-10-05T18:50:30.512673+00:00,reported,Y Combinator and Mithril Capital Management are investing $1.5 million in Helion Energy
helion-series-d-2020-09,amount,9aee7ba1775b3774e3060e4f0b67ce9e3c0b8c188066a8f4719593a725484405,https://web.archive.org/web/2/https://www.helionenergy.com/newsroom/fusion-energy-startup-helion-energy-closes-latest-funding-round-at-1-25b-valuation,https://www.helionenergy.com/newsroom/fusion-energy-startup-helion-energy-closes-latest-funding-round-at-1-25b-valuation,2026-10-05T18:53:10.643546+00:00,disclosed,closed a $40 million Series D funding round led by investor and entrepreneur Dustin Moskovitz
helion-series-d-2020-09,announced_on,9aee7ba1775b3774e3060e4f0b67ce9e3c0b8c188066a8f4719593a725484405,https://web.archive.org/web/2/https://www.helionenergy.com/newsroom/fusion-energy-startup-helion-energy-closes-latest-funding-round-at-1-25b-valuation,https://www.helionenergy.com/newsroom/fusion-energy-startup-helion-energy-closes-latest-funding-round-at-1-25b-valuation,2026-10-05T18:53:10.643546+00:00,disclosed,"Fusion Energy Startup Helion Energy Closes Latest Funding Round at $1.25B Valuation September 23, 2020"
helion-series-d-2020-09,closed_on,9aee7ba1775b3774e3060e4f0b67ce9e3c0b8c188066a8f4719593a725484405,https://web.archive.org/web/2/https://www.helionenergy.com/newsroom/fusion-energy-startup-helion-energy-closes-latest-funding-round-at-1-25b-valuation,https://www.helionenergy.com/newsroom/fusion-energy-startup-helion-energy-closes-latest-funding-round-at-1-25b-valuation,2026-10-05T18:53:10.643546+00:00,disclosed,"Yesterday, Helion closed a $40 million Series D funding round"
helion-series-d-2020-09,round_label,9aee7ba1775b3774e3060e4f0b67ce9e3c0b8c188066a8f4719593a725484405,https://web.archive.org/web/2/https://www.helionenergy.com/newsroom/fusion-energy-startup-helion-energy-closes-latest-funding-round-at-1-25b-valuation,https://www.helionenergy.com/newsroom/fusion-energy-startup-helion-energy-closes-latest-funding-round-at-1-25b-valuation,2026-10-05T18:53:10.643546+00:00,disclosed,closed a $40 million Series D funding round
helion-series-d-2020-09,use_of_proceeds,9aee7ba1775b3774e3060e4f0b67ce9e3c0b8c188066a8f4719593a725484405,https://web.archive.org/web/2/https://www.helionenergy.com/newsroom/fusion-energy-startup-helion-energy-closes-latest-funding-round-at-1-25b-valuation,https://www.helionenergy.com/newsroom/fusion-energy-startup-helion-energy-closes-latest-funding-round-at-1-25b-valuation,2026-10-05T18:53:10.643546+00:00,disclosed,"The new funding will enable the company to accelerate its work on its 6th fusion prototype, Trenta."
helion-series-d-2020-09,valuation,9aee7ba1775b3774e3060e4f0b67ce9e3c0b8c188066a8f4719593a725484405,https://web.archive.org/web/2/https://www.helionenergy.com/newsroom/fusion-energy-startup-helion-energy-closes-latest-funding-round-at-1-25b-valuation,https://www.helionenergy.com/newsroom/fusion-energy-startup-helion-energy-closes-latest-funding-round-at-1-25b-valuation,2026-10-05T18:53:10.643546+00:00,disclosed,today announced it has been valued at $1.25B after its latest fundraise
helion-series-d-2020-09:dustin-moskovitz,participant,9aee7ba1775b3774e3060e4f0b67ce9e3c0b8c188066a8f4719593a725484405,https://web.archive.org/web/2/https://www.helionenergy.com/newsroom/fusion-energy-startup-helion-energy-closes-latest-funding-round-at-1-25b-valuation,https://www.helionenergy.com/newsroom/fusion-energy-startup-helion-energy-closes-latest-funding-round-at-1-25b-valuation,2026-10-05T18:53:10.643546+00:00,disclosed,Series D funding round led by investor and entrepreneur Dustin Moskovitz
helion-series-e-2021-11,amount,d24ee8d889d91319710340fffeaed3e2572d4d708e38b896beffc5d1ca95095d,https://web.archive.org/web/2/https://www.helionenergy.com/articles/helion-raises-500m/,https://www.helionenergy.com/articles/helion-raises-500m/,2026-10-05T18:49:19.611394+00:00,disclosed,today announced the close of its Series E raise of $500 million.
helion-series-e-2021-11,amount,7380191673eff9f865ca73dfa5d0f293034e5d8817a9f38087a3f7f6118a76f1,https://techcrunch.com/2021/11/05/helion-series-e/,,2026-10-05T18:04:39.239891+00:00,reported,announced the close of its $0.5 billion Series E
helion-series-e-2021-11,announced_on,d24ee8d889d91319710340fffeaed3e2572d4d708e38b896beffc5d1ca95095d,https://web.archive.org/web/2/https://www.helionenergy.com/articles/helion-raises-500m/,https://www.helionenergy.com/articles/helion-raises-500m/,2026-10-05T18:49:19.611394+00:00,disclosed,"EVERETT, WASHINGTON. NOV. 5, 2021"
helion-series-e-2021-11,round_label,d24ee8d889d91319710340fffeaed3e2572d4d708e38b896beffc5d1ca95095d,https://web.archive.org/web/2/https://www.helionenergy.com/articles/helion-raises-500m/,https://www.helionenergy.com/articles/helion-raises-500m/,2026-10-05T18:49:19.611394+00:00,disclosed,today announced the close of its Series E raise of $500 million.
helion-series-e-2021-11,use_of_proceeds,d24ee8d889d91319710340fffeaed3e2572d4d708e38b896beffc5d1ca95095d,https://web.archive.org/web/2/https://www.helionenergy.com/articles/helion-raises-500m/,https://www.helionenergy.com/articles/helion-raises-500m/,2026-10-05T18:49:19.611394+00:00,disclosed,The capital will be used to complete the construction of Polaris
helion-series-e-2021-11,valuation,9b42749c55175affbd5243eecde435605436c3a2b7a7484e0a92684d10673ac2,https://www.geekwire.com/2021/interest-fusion-energy-ignites-helion-lands-500m-openai-ceo-facebook-co-founder/,,2026-10-05T18:50:32.841324+00:00,reported,Axios reported that Helion is now valued at $3 billion.
helion-series-e-2021-11:capricorn-investment-group,participant,d24ee8d889d91319710340fffeaed3e2572d4d708e38b896beffc5d1ca95095d,https://web.archive.org/web/2/https://www.helionenergy.com/articles/helion-raises-500m/,https://www.helionenergy.com/articles/helion-raises-500m/,2026-10-05T18:49:19.611394+00:00,disclosed,"Existing investors, including Dustin Moskovitz, Mithril Capital and Capricorn Investment Group, also participated in the round."
helion-series-e-2021-11:dustin-moskovitz,participant,d24ee8d889d91319710340fffeaed3e2572d4d708e38b896beffc5d1ca95095d,https://web.archive.org/web/2/https://www.helionenergy.com/articles/helion-raises-500m/,https://www.helionenergy.com/articles/helion-raises-500m/,2026-10-05T18:49:19.611394+00:00,disclosed,"Existing investors, including Dustin Moskovitz, Mithril Capital and Capricorn Investment Group, also participated in the round."
helion-series-e-2021-11:mithril-capital,participant,d24ee8d889d91319710340fffeaed3e2572d4d708e38b896beffc5d1ca95095d,https://web.archive.org/web/2/https://www.helionenergy.com/articles/helion-raises-500m/,https://www.helionenergy.com/articles/helion-raises-500m/,2026-10-05T18:49:19.611394+00:00,disclosed,"Existing investors, including Dustin Moskovitz, Mithril Capital and Capricorn Investment Group, also participated in the round."
helion-series-e-2021-11:sam-altman,participant,d24ee8d889d91319710340fffeaed3e2572d4d708e38b896beffc5d1ca95095d,https://web.archive.org/web/2/https://www.helionenergy.com/articles/helion-raises-500m/,https://www.helionenergy.com/articles/helion-raises-500m/,2026-10-05T18:49:19.611394+00:00,disclosed,The round was led by Sam Altman
helion-series-e-2021-11:sam-altman,participant,9b42749c55175affbd5243eecde435605436c3a2b7a7484e0a92684d10673ac2,https://www.geekwire.com/2021/interest-fusion-energy-ignites-helion-lands-500m-openai-ceo-facebook-co-founder/,,2026-10-05T18:50:32.841324+00:00,reported,His contribution to the round was $375 million
helion-series-f-2025-01,amount,756e84e98d1bad0d3a8299b4c0e7c2852069a98a1e3c9aacbed6908c75466904,https://web.archive.org/web/2/https://www.helionenergy.com/newsroom/helion-announces-425m-series-f-investment-to-scale-commercialized-fusion-power,https://www.helionenergy.com/newsroom/helion-announces-425m-series-f-investment-to-scale-commercialized-fusion-power,2026-10-05T18:49:07.326333+00:00,disclosed,announced a $425 million Series F investment round
helion-series-f-2025-01,amount,8b3692332407a7aba94633b8bf3dfd71b660b636dbd74fc8afac296a1618f8cb,https://techcrunch.com/2025/01/28/helion-raises-425m-to-help-build-a-fusion-reactor-for-microsoft/,,2026-10-05T18:50:31.761160+00:00,reported,Helion announced Tuesday a $425 million Series F raise
helion-series-f-2025-01,announced_on,756e84e98d1bad0d3a8299b4c0e7c2852069a98a1e3c9aacbed6908c75466904,https://web.archive.org/web/2/https://www.helionenergy.com/newsroom/helion-announces-425m-series-f-investment-to-scale-commercialized-fusion-power,https://www.helionenergy.com/newsroom/helion-announces-425m-series-f-investment-to-scale-commercialized-fusion-power,2026-10-05T18:49:07.326333+00:00,disclosed,"EVERETT, Wash. – January 28, 2025"
helion-series-f-2025-01,round_label,756e84e98d1bad0d3a8299b4c0e7c2852069a98a1e3c9aacbed6908c75466904,https://web.archive.org/web/2/https://www.helionenergy.com/newsroom/helion-announces-425m-series-f-investment-to-scale-commercialized-fusion-power,https://www.helionenergy.com/newsroom/helion-announces-425m-series-f-investment-to-scale-commercialized-fusion-power,2026-10-05T18:49:07.326333+00:00,disclosed,announced a $425 million Series F investment round
helion-series-f-2025-01,use_of_proceeds,756e84e98d1bad0d3a8299b4c0e7c2852069a98a1e3c9aacbed6908c75466904,https://web.archive.org/web/2/https://www.helionenergy.com/newsroom/helion-announces-425m-series-f-investment-to-scale-commercialized-fusion-power,https://www.helionenergy.com/newsroom/helion-announces-425m-series-f-investment-to-scale-commercialized-fusion-power,2026-10-05T18:49:07.326333+00:00,disclosed,that will be used to scale commercialization efforts for the company’s groundbreaking fusion technology
helion-series-f-2025-01,valuation,756e84e98d1bad0d3a8299b4c0e7c2852069a98a1e3c9aacbed6908c75466904,https://web.archive.org/web/2/https://www.helionenergy.com/newsroom/helion-announces-425m-series-f-investment-to-scale-commercialized-fusion-power,https://www.helionenergy.com/newsroom/helion-announces-425m-series-f-investment-to-scale-commercialized-fusion-power,2026-10-05T18:49:07.326333+00:00,disclosed,values the company at $5.425 billion post-money
helion-series-f-2025-01:capricorn-investment-group,participant,756e84e98d1bad0d3a8299b4c0e7c2852069a98a1e3c9aacbed6908c75466904,https://web.archive.org/web/2/https://www.helionenergy.com/newsroom/helion-announces-425m-series-f-investment-to-scale-commercialized-fusion-power,https://www.helionenergy.com/newsroom/helion-announces-425m-series-f-investment-to-scale-commercialized-fusion-power,2026-10-05T18:49:07.326333+00:00,disclosed,"existing investors including Sam Altman, Mithril Capital, Capricorn Investment Group, Dustin Moskovitz through Good Ventures Foundation, and Nucor"
helion-series-f-2025-01:dustin-moskovitz,participant,756e84e98d1bad0d3a8299b4c0e7c2852069a98a1e3c9aacbed6908c75466904,https://web.archive.org/web/2/https://www.helionenergy.com/newsroom/helion-announces-425m-series-f-investment-to-scale-commercialized-fusion-power,https://www.helionenergy.com/newsroom/helion-announces-425m-series-f-investment-to-scale-commercialized-fusion-power,2026-10-05T18:49:07.326333+00:00,disclosed,"existing investors including Sam Altman, Mithril Capital, Capricorn Investment Group, Dustin Moskovitz through Good Ventures Foundation, and Nucor"
helion-series-f-2025-01:lightspeed,participant,756e84e98d1bad0d3a8299b4c0e7c2852069a98a1e3c9aacbed6908c75466904,https://web.archive.org/web/2/https://www.helionenergy.com/newsroom/helion-announces-425m-series-f-investment-to-scale-commercialized-fusion-power,https://www.helionenergy.com/newsroom/helion-announces-425m-series-f-investment-to-scale-commercialized-fusion-power,2026-10-05T18:49:07.326333+00:00,disclosed,"participation from new investors, including Lightspeed Venture Partners, SoftBank Vision Fund 2, and a major university endowment"
helion-series-f-2025-01:lightspeed,participant,8b3692332407a7aba94633b8bf3dfd71b660b636dbd74fc8afac296a1618f8cb,https://techcrunch.com/2025/01/28/helion-raises-425m-to-help-build-a-fusion-reactor-for-microsoft/,,2026-10-05T18:50:31.761160+00:00,reported,"New investors in the round include Lightspeed Venture Partners, SoftBank Vision Fund 2, and a major university endowment."
helion-series-f-2025-01:mithril-capital,participant,756e84e98d1bad0d3a8299b4c0e7c2852069a98a1e3c9aacbed6908c75466904,https://web.archive.org/web/2/https://www.helionenergy.com/newsroom/helion-announces-425m-series-f-investment-to-scale-commercialized-fusion-power,https://www.helionenergy.com/newsroom/helion-announces-425m-series-f-investment-to-scale-commercialized-fusion-power,2026-10-05T18:49:07.326333+00:00,disclosed,"existing investors including Sam Altman, Mithril Capital, Capricorn Investment Group, Dustin Moskovitz through Good Ventures Foundation, and Nucor"
helion-series-f-2025-01:nucor,participant,756e84e98d1bad0d3a8299b4c0e7c2852069a98a1e3c9aacbed6908c75466904,https://web.archive.org/web/2/https://www.helionenergy.com/newsroom/helion-announces-425m-series-f-investment-to-scale-commercialized-fusion-power,https://www.helionenergy.com/newsroom/helion-announces-425m-series-f-investment-to-scale-commercialized-fusion-power,2026-10-05T18:49:07.326333+00:00,disclosed,"existing investors including Sam Altman, Mithril Capital, Capricorn Investment Group, Dustin Moskovitz through Good Ventures Foundation, and Nucor"
helion-series-f-2025-01:nucor,participant,8b3692332407a7aba94633b8bf3dfd71b660b636dbd74fc8afac296a1618f8cb,https://techcrunch.com/2025/01/28/helion-raises-425m-to-help-build-a-fusion-reactor-for-microsoft/,,2026-10-05T18:50:31.761160+00:00,reported,"Existing investors Sam Altman, Capricorn Investment Group, Mithril Capital, Dustin Moskovitz, and Nucor also participated."
helion-series-f-2025-01:sam-altman,participant,756e84e98d1bad0d3a8299b4c0e7c2852069a98a1e3c9aacbed6908c75466904,https://web.archive.org/web/2/https://www.helionenergy.com/newsroom/helion-announces-425m-series-f-investment-to-scale-commercialized-fusion-power,https://www.helionenergy.com/newsroom/helion-announces-425m-series-f-investment-to-scale-commercialized-fusion-power,2026-10-05T18:49:07.326333+00:00,disclosed,"existing investors including Sam Altman, Mithril Capital, Capricorn Investment Group, Dustin Moskovitz through Good Ventures Foundation, and Nucor"
helion-series-f-2025-01:softbank-vision-fund-2,participant,756e84e98d1bad0d3a8299b4c0e7c2852069a98a1e3c9aacbed6908c75466904,https://web.archive.org/web/2/https://www.helionenergy.com/newsroom/helion-announces-425m-series-f-investment-to-scale-commercialized-fusion-power,https://www.helionenergy.com/newsroom/helion-announces-425m-series-f-investment-to-scale-commercialized-fusion-power,2026-10-05T18:49:07.326333+00:00,disclosed,"participation from new investors, including Lightspeed Venture Partners, SoftBank Vision Fund 2, and a major university endowment"
helion-series-f-2025-01:softbank-vision-fund-2,participant,8b3692332407a7aba94633b8bf3dfd71b660b636dbd74fc8afac296a1618f8cb,https://techcrunch.com/2025/01/28/helion-raises-425m-to-help-build-a-fusion-reactor-for-microsoft/,,2026-10-05T18:50:31.761160+00:00,reported,"New investors in the round include Lightspeed Venture Partners, SoftBank Vision Fund 2, and a major university endowment."
helion-series-g-2026-06-initial,amount,203b49c82d3f6fe7a7aac2f6f7fd9641a99c433da8d0f138b579e0861bfa66de,https://web.archive.org/web/2/https://www.helionenergy.com/newsroom/helion-raises-465-million-series-g-funding-round-to-meet-surging-global-demand-for-power,https://www.helionenergy.com/newsroom/helion-raises-465-million-series-g-funding-round-to-meet-surging-global-demand-for-power,2026-10-05T18:49:16.993097+00:00,disclosed,announced a $465 million Series G investment round
helion-series-g-2026-06-initial,amount,00af6e353cbeedd2b4d9d7911447082b60e2040b360e3b9669e953ef8121dab5,https://www.geekwire.com/2026/helion-hits-15-5b-valuation-with-465m-in-new-cash-to-commercialize-fusion-this-decade/,,2026-10-05T18:51:09.087824+00:00,reported,announced $465 million in new funding Thursday
helion-series-g-2026-06-initial,announced_on,203b49c82d3f6fe7a7aac2f6f7fd9641a99c433da8d0f138b579e0861bfa66de,https://web.archive.org/web/2/https://www.helionenergy.com/newsroom/helion-raises-465-million-series-g-funding-round-to-meet-surging-global-demand-for-power,https://www.helionenergy.com/newsroom/helion-raises-465-million-series-g-funding-round-to-meet-surging-global-demand-for-power,2026-10-05T18:49:16.993097+00:00,disclosed,"EVERETT, Wash. – June 4, 2026"
helion-series-g-2026-06-initial,round_label,203b49c82d3f6fe7a7aac2f6f7fd9641a99c433da8d0f138b579e0861bfa66de,https://web.archive.org/web/2/https://www.helionenergy.com/newsroom/helion-raises-465-million-series-g-funding-round-to-meet-surging-global-demand-for-power,https://www.helionenergy.com/newsroom/helion-raises-465-million-series-g-funding-round-to-meet-surging-global-demand-for-power,2026-10-05T18:49:16.993097+00:00,disclosed,announced a $465 million Series G investment round
helion-series-g-2026-06-initial,use_of_proceeds,203b49c82d3f6fe7a7aac2f6f7fd9641a99c433da8d0f138b579e0861bfa66de,https://web.archive.org/web/2/https://www.helionenergy.com/newsroom/helion-raises-465-million-series-g-funding-round-to-meet-surging-global-demand-for-power,https://www.helionenergy.com/newsroom/helion-raises-465-million-series-g-funding-round-to-meet-surging-global-demand-for-power,2026-10-05T18:49:16.993097+00:00,disclosed,"to accelerate commercial deployment of fusion, scale manufacturing capacity, and expand the company’s ability to deliver clean electricity to customers"
helion-series-g-2026-06-initial,valuation,203b49c82d3f6fe7a7aac2f6f7fd9641a99c433da8d0f138b579e0861bfa66de,https://web.archive.org/web/2/https://www.helionenergy.com/newsroom/helion-raises-465-million-series-g-funding-round-to-meet-surging-global-demand-for-power,https://www.helionenergy.com/newsroom/helion-raises-465-million-series-g-funding-round-to-meet-surging-global-demand-for-power,2026-10-05T18:49:16.993097+00:00,disclosed,values the company at $15.5 billion post-money
helion-series-g-2026-06-initial:alta-park-capital,participant,203b49c82d3f6fe7a7aac2f6f7fd9641a99c433da8d0f138b579e0861bfa66de,https://web.archive.org/web/2/https://www.helionenergy.com/newsroom/helion-raises-465-million-series-g-funding-round-to-meet-surging-global-demand-for-power,https://www.helionenergy.com/newsroom/helion-raises-465-million-series-g-funding-round-to-meet-surging-global-demand-for-power,2026-10-05T18:49:16.993097+00:00,disclosed,"The raise was led by Thrive Capital, with participation from additional new investors, including Alta Park Capital, Anti Fund, BoxGroup, Lux Capital, Peak XV Partners, and Ford Motor Company Executive Chairman Bill Ford"
helion-series-g-2026-06-initial:anti-fund,participant,203b49c82d3f6fe7a7aac2f6f7fd9641a99c433da8d0f138b579e0861bfa66de,https://web.archive.org/web/2/https://www.helionenergy.com/newsroom/helion-raises-465-million-series-g-funding-round-to-meet-surging-global-demand-for-power,https://www.helionenergy.com/newsroom/helion-raises-465-million-series-g-funding-round-to-meet-surging-global-demand-for-power,2026-10-05T18:49:16.993097+00:00,disclosed,"The raise was led by Thrive Capital, with participation from additional new investors, including Alta Park Capital, Anti Fund, BoxGroup, Lux Capital, Peak XV Partners, and Ford Motor Company Executive Chairman Bill Ford"
helion-series-g-2026-06-initial:bill-ford,participant,203b49c82d3f6fe7a7aac2f6f7fd9641a99c433da8d0f138b579e0861bfa66de,https://web.archive.org/web/2/https://www.helionenergy.com/newsroom/helion-raises-465-million-series-g-funding-round-to-meet-surging-global-demand-for-power,https://www.helionenergy.com/newsroom/helion-raises-465-million-series-g-funding-round-to-meet-surging-global-demand-for-power,2026-10-05T18:49:16.993097+00:00,disclosed,"The raise was led by Thrive Capital, with participation from additional new investors, including Alta Park Capital, Anti Fund, BoxGroup, Lux Capital, Peak XV Partners, and Ford Motor Company Executive Chairman Bill Ford"
helion-series-g-2026-06-initial:boxgroup,participant,203b49c82d3f6fe7a7aac2f6f7fd9641a99c433da8d0f138b579e0861bfa66de,https://web.archive.org/web/2/https://www.helionenergy.com/newsroom/helion-raises-465-million-series-g-funding-round-to-meet-surging-global-demand-for-power,https://www.helionenergy.com/newsroom/helion-raises-465-million-series-g-funding-round-to-meet-surging-global-demand-for-power,2026-10-05T18:49:16.993097+00:00,disclosed,"The raise was led by Thrive Capital, with participation from additional new investors, including Alta Park Capital, Anti Fund, BoxGroup, Lux Capital, Peak XV Partners, and Ford Motor Company Executive Chairman Bill Ford"
helion-series-g-2026-06-initial:capricorn-investment-group,participant,203b49c82d3f6fe7a7aac2f6f7fd9641a99c433da8d0f138b579e0861bfa66de,https://web.archive.org/web/2/https://www.helionenergy.com/newsroom/helion-raises-465-million-series-g-funding-round-to-meet-surging-global-demand-for-power,https://www.helionenergy.com/newsroom/helion-raises-465-million-series-g-funding-round-to-meet-surging-global-demand-for-power,2026-10-05T18:49:16.993097+00:00,disclosed,"plus existing investors, including Capricorn Technology Impact Funds, Lightspeed Venture Partners, Mithril Capital, Dustin Moskovitz through Good Ventures Foundation, SoftBank Vision Fund 2, and a university endowment fund"
helion-series-g-2026-06-initial:dustin-moskovitz,participant,203b49c82d3f6fe7a7aac2f6f7fd9641a99c433da8d0f138b579e0861bfa66de,https://web.archive.org/web/2/https://www.helionenergy.com/newsroom/helion-raises-465-million-series-g-funding-round-to-meet-surging-global-demand-for-power,https://www.helionenergy.com/newsroom/helion-raises-465-million-series-g-funding-round-to-meet-surging-global-demand-for-power,2026-10-05T18:49:16.993097+00:00,disclosed,"plus existing investors, including Capricorn Technology Impact Funds, Lightspeed Venture Partners, Mithril Capital, Dustin Moskovitz through Good Ventures Foundation, SoftBank Vision Fund 2, and a university endowment fund"
helion-series-g-2026-06-initial:lightspeed,participant,203b49c82d3f6fe7a7aac2f6f7fd9641a99c433da8d0f138b579e0861bfa66de,https://web.archive.org/web/2/https://www.helionenergy.com/newsroom/helion-raises-465-million-series-g-funding-round-to-meet-surging-global-demand-for-power,https://www.helionenergy.com/newsroom/helion-raises-465-million-series-g-funding-round-to-meet-surging-global-demand-for-power,2026-10-05T18:49:16.993097+00:00,disclosed,"plus existing investors, including Capricorn Technology Impact Funds, Lightspeed Venture Partners, Mithril Capital, Dustin Moskovitz through Good Ventures Foundation, SoftBank Vision Fund 2, and a university endowment fund"
helion-series-g-2026-06-initial:lux-capital,participant,203b49c82d3f6fe7a7aac2f6f7fd9641a99c433da8d0f138b579e0861bfa66de,https://web.archive.org/web/2/https://www.helionenergy.com/newsroom/helion-raises-465-million-series-g-funding-round-to-meet-surging-global-demand-for-power,https://www.helionenergy.com/newsroom/helion-raises-465-million-series-g-funding-round-to-meet-surging-global-demand-for-power,2026-10-05T18:49:16.993097+00:00,disclosed,"The raise was led by Thrive Capital, with participation from additional new investors, including Alta Park Capital, Anti Fund, BoxGroup, Lux Capital, Peak XV Partners, and Ford Motor Company Executive Chairman Bill Ford"
helion-series-g-2026-06-initial:mithril-capital,participant,203b49c82d3f6fe7a7aac2f6f7fd9641a99c433da8d0f138b579e0861bfa66de,https://web.archive.org/web/2/https://www.helionenergy.com/newsroom/helion-raises-465-million-series-g-funding-round-to-meet-surging-global-demand-for-power,https://www.helionenergy.com/newsroom/helion-raises-465-million-series-g-funding-round-to-meet-surging-global-demand-for-power,2026-10-05T18:49:16.993097+00:00,disclosed,"plus existing investors, including Capricorn Technology Impact Funds, Lightspeed Venture Partners, Mithril Capital, Dustin Moskovitz through Good Ventures Foundation, SoftBank Vision Fund 2, and a university endowment fund"
helion-series-g-2026-06-initial:peak-xv,participant,203b49c82d3f6fe7a7aac2f6f7fd9641a99c433da8d0f138b579e0861bfa66de,https://web.archive.org/web/2/https://www.helionenergy.com/newsroom/helion-raises-465-million-series-g-funding-round-to-meet-surging-global-demand-for-power,https://www.helionenergy.com/newsroom/helion-raises-465-million-series-g-funding-round-to-meet-surging-global-demand-for-power,2026-10-05T18:49:16.993097+00:00,disclosed,"The raise was led by Thrive Capital, with participation from additional new investors, including Alta Park Capital, Anti Fund, BoxGroup, Lux Capital, Peak XV Partners, and Ford Motor Company Executive Chairman Bill Ford"
helion-series-g-2026-06-initial:softbank-vision-fund-2,participant,203b49c82d3f6fe7a7aac2f6f7fd9641a99c433da8d0f138b579e0861bfa66de,https://web.archive.org/web/2/https://www.helionenergy.com/newsroom/helion-raises-465-million-series-g-funding-round-to-meet-surging-global-demand-for-power,https://www.helionenergy.com/newsroom/helion-raises-465-million-series-g-funding-round-to-meet-surging-global-demand-for-power,2026-10-05T18:49:16.993097+00:00,disclosed,"plus existing investors, including Capricorn Technology Impact Funds, Lightspeed Venture Partners, Mithril Capital, Dustin Moskovitz through Good Ventures Foundation, SoftBank Vision Fund 2, and a university endowment fund"
helion-series-g-2026-06-initial:thrive-capital,participant,203b49c82d3f6fe7a7aac2f6f7fd9641a99c433da8d0f138b579e0861bfa66de,https://web.archive.org/web/2/https://www.helionenergy.com/newsroom/helion-raises-465-million-series-g-funding-round-to-meet-surging-global-demand-for-power,https://www.helionenergy.com/newsroom/helion-raises-465-million-series-g-funding-round-to-meet-surging-global-demand-for-power,2026-10-05T18:49:16.993097+00:00,disclosed,"The raise was led by Thrive Capital, with participation from additional new investors, including Alta Park Capital, Anti Fund, BoxGroup, Lux Capital, Peak XV Partners, and Ford Motor Company Executive Chairman Bill Ford"
helion-series-g-2026-09-final,amount,203b49c82d3f6fe7a7aac2f6f7fd9641a99c433da8d0f138b579e0861bfa66de,https://web.archive.org/web/2/https://www.helionenergy.com/newsroom/helion-raises-465-million-series-g-funding-round-to-meet-surging-global-demand-for-power,https://www.helionenergy.com/newsroom/helion-raises-465-million-series-g-funding-round-to-meet-surging-global-demand-for-power,2026-10-05T18:49:16.993097+00:00,disclosed,"UPDATE: Helion closed its oversubscribed Series G at $500M in September 2026, up from an initial close of $465M."
helion-series-g-2026-09-final,amount,403af50ee408099e468660d1a3a3381e5f5d7c35c288f2b972374c26340dcb15,https://www.geekwire.com/2026/helion-funding-round-grows-to-500m-amid-uncertainty-over-fusion-startups-microsoft-timeline/,,2026-10-05T18:51:08.824201+00:00,reported,Kirtley said the investment now totals $500 million.
helion-series-g-2026-09-final,announced_on,403af50ee408099e468660d1a3a3381e5f5d7c35c288f2b972374c26340dcb15,https://www.geekwire.com/2026/helion-funding-round-grows-to-500m-amid-uncertainty-over-fusion-startups-microsoft-timeline/,,2026-10-05T18:51:08.824201+00:00,reported,"Lisa Stiffler on Sep 15, 2026"
helion-series-g-2026-09-final,extension_amount,403af50ee408099e468660d1a3a3381e5f5d7c35c288f2b972374c26340dcb15,https://www.geekwire.com/2026/helion-funding-round-grows-to-500m-amid-uncertainty-over-fusion-startups-microsoft-timeline/,,2026-10-05T18:51:08.824201+00:00,reported,Helion Energy on Tuesday said that it added $35 million to a funding round initially announced in June.
helion-series-g-2026-09-final,round_label,403af50ee408099e468660d1a3a3381e5f5d7c35c288f2b972374c26340dcb15,https://www.geekwire.com/2026/helion-funding-round-grows-to-500m-amid-uncertainty-over-fusion-startups-microsoft-timeline/,,2026-10-05T18:51:08.824201+00:00,reported,"The Everett, Wash.-based fusion company originally shared news of a $465 million Series G round."
hexium-credit-facility-2025,amount,b3ff54e0e20abdf5240e89378b0660d40bac8d1bd6d0d62d25b64b9d380d0710,https://techcrunch.com/2025/04/15/fusion-power-has-a-fuel-problem-hexium-has-a-laser-powered-solution/,,2026-10-05T18:50:49.224869+00:00,reported,$2.5 million in a credit facility
hexium-credit-facility-2025,announced_on,b3ff54e0e20abdf5240e89378b0660d40bac8d1bd6d0d62d25b64b9d380d0710,https://techcrunch.com/2025/04/15/fusion-power-has-a-fuel-problem-hexium-has-a-laser-powered-solution/,,2026-10-05T18:50:49.224869+00:00,reported,"April 15, 2025"
hexium-seed-2025,amount,b3ff54e0e20abdf5240e89378b0660d40bac8d1bd6d0d62d25b64b9d380d0710,https://techcrunch.com/2025/04/15/fusion-power-has-a-fuel-problem-hexium-has-a-laser-powered-solution/,,2026-10-05T18:50:49.224869+00:00,reported,emerged on Tuesday with $9.5 million in seed funding and $2.5 million in a credit facility
hexium-seed-2025,announced_on,b3ff54e0e20abdf5240e89378b0660d40bac8d1bd6d0d62d25b64b9d380d0710,https://techcrunch.com/2025/04/15/fusion-power-has-a-fuel-problem-hexium-has-a-laser-powered-solution/,,2026-10-05T18:50:49.224869+00:00,reported,"April 15, 2025"
hexium-seed-2025,round_label,b3ff54e0e20abdf5240e89378b0660d40bac8d1bd6d0d62d25b64b9d380d0710,https://techcrunch.com/2025/04/15/fusion-power-has-a-fuel-problem-hexium-has-a-laser-powered-solution/,,2026-10-05T18:50:49.224869+00:00,reported,$9.5 million in seed funding
hexium-seed-2025:humba-ventures,participant,b3ff54e0e20abdf5240e89378b0660d40bac8d1bd6d0d62d25b64b9d380d0710,https://techcrunch.com/2025/04/15/fusion-power-has-a-fuel-problem-hexium-has-a-laser-powered-solution/,,2026-10-05T18:50:49.224869+00:00,reported,"with Humba Ventures, Julian Capital, Overture VC, and R7 Partners participating"
hexium-seed-2025:julian-capital,participant,b3ff54e0e20abdf5240e89378b0660d40bac8d1bd6d0d62d25b64b9d380d0710,https://techcrunch.com/2025/04/15/fusion-power-has-a-fuel-problem-hexium-has-a-laser-powered-solution/,,2026-10-05T18:50:49.224869+00:00,reported,"with Humba Ventures, Julian Capital, Overture VC, and R7 Partners participating"
hexium-seed-2025:mac-venture-capital,participant,b3ff54e0e20abdf5240e89378b0660d40bac8d1bd6d0d62d25b64b9d380d0710,https://techcrunch.com/2025/04/15/fusion-power-has-a-fuel-problem-hexium-has-a-laser-powered-solution/,,2026-10-05T18:50:49.224869+00:00,reported,"MaC Venture Capital and Refactor led the round, with Humba Ventures, Julian Capital, Overture VC, and R7 Partners participating"
hexium-seed-2025:overture-vc,participant,b3ff54e0e20abdf5240e89378b0660d40bac8d1bd6d0d62d25b64b9d380d0710,https://techcrunch.com/2025/04/15/fusion-power-has-a-fuel-problem-hexium-has-a-laser-powered-solution/,,2026-10-05T18:50:49.224869+00:00,reported,"with Humba Ventures, Julian Capital, Overture VC, and R7 Partners participating"
hexium-seed-2025:r7-partners,participant,b3ff54e0e20abdf5240e89378b0660d40bac8d1bd6d0d62d25b64b9d380d0710,https://techcrunch.com/2025/04/15/fusion-power-has-a-fuel-problem-hexium-has-a-laser-powered-solution/,,2026-10-05T18:50:49.224869+00:00,reported,"with Humba Ventures, Julian Capital, Overture VC, and R7 Partners participating"
hexium-seed-2025:refactor-capital,participant,b3ff54e0e20abdf5240e89378b0660d40bac8d1bd6d0d62d25b64b9d380d0710,https://techcrunch.com/2025/04/15/fusion-power-has-a-fuel-problem-hexium-has-a-laser-powered-solution/,,2026-10-05T18:50:49.224869+00:00,reported,"MaC Venture Capital and Refactor led the round, with Humba Ventures, Julian Capital, Overture VC, and R7 Partners participating"
hexium-seed-form-d-2024,amount,8b76315e548b89db9bd1038c8b145a7db225e76e7a2051cd3ff0fa182c7be348,https://www.sec.gov/Archives/edgar/data/2030196/000203019624000001/primary_doc.xml,,2026-10-05T18:49:49.128279+00:00,disclosed,7999991 7999991 0
hexium-seed-form-d-2024,announced_on,8b76315e548b89db9bd1038c8b145a7db225e76e7a2051cd3ff0fa182c7be348,https://www.sec.gov/Archives/edgar/data/2030196/000203019624000001/primary_doc.xml,,2026-10-05T18:49:49.128279+00:00,disclosed,Leonard Charles Jarrott President and Chief Executive Officer 2024-07-24
high-temperature-superconductors-inc-dear0001815,amount,a9ef8244f6e7425d8f4db3f20702e249da28aa3a88cdec994c9d75bcbd320412,https://api.usaspending.gov/api/v2/search/spending_by_award/,,2026-10-05T18:58:22.354698+00:00,disclosed,"""Award ID"": ""DEAR0001815"", ""Recipient Name"": ""HIGH TEMPERATURE SUPERCONDUCTORS, INC."", ""Recipient UEI"": ""EEL2PLAVBNK3"", ""Award Amount"": 6000000.0"
high-temperature-superconductors-inc-dear0001815,announced_on,a9ef8244f6e7425d8f4db3f20702e249da28aa3a88cdec994c9d75bcbd320412,https://api.usaspending.gov/api/v2/search/spending_by_award/,,2026-10-05T18:58:22.354698+00:00,disclosed,"""Base Obligation Date"": ""2024-04-15"", ""generated_internal_id"": ""ASST_NON_DEAR0001815_089"""
high-temperature-superconductors-inc-dear0001815,disbursed_usd,a9ef8244f6e7425d8f4db3f20702e249da28aa3a88cdec994c9d75bcbd320412,https://api.usaspending.gov/api/v2/search/spending_by_award/,,2026-10-05T18:58:22.354698+00:00,disclosed,"""Award Amount"": 6000000.0, ""Total Outlays"": 3966980.84"
high-temperature-superconductors-inc-dear0001815,round_label,a9ef8244f6e7425d8f4db3f20702e249da28aa3a88cdec994c9d75bcbd320412,https://api.usaspending.gov/api/v2/search/spending_by_award/,,2026-10-05T18:58:22.354698+00:00,disclosed,"""Award ID"": ""DEAR0001815"", ""Recipient Name"": ""HIGH TEMPERATURE SUPERCONDUCTORS, INC."""
high-temperature-superconductors-inc-dear0001815,use_of_proceeds,a9ef8244f6e7425d8f4db3f20702e249da28aa3a88cdec994c9d75bcbd320412,https://api.usaspending.gov/api/v2/search/spending_by_award/,,2026-10-05T18:58:22.354698+00:00,disclosed,"""Description"": ""HIGH TEMPERATURE SUPERCONDUCTORS, INC. NEW SUPERCONDUCTORS AWARD\nCONTROL NUMBER: 2784-1734\nTITLE:"
high-temperature-superconductors-inc-dear0001815:arpa-e,participant,a9ef8244f6e7425d8f4db3f20702e249da28aa3a88cdec994c9d75bcbd320412,https://api.usaspending.gov/api/v2/search/spending_by_award/,,2026-10-05T18:58:22.354698+00:00,disclosed,"""Awarding Agency"": ""Department of Energy"", ""Awarding Sub Agency"": ""Department of Energy"""
holosgen-dear0000984,amount,7bd558ffa48cbfeb842130c56da49da551f627ed66b466665fe8f628f3892ad4,https://api.usaspending.gov/api/v2/search/spending_by_award/,,2026-10-05T19:10:05.591104+00:00,disclosed,"""Award ID"": ""DEAR0000984"", ""Recipient Name"": ""HOLOSGEN LLC"", ""Recipient UEI"": ""RY9GMWDLVFC8"", ""Award Amount"": 1948613.17"
holosgen-dear0000984,announced_on,7bd558ffa48cbfeb842130c56da49da551f627ed66b466665fe8f628f3892ad4,https://api.usaspending.gov/api/v2/search/spending_by_award/,,2026-10-05T19:10:05.591104+00:00,disclosed,"""Base Obligation Date"": ""2018-09-20"", ""generated_internal_id"": ""ASST_NON_DEAR0000984_089"""
holosgen-dear0000984,obligated_usd,ac0c69f0a651f1be9adb499a8f9d724415231fe3356b8ef3fd3afacb9665f5c7,https://api.usaspending.gov/api/v2/awards/ASST_NON_DEAR0000984_089/,,2026-10-05T19:34:34.354538+00:00,disclosed,"""total_obligation"":1948613.17"
holosgen-dear0000984,round_label,7bd558ffa48cbfeb842130c56da49da551f627ed66b466665fe8f628f3892ad4,https://api.usaspending.gov/api/v2/search/spending_by_award/,,2026-10-05T19:10:05.591104+00:00,disclosed,"""Award ID"": ""DEAR0000984"", ""Recipient Name"": ""HOLOSGEN LLC"""
holosgen-dear0000984,use_of_proceeds,7bd558ffa48cbfeb842130c56da49da551f627ed66b466665fe8f628f3892ad4,https://api.usaspending.gov/api/v2/search/spending_by_award/,,2026-10-05T19:10:05.591104+00:00,disclosed,"""Description"": ""HOLOSGEN LLC: NEW MEITNER AWARD.\n\nCONTROL NUMBER: 1798-1595\nTITLE: ''TRANSPORTABLE MODULAR REACT"
holosgen-dear0000984:arpa-e,participant,ac0c69f0a651f1be9adb499a8f9d724415231fe3356b8ef3fd3afacb9665f5c7,https://api.usaspending.gov/api/v2/awards/ASST_NON_DEAR0000984_089/,,2026-10-05T19:34:34.354538+00:00,disclosed,"""cfda_title"":""Advanced Research Projects Agency - Energy"""
holtec-2024-doe-palisades-loan,amount,0a61f38e3067913034a407b93493f8ac035124cf8d019dea950f624905b80269,https://www.sec.gov/Archives/edgar/data/2104277/000119312526384287/d40440ds1a.htm,,2026-10-05T19:04:06.890359+00:00,disclosed,"guarantees loan advances from the federal financing bank (the ""ffb"") to us in an amount of up to $1.52 billion"
holtec-2024-doe-palisades-loan,amount_doe_headline,9505ea19a5e9665037c744e511522318de7ce76d0d0fa6a7ce42008d8b8a1f41,https://www.energy.gov/lpo/palisades,,2026-10-05T19:18:16.515444+00:00,disclosed,"the department of energy announced the closing of a $1.52 billion loan to holtec palisades, llc"
holtec-2024-doe-palisades-loan,amount_usaspending,cef3331431b5a34eca0777cbb77f087a01677df720fc9e30e35c933d77270175,https://api.usaspending.gov/api/v2/search/spending_by_award/,,2026-10-05T17:57:04.979201+00:00,disclosed,"""Loan Value"":1450241177.0"
holtec-2024-doe-palisades-loan,announced_on,0a61f38e3067913034a407b93493f8ac035124cf8d019dea950f624905b80269,https://www.sec.gov/Archives/edgar/data/2104277/000119312526384287/d40440ds1a.htm,,2026-10-05T19:04:06.890359+00:00,disclosed,"on july 31, 2024, we entered into a loan guarantee agreement (the ""lga"") with the doe"
holtec-2024-doe-palisades-loan,announced_on,cef3331431b5a34eca0777cbb77f087a01677df720fc9e30e35c933d77270175,https://api.usaspending.gov/api/v2/search/spending_by_award/,,2026-10-05T17:57:04.979201+00:00,disclosed,"""Issued Date"":""2024-07-31"""
holtec-2024-doe-palisades-loan,round_label,1739f378a2556cbbc25f65dd6d6de14d8dc39635a445cbf3004b718456669b5c,https://www.energy.gov/edf/articles/record-decision-issuance-loan-guarantee-holtec-palisades-llc,,2026-10-05T17:59:25.387043+00:00,disclosed,"Record of Decision: Issuance of a Loan Guarantee to Holtec Palisades, LLC"
holtec-2024-doe-palisades-loan:doe-edf,participant,cef3331431b5a34eca0777cbb77f087a01677df720fc9e30e35c933d77270175,https://api.usaspending.gov/api/v2/search/spending_by_award/,,2026-10-05T17:57:04.979201+00:00,disclosed,"""Awarding Sub Agency"":""Department of Energy"""
holtec-2024-doe-palisades-loan:federal-financing-bank,participant,0a61f38e3067913034a407b93493f8ac035124cf8d019dea950f624905b80269,https://www.sec.gov/Archives/edgar/data/2104277/000119312526384287/d40440ds1a.htm,,2026-10-05T19:04:06.890359+00:00,disclosed,the lga provides us with guaranteed funding of up to $1.52 billion through two
holtec-2026-ipo-withdrawn,announced_on,f56a4f5a33fbb780f92246be52ce488037f57d303a1a22dc6d86a06e2788f44f,https://www.sec.gov/Archives/edgar/data/2104277/000119312526402799/d40440drw.htm,,2026-10-05T19:04:06.300628+00:00,disclosed,"On July 10, 2026, Holtec Nuclear Corporation (the “ Company ”) initially filed the Registration Statement on Form S-1"
holtec-2026-ipo-withdrawn,round_label,f56a4f5a33fbb780f92246be52ce488037f57d303a1a22dc6d86a06e2788f44f,https://www.sec.gov/Archives/edgar/data/2104277/000119312526402799/d40440drw.htm,,2026-10-05T19:04:06.300628+00:00,disclosed,no securities have been issued or sold under the Registration Statement
holtec-2026-ipo-withdrawn,round_label,0a61f38e3067913034a407b93493f8ac035124cf8d019dea950f624905b80269,https://www.sec.gov/Archives/edgar/data/2104277/000119312526384287/d40440ds1a.htm,,2026-10-05T19:04:06.890359+00:00,disclosed,"We are offering 50,000,000 shares of our Class A common stock"
holtec-doe-palisades-loan-advances-to-2026h1,amount,0a61f38e3067913034a407b93493f8ac035124cf8d019dea950f624905b80269,https://www.sec.gov/Archives/edgar/data/2104277/000119312526384287/d40440ds1a.htm,,2026-10-05T19:04:06.890359+00:00,disclosed,"as of june 30, 2026, total advances received from the ffb were $1.0 billion"
holtec-doe-palisades-loan-advances-to-2026h1,announced_on,0a61f38e3067913034a407b93493f8ac035124cf8d019dea950f624905b80269,https://www.sec.gov/Archives/edgar/data/2104277/000119312526384287/d40440ds1a.htm,,2026-10-05T19:04:06.890359+00:00,disclosed,"preliminary prospectus (subject to completion, dated september 8, 2026)"
holtec-doe-palisades-loan-advances-to-2026h1,drawn_2025,0a61f38e3067913034a407b93493f8ac035124cf8d019dea950f624905b80269,https://www.sec.gov/Archives/edgar/data/2104277/000119312526384287/d40440ds1a.htm,,2026-10-05T19:04:06.890359+00:00,disclosed,"as of december 31, 2025, total advances received from the ffb were $677.3 million"
holtec-doe-palisades-loan-advances-to-2026h1:federal-financing-bank,participant,0a61f38e3067913034a407b93493f8ac035124cf8d019dea950f624905b80269,https://www.sec.gov/Archives/edgar/data/2104277/000119312526384287/d40440ds1a.htm,,2026-10-05T19:04:06.890359+00:00,disclosed,"on january 17, 2025, we received our first loan advance from the ffb for the palisades restart"
holtec-international-dene0008833,amount,b8011cfb946ea342a2eff6b33235e33aba6ada75370a2a76dab4f7dc1c8eb0d6,https://api.usaspending.gov/api/v2/search/spending_by_award/,,2026-10-05T19:10:15.478346+00:00,disclosed,"""Award ID"": ""DENE0008833"", ""Recipient Name"": ""HOLTEC GOVERNMENT SERVICES LLC"", ""Recipient UEI"": ""C9BJLUNH6FJ8"", ""Award Amount"": 5006612.0"
holtec-international-dene0008833,announced_on,b8011cfb946ea342a2eff6b33235e33aba6ada75370a2a76dab4f7dc1c8eb0d6,https://api.usaspending.gov/api/v2/search/spending_by_award/,,2026-10-05T19:10:15.478346+00:00,disclosed,"""Base Obligation Date"": ""2020-03-26"", ""generated_internal_id"": ""ASST_NON_DENE0008833_089"""
holtec-international-dene0008833,obligated_disbursed,b8011cfb946ea342a2eff6b33235e33aba6ada75370a2a76dab4f7dc1c8eb0d6,https://api.usaspending.gov/api/v2/search/spending_by_award/,,2026-10-05T19:10:15.478346+00:00,disclosed,"""Recipient UEI"": ""C9BJLUNH6FJ8"", ""Award Amount"": 5006612.0, ""Total Outlays"": 3390132.09"
holtec-international-dene0008833,round_label,b8011cfb946ea342a2eff6b33235e33aba6ada75370a2a76dab4f7dc1c8eb0d6,https://api.usaspending.gov/api/v2/search/spending_by_award/,,2026-10-05T19:10:15.478346+00:00,disclosed,"""Award ID"": ""DENE0008833"", ""Recipient Name"": ""HOLTEC GOVERNMENT SERVICES LLC"""
holtec-international-dene0008833,use_of_proceeds,b8011cfb946ea342a2eff6b33235e33aba6ada75370a2a76dab4f7dc1c8eb0d6,https://api.usaspending.gov/api/v2/search/spending_by_award/,,2026-10-05T19:10:15.478346+00:00,disclosed,"""Description"": ""COMPETITIVE COOPERATIVE AGREEMENT:  U.S. INDUSTRY OPPORTUNITIES FOR ADVANCED NUCLEAR TECHNOLOGY DEV"
holtec-international-dene0008833:doe-ne,participant,b8011cfb946ea342a2eff6b33235e33aba6ada75370a2a76dab4f7dc1c8eb0d6,https://api.usaspending.gov/api/v2/search/spending_by_award/,,2026-10-05T19:10:15.478346+00:00,disclosed,"""Awarding Agency"": ""Department of Energy"", ""Awarding Sub Agency"": ""Department of Energy"""
holtec-international-dene0008843,amount,b8011cfb946ea342a2eff6b33235e33aba6ada75370a2a76dab4f7dc1c8eb0d6,https://api.usaspending.gov/api/v2/search/spending_by_award/,,2026-10-05T19:10:15.478346+00:00,disclosed,"""Award ID"": ""DENE0008843"", ""Recipient Name"": ""HOLTEC GOVERNMENT SERVICES LLC"", ""Recipient UEI"": ""C9BJLUNH6FJ8"", ""Award Amount"": 182211.2"
holtec-international-dene0008843,announced_on,b8011cfb946ea342a2eff6b33235e33aba6ada75370a2a76dab4f7dc1c8eb0d6,https://api.usaspending.gov/api/v2/search/spending_by_award/,,2026-10-05T19:10:15.478346+00:00,disclosed,"""Base Obligation Date"": ""2020-09-08"", ""generated_internal_id"": ""ASST_NON_DENE0008843_089"""
holtec-international-dene0008843,obligated_disbursed,b8011cfb946ea342a2eff6b33235e33aba6ada75370a2a76dab4f7dc1c8eb0d6,https://api.usaspending.gov/api/v2/search/spending_by_award/,,2026-10-05T19:10:15.478346+00:00,disclosed,"""Recipient UEI"": ""C9BJLUNH6FJ8"", ""Award Amount"": 182211.2, ""Total Outlays"": 94102.55"
holtec-international-dene0008843,round_label,b8011cfb946ea342a2eff6b33235e33aba6ada75370a2a76dab4f7dc1c8eb0d6,https://api.usaspending.gov/api/v2/search/spending_by_award/,,2026-10-05T19:10:15.478346+00:00,disclosed,"""Award ID"": ""DENE0008843"", ""Recipient Name"": ""HOLTEC GOVERNMENT SERVICES LLC"""
holtec-international-dene0008843,use_of_proceeds,b8011cfb946ea342a2eff6b33235e33aba6ada75370a2a76dab4f7dc1c8eb0d6,https://api.usaspending.gov/api/v2/search/spending_by_award/,,2026-10-05T19:10:15.478346+00:00,disclosed,"""Description"": ""COMPETITIVE COOPERATIVE AGREEMENT:  U.S. INDUSTRY OPPORTUNITIES FOR ADVANCED NUCLEAR TECHNOLOGY DEV"
holtec-international-dene0008843:doe-ne,participant,b8011cfb946ea342a2eff6b33235e33aba6ada75370a2a76dab4f7dc1c8eb0d6,https://api.usaspending.gov/api/v2/search/spending_by_award/,,2026-10-05T19:10:15.478346+00:00,disclosed,"""Awarding Agency"": ""Department of Energy"", ""Awarding Sub Agency"": ""Department of Energy"""
holtec-international-dene0009055,amount,b8011cfb946ea342a2eff6b33235e33aba6ada75370a2a76dab4f7dc1c8eb0d6,https://api.usaspending.gov/api/v2/search/spending_by_award/,,2026-10-05T19:10:15.478346+00:00,disclosed,"""Award ID"": ""DENE0009055"", ""Recipient Name"": ""HOLTEC GOVERNMENT SERVICES LLC"", ""Recipient UEI"": ""C9BJLUNH6FJ8"", ""Award Amount"": 104148813.0"
holtec-international-dene0009055,announced_on,b8011cfb946ea342a2eff6b33235e33aba6ada75370a2a76dab4f7dc1c8eb0d6,https://api.usaspending.gov/api/v2/search/spending_by_award/,,2026-10-05T19:10:15.478346+00:00,disclosed,"""Base Obligation Date"": ""2021-11-01"", ""generated_internal_id"": ""ASST_NON_DENE0009055_089"""
holtec-international-dene0009055,obligated_disbursed,b8011cfb946ea342a2eff6b33235e33aba6ada75370a2a76dab4f7dc1c8eb0d6,https://api.usaspending.gov/api/v2/search/spending_by_award/,,2026-10-05T19:10:15.478346+00:00,disclosed,"""Recipient UEI"": ""C9BJLUNH6FJ8"", ""Award Amount"": 104148813.0, ""Total Outlays"": 104140465.13"
holtec-international-dene0009055,round_label,b8011cfb946ea342a2eff6b33235e33aba6ada75370a2a76dab4f7dc1c8eb0d6,https://api.usaspending.gov/api/v2/search/spending_by_award/,,2026-10-05T19:10:15.478346+00:00,disclosed,"""Award ID"": ""DENE0009055"", ""Recipient Name"": ""HOLTEC GOVERNMENT SERVICES LLC"""
holtec-international-dene0009055,use_of_proceeds,b8011cfb946ea342a2eff6b33235e33aba6ada75370a2a76dab4f7dc1c8eb0d6,https://api.usaspending.gov/api/v2/search/spending_by_award/,,2026-10-05T19:10:15.478346+00:00,disclosed,"""Description"": ""HOLTEC INTERNATIONAL IS DESIGNING THE SMR-160, A WALK-AWAY SAFE ADVANCED REACTOR WITH 160 MWE NET O"
holtec-international-dene0009055:doe-ne,participant,b8011cfb946ea342a2eff6b33235e33aba6ada75370a2a76dab4f7dc1c8eb0d6,https://api.usaspending.gov/api/v2/search/spending_by_award/,,2026-10-05T19:10:15.478346+00:00,disclosed,"""Awarding Agency"": ""Department of Energy"", ""Awarding Sub Agency"": ""Department of Energy"""
holtec-international-dene0009336,amount,b8011cfb946ea342a2eff6b33235e33aba6ada75370a2a76dab4f7dc1c8eb0d6,https://api.usaspending.gov/api/v2/search/spending_by_award/,,2026-10-05T19:10:15.478346+00:00,disclosed,"""Award ID"": ""DENE0009336"", ""Recipient Name"": ""HOLTEC GOVERNMENT SERVICES LLC"", ""Recipient UEI"": ""C9BJLUNH6FJ8"", ""Award Amount"": 1986226.0"
holtec-international-dene0009336,announced_on,b8011cfb946ea342a2eff6b33235e33aba6ada75370a2a76dab4f7dc1c8eb0d6,https://api.usaspending.gov/api/v2/search/spending_by_award/,,2026-10-05T19:10:15.478346+00:00,disclosed,"""Base Obligation Date"": ""2023-09-25"", ""generated_internal_id"": ""ASST_NON_DENE0009336_089"""
holtec-international-dene0009336,obligated_disbursed,b8011cfb946ea342a2eff6b33235e33aba6ada75370a2a76dab4f7dc1c8eb0d6,https://api.usaspending.gov/api/v2/search/spending_by_award/,,2026-10-05T19:10:15.478346+00:00,disclosed,"""Recipient UEI"": ""C9BJLUNH6FJ8"", ""Award Amount"": 1986226.0, ""Total Outlays"": 1142699.34"
holtec-international-dene0009336,round_label,b8011cfb946ea342a2eff6b33235e33aba6ada75370a2a76dab4f7dc1c8eb0d6,https://api.usaspending.gov/api/v2/search/spending_by_award/,,2026-10-05T19:10:15.478346+00:00,disclosed,"""Award ID"": ""DENE0009336"", ""Recipient Name"": ""HOLTEC GOVERNMENT SERVICES LLC"""
holtec-international-dene0009336,use_of_proceeds,b8011cfb946ea342a2eff6b33235e33aba6ada75370a2a76dab4f7dc1c8eb0d6,https://api.usaspending.gov/api/v2/search/spending_by_award/,,2026-10-05T19:10:15.478346+00:00,disclosed,"""Description"": ""NEW CONSENT BASED SITTING AWARD FOR HOLTEC GOVERNMENT SERVICES"""
holtec-international-dene0009336:doe-ne,participant,b8011cfb946ea342a2eff6b33235e33aba6ada75370a2a76dab4f7dc1c8eb0d6,https://api.usaspending.gov/api/v2/search/spending_by_award/,,2026-10-05T19:10:15.478346+00:00,disclosed,"""Awarding Agency"": ""Department of Energy"", ""Awarding Sub Agency"": ""Department of Energy"""
hyperjet-fusion-dear0001236,amount,2282af0dfa33d35890438c4a579d722b9389e874cfdc2619a4bd3678340e531b,https://api.usaspending.gov/api/v2/search/spending_by_award/,,2026-10-05T19:16:08.419933+00:00,disclosed,"""Award ID"": ""DEAR0001236"", ""Recipient Name"": ""HYPERJET FUSION CORPORATION"", ""Recipient UEI"": ""MHJ7JSTRNQK8"", ""Award Amount"": 500000.0"
hyperjet-fusion-dear0001236,announced_on,2282af0dfa33d35890438c4a579d722b9389e874cfdc2619a4bd3678340e531b,https://api.usaspending.gov/api/v2/search/spending_by_award/,,2026-10-05T19:16:08.419933+00:00,disclosed,"""Base Obligation Date"": ""2020-03-27"", ""generated_internal_id"": ""ASST_NON_DEAR0001236_089"""
hyperjet-fusion-dear0001236,obligated_usd,af83be782dde646835bad87d92c1277a46ac7eb08d5395f84759c3e403e8700c,https://api.usaspending.gov/api/v2/awards/ASST_NON_DEAR0001236_089/,,2026-10-05T19:34:36.527375+00:00,disclosed,"""total_obligation"":500000.0"
hyperjet-fusion-dear0001236,round_label,2282af0dfa33d35890438c4a579d722b9389e874cfdc2619a4bd3678340e531b,https://api.usaspending.gov/api/v2/search/spending_by_award/,,2026-10-05T19:16:08.419933+00:00,disclosed,"""Award ID"": ""DEAR0001236"", ""Recipient Name"": ""HYPERJET FUSION CORPORATION"""
hyperjet-fusion-dear0001236,use_of_proceeds,2282af0dfa33d35890438c4a579d722b9389e874cfdc2619a4bd3678340e531b,https://api.usaspending.gov/api/v2/search/spending_by_award/,,2026-10-05T19:16:08.419933+00:00,disclosed,"""Description"": ""HYPERJET FUSION CORPORATION- BASE AWARD\nCONTROL #1954-1570\t\t\t\n\nPROJECT TITLE: PLASMA GUNS FOR"
hyperjet-fusion-dear0001236:arpa-e,participant,af83be782dde646835bad87d92c1277a46ac7eb08d5395f84759c3e403e8700c,https://api.usaspending.gov/api/v2/awards/ASST_NON_DEAR0001236_089/,,2026-10-05T19:34:36.527375+00:00,disclosed,"""cfda_title"":""Advanced Research Projects Agency - Energy"""
hyperjet-fusion-dear0001268,amount,2282af0dfa33d35890438c4a579d722b9389e874cfdc2619a4bd3678340e531b,https://api.usaspending.gov/api/v2/search/spending_by_award/,,2026-10-05T19:16:08.419933+00:00,disclosed,"""Award ID"": ""DEAR0001268"", ""Recipient Name"": ""HYPERJET FUSION CORPORATION"", ""Recipient UEI"": ""MHJ7JSTRNQK8"", ""Award Amount"": 2838034.0"
hyperjet-fusion-dear0001268,announced_on,2282af0dfa33d35890438c4a579d722b9389e874cfdc2619a4bd3678340e531b,https://api.usaspending.gov/api/v2/search/spending_by_award/,,2026-10-05T19:16:08.419933+00:00,disclosed,"""Base Obligation Date"": ""2020-06-29"", ""generated_internal_id"": ""ASST_NON_DEAR0001268_089"""
hyperjet-fusion-dear0001268,obligated_usd,c2cca728f10679dc5dd8ea300be5141de3f7201aa431549662f97039c19aa582,https://api.usaspending.gov/api/v2/awards/ASST_NON_DEAR0001268_089/,,2026-10-05T19:34:37.561827+00:00,disclosed,"""total_obligation"":2838034.0"
hyperjet-fusion-dear0001268,round_label,2282af0dfa33d35890438c4a579d722b9389e874cfdc2619a4bd3678340e531b,https://api.usaspending.gov/api/v2/search/spending_by_award/,,2026-10-05T19:16:08.419933+00:00,disclosed,"""Award ID"": ""DEAR0001268"", ""Recipient Name"": ""HYPERJET FUSION CORPORATION"""
hyperjet-fusion-dear0001268,use_of_proceeds,2282af0dfa33d35890438c4a579d722b9389e874cfdc2619a4bd3678340e531b,https://api.usaspending.gov/api/v2/search/spending_by_award/,,2026-10-05T19:16:08.419933+00:00,disclosed,"""Description"": ""TARGET FORMATION AND INTEGRATED EXPERIMENTS FOR PLASMA-JET DRIVEN MAGNETO-INERTIAL FUSION"""
hyperjet-fusion-dear0001268:arpa-e,participant,c2cca728f10679dc5dd8ea300be5141de3f7201aa431549662f97039c19aa582,https://api.usaspending.gov/api/v2/awards/ASST_NON_DEAR0001268_089/,,2026-10-05T19:34:37.561827+00:00,disclosed,"""cfda_title"":""Advanced Research Projects Agency - Energy"""
hyperjet-fusion-desc0018765,amount,2282af0dfa33d35890438c4a579d722b9389e874cfdc2619a4bd3678340e531b,https://api.usaspending.gov/api/v2/search/spending_by_award/,,2026-10-05T19:16:08.419933+00:00,disclosed,"""Award ID"": ""DESC0018765"", ""Recipient Name"": ""HYPERJET FUSION CORPORATION"", ""Recipient UEI"": ""MHJ7JSTRNQK8"", ""Award Amount"": 150000.0"
hyperjet-fusion-desc0018765,announced_on,2282af0dfa33d35890438c4a579d722b9389e874cfdc2619a4bd3678340e531b,https://api.usaspending.gov/api/v2/search/spending_by_award/,,2026-10-05T19:16:08.419933+00:00,disclosed,"""Base Obligation Date"": ""2018-07-06"", ""generated_internal_id"": ""ASST_NON_DESC0018765_089"""
hyperjet-fusion-desc0018765,obligated_usd,4dc970f2f4fa76240203c02e27303d4b5b2f10a701c519af4a6c3699340efab2,https://api.usaspending.gov/api/v2/awards/ASST_NON_DESC0018765_089/,,2026-10-05T19:34:35.507672+00:00,disclosed,"""total_obligation"":150000.0"
hyperjet-fusion-desc0018765,round_label,2282af0dfa33d35890438c4a579d722b9389e874cfdc2619a4bd3678340e531b,https://api.usaspending.gov/api/v2/search/spending_by_award/,,2026-10-05T19:16:08.419933+00:00,disclosed,"""Award ID"": ""DESC0018765"", ""Recipient Name"": ""HYPERJET FUSION CORPORATION"""
hyperjet-fusion-desc0018765,use_of_proceeds,2282af0dfa33d35890438c4a579d722b9389e874cfdc2619a4bd3678340e531b,https://api.usaspending.gov/api/v2/search/spending_by_award/,,2026-10-05T19:16:08.419933+00:00,disclosed,"""Description"": ""A NEW PULSED PLASMA TECHNOLOGY FOR MAKING MICRON AND SUB-MICRON METALLIC POWDERS"""
hyperjet-fusion-desc0018765:doe-office-of-science,participant,4dc970f2f4fa76240203c02e27303d4b5b2f10a701c519af4a6c3699340efab2,https://api.usaspending.gov/api/v2/awards/ASST_NON_DESC0018765_089/,,2026-10-05T19:34:35.507672+00:00,disclosed,"""cfda_title"":""Office of Science Financial Assistance Program"""
inertia-llnl-partnership-2026,agreement,768e4836d4617d59c54030d55ef8b8f7411ad974289a427ef741384703acb10c,https://inertia.com/press/inertia-llnl-partnership,,2026-10-05T18:51:47.547536+00:00,disclosed,Inertia and LLNL have signed two Strategic Partnership Projects (SPPs) and a new Cooperative Research and Development Agreement (CRADA)
inertia-llnl-partnership-2026,announced_on,768e4836d4617d59c54030d55ef8b8f7411ad974289a427ef741384703acb10c,https://inertia.com/press/inertia-llnl-partnership,,2026-10-05T18:51:47.547536+00:00,disclosed,"Livermore, CA, April 14, 2026"
inertia-series-a-2026,amount,97882d50fd377689d5e3d34cb30866fb45acae91eefd480f5214f374e17da4f1,https://www.globenewswire.com/news-release/2026/02/11/3236274/0/en/Inertia-raises-450-million-to-commercialize-the-only-proven-fusion-science.html,,2026-10-05T18:51:46.868759+00:00,disclosed,today announced a new $450 million investment to bring limitless clean energy to the world
inertia-series-a-2026,announced_on,97882d50fd377689d5e3d34cb30866fb45acae91eefd480f5214f374e17da4f1,https://www.globenewswire.com/news-release/2026/02/11/3236274/0/en/Inertia-raises-450-million-to-commercialize-the-only-proven-fusion-science.html,,2026-10-05T18:51:46.868759+00:00,disclosed,"Feb. 11, 2026 (GLOBE NEWSWIRE)"
inertia-series-a-2026,round_label,97882d50fd377689d5e3d34cb30866fb45acae91eefd480f5214f374e17da4f1,https://www.globenewswire.com/news-release/2026/02/11/3236274/0/en/Inertia-raises-450-million-to-commercialize-the-only-proven-fusion-science.html,,2026-10-05T18:51:46.868759+00:00,disclosed,The Series A round was led by Bessemer Venture Partners
inertia-series-a-2026,use_of_proceeds,97882d50fd377689d5e3d34cb30866fb45acae91eefd480f5214f374e17da4f1,https://www.globenewswire.com/news-release/2026/02/11/3236274/0/en/Inertia-raises-450-million-to-commercialize-the-only-proven-fusion-science.html,,2026-10-05T18:51:46.868759+00:00,disclosed,The milestone-based funding will advance Inertia
inertia-series-a-2026:bessemer-venture-partners,participant,97882d50fd377689d5e3d34cb30866fb45acae91eefd480f5214f374e17da4f1,https://www.globenewswire.com/news-release/2026/02/11/3236274/0/en/Inertia-raises-450-million-to-commercialize-the-only-proven-fusion-science.html,,2026-10-05T18:51:46.868759+00:00,disclosed,The Series A round was led by Bessemer Venture Partners
inertia-series-a-2026:gv,participant,97882d50fd377689d5e3d34cb30866fb45acae91eefd480f5214f374e17da4f1,https://www.globenewswire.com/news-release/2026/02/11/3236274/0/en/Inertia-raises-450-million-to-commercialize-the-only-proven-fusion-science.html,,2026-10-05T18:51:46.868759+00:00,disclosed,"with participation from additional firms including GV (Google Ventures), Modern Capital, Threshold Ventures, and more"
inertia-series-a-2026:modern-capital,participant,97882d50fd377689d5e3d34cb30866fb45acae91eefd480f5214f374e17da4f1,https://www.globenewswire.com/news-release/2026/02/11/3236274/0/en/Inertia-raises-450-million-to-commercialize-the-only-proven-fusion-science.html,,2026-10-05T18:51:46.868759+00:00,disclosed,"with participation from additional firms including GV (Google Ventures), Modern Capital, Threshold Ventures, and more"
inertia-series-a-2026:threshold-ventures,participant,97882d50fd377689d5e3d34cb30866fb45acae91eefd480f5214f374e17da4f1,https://www.globenewswire.com/news-release/2026/02/11/3236274/0/en/Inertia-raises-450-million-to-commercialize-the-only-proven-fusion-science.html,,2026-10-05T18:51:46.868759+00:00,disclosed,"with participation from additional firms including GV (Google Ventures), Modern Capital, Threshold Ventures, and more"
ipo-2026,amount,db86c83fcbef8023e810745e7dedfcbc8704e21ac346c0f6ef6efef96fc5f87f,https://www.sec.gov/Archives/edgar/data/2088896/000110465926049515/tm2527015-22_424b4.htm,,2026-10-05T17:52:28.012718+00:00,disclosed,"$ 1,017,857,157"
ipo-2026,announced_on,db86c83fcbef8023e810745e7dedfcbc8704e21ac346c0f6ef6efef96fc5f87f,https://www.sec.gov/Archives/edgar/data/2088896/000110465926049515/tm2527015-22_424b4.htm,,2026-10-05T17:52:28.012718+00:00,disclosed,"Prospectus dated April 23, 2026"
ipo-2026,over_allotment,b695297148c4c53fc5f03fbb28a0755ed42585caec35c7ba110c5a4d74490e06,https://www.sec.gov/Archives/edgar/data/2088896/000119312526347752/xe-20260630.htm,,2026-10-05T19:16:15.289049+00:00,disclosed,"issued and sold an aggregate of approximately 50.9 million shares of our Class A Common Stock, which includes the exercise of the underwriters over-allotment option, at a public offering price of $23.00 per share"
ipo-2026,round_label,db86c83fcbef8023e810745e7dedfcbc8704e21ac346c0f6ef6efef96fc5f87f,https://www.sec.gov/Archives/edgar/data/2088896/000110465926049515/tm2527015-22_424b4.htm,,2026-10-05T17:52:28.012718+00:00,disclosed,"This is the initial public offering of shares of Class A common stock of X-Energy, Inc."
ipo-2026,use_of_proceeds,db86c83fcbef8023e810745e7dedfcbc8704e21ac346c0f6ef6efef96fc5f87f,https://www.sec.gov/Archives/edgar/data/2088896/000110465926049515/tm2527015-22_424b4.htm,,2026-10-05T17:52:28.012718+00:00,disclosed,We intend to use the proceeds from this offering to acquire newly issued Common Units from XERC.
jimmy-2026-equity-round,amount,f16f7eff2ec032f4dbd14f45f41adfac63c8314d532d304fcbfdf45d7c0366d0,https://www.nucnet.org/news/calogena-and-jimmy-receive-french-funding-in-boost-to-smr-plans-3-3-2026,,2026-10-05T18:51:08.403879+00:00,reported,raised a further €40m through a fundraising round to advance its technology
jimmy-2026-equity-round,announced_on,658bdbe423adedd4ab4b38c20c95f676f522bf34f412095690790ece328fb993,https://www.bloomberg.com/news/articles/2026-03-10/french-nuclear-plant-startup-raises-92-million-to-finish-design,,2026-10-05T19:01:15.228299+00:00,reported,"March 10, 2026 at 10:51 AM UTC"
jimmy-2026-equity-round:credit-mutuel-alliance-federale,participant,658bdbe423adedd4ab4b38c20c95f676f522bf34f412095690790ece328fb993,https://www.bloomberg.com/news/articles/2026-03-10/french-nuclear-plant-startup-raises-92-million-to-finish-design,,2026-10-05T19:01:15.228299+00:00,reported,Credit Mutuel Alliance Federale is leading private sector financing while some existing shareholders also participated
jimmy-2026-france-2030-phase-two,amount,f16f7eff2ec032f4dbd14f45f41adfac63c8314d532d304fcbfdf45d7c0366d0,https://www.nucnet.org/news/calogena-and-jimmy-receive-french-funding-in-boost-to-smr-plans-3-3-2026,,2026-10-05T18:51:08.403879+00:00,reported,it had received €40m ($46.4m) from the French government as a winner in the country’s Phase Two ‘innovative nuclear reactors’ programme
jimmy-2026-france-2030-phase-two,announced_on,658bdbe423adedd4ab4b38c20c95f676f522bf34f412095690790ece328fb993,https://www.bloomberg.com/news/articles/2026-03-10/french-nuclear-plant-startup-raises-92-million-to-finish-design,,2026-10-05T19:01:15.228299+00:00,reported,"March 10, 2026 at 10:51 AM UTC"
jimmy-2026-france-2030-phase-two:france-2030,participant,f16f7eff2ec032f4dbd14f45f41adfac63c8314d532d304fcbfdf45d7c0366d0,https://www.nucnet.org/news/calogena-and-jimmy-receive-french-funding-in-boost-to-smr-plans-3-3-2026,,2026-10-05T18:51:08.403879+00:00,reported,received €40m ($46.4m) from the French government
jupiter-volta-dear0002055,amount,2c98c1646fbe422a40511003e2f69662f36347630d15005e3ee084e099bb74c5,https://api.usaspending.gov/api/v2/search/spending_by_award/,,2026-10-05T18:59:10.790939+00:00,disclosed,"""Award ID"": ""DEAR0002055"", ""Recipient Name"": ""JUPITER VOLTA INC"", ""Recipient UEI"": ""LLPUV872N2Y3"", ""Award Amount"": 3650757.0"
jupiter-volta-dear0002055,announced_on,2c98c1646fbe422a40511003e2f69662f36347630d15005e3ee084e099bb74c5,https://api.usaspending.gov/api/v2/search/spending_by_award/,,2026-10-05T18:59:10.790939+00:00,disclosed,"""Base Obligation Date"": ""2026-03-26"", ""generated_internal_id"": ""ASST_NON_DEAR0002055_089"""
jupiter-volta-dear0002055,obligated_usd,134876a21d5339137ee075d64938925a707e99e91979c0bc435614f300ba28dd,https://api.usaspending.gov/api/v2/awards/ASST_NON_DEAR0002055_089/,,2026-10-05T19:34:38.668156+00:00,disclosed,"""total_obligation"":3650757.0"
jupiter-volta-dear0002055,round_label,2c98c1646fbe422a40511003e2f69662f36347630d15005e3ee084e099bb74c5,https://api.usaspending.gov/api/v2/search/spending_by_award/,,2026-10-05T18:59:10.790939+00:00,disclosed,"""Award ID"": ""DEAR0002055"", ""Recipient Name"": ""JUPITER VOLTA INC"""
jupiter-volta-dear0002055,use_of_proceeds,2c98c1646fbe422a40511003e2f69662f36347630d15005e3ee084e099bb74c5,https://api.usaspending.gov/api/v2/search/spending_by_award/,,2026-10-05T18:59:10.790939+00:00,disclosed,"""Description"": ""NEW AWARD: JUPITER VOLTA, INC.\nCONTROL NUMBER 3387-2097\nVISION OPEN 2024\nPROJECT TITLE: ''DIAMON"
jupiter-volta-dear0002055:arpa-e,participant,134876a21d5339137ee075d64938925a707e99e91979c0bc435614f300ba28dd,https://api.usaspending.gov/api/v2/awards/ASST_NON_DEAR0002055_089/,,2026-10-05T19:34:38.668156+00:00,disclosed,"""cfda_title"":""Advanced Research Projects Agency - Energy"""
kf-bmbf-kalias-2024-12,announced_on,7be69701ef5b479683586f6c8ae8db6356ba48c67164dd94280b2773effc22c6,https://kyotofusioneering.com/en/news/2024/12/04/2725,,2026-10-05T18:52:31.774287+00:00,disclosed,Kyoto Fusioneering EU Secures Major Research Grant from BMBF
kf-bmbf-kalias-2024-12:bmbf,participant,7be69701ef5b479683586f6c8ae8db6356ba48c67164dd94280b2773effc22c6,https://kyotofusioneering.com/en/news/2024/12/04/2725,,2026-10-05T18:52:31.774287+00:00,disclosed,has received a research grant from the German Federal Ministry of Education and Research (BMBF)
kf-bmbf-syrvbrett-2024-12,amount,092b497c11c7dfeec23807879bf3e2a206d2abe5e33819d3b820b0c99cdb8550,https://kyotofusioneering.com/en/news/2024/12/18/2743,,2026-10-05T18:52:38.154641+00:00,disclosed,received a research grant over more than 2.5 million Euros from the German Federal Ministry of Education and Research (BMBF)
kf-bmbf-syrvbrett-2024-12,announced_on,092b497c11c7dfeec23807879bf3e2a206d2abe5e33819d3b820b0c99cdb8550,https://kyotofusioneering.com/en/news/2024/12/18/2743,,2026-10-05T18:52:38.154641+00:00,disclosed,Kyoto Fusioneering Europe Secures Another Landmark Grant from BMBF
kf-bmbf-syrvbrett-2024-12:bmbf,participant,092b497c11c7dfeec23807879bf3e2a206d2abe5e33819d3b820b0c99cdb8550,https://kyotofusioneering.com/en/news/2024/12/18/2743,,2026-10-05T18:52:38.154641+00:00,disclosed,from the German Federal Ministry of Education and Research (BMBF) as part of the German federal fusion development program
kf-nedo-gx-deeptech-sts-2024,amount,711fea036e91d64d164515a8a2fcffdd377f457f0a95d54a876400cbe4cab786,https://www.nedo.go.jp/english/activities/startups/company67.html,,2026-10-05T18:01:55.659955+00:00,disclosed,Research Period Research Grant Amount STS Energy & Infrastructure 2024～2026FY JPY 499 million
kf-nedo-gx-deeptech-sts-2024,announced_on,f6a4cb94e7fc2403d41426895d44276adda4b7997deb89b250b4a157fa7d97b8,https://kyotofusioneering.com/en/news/2024/09/12/2609,,2026-10-05T18:52:40.265443+00:00,disclosed,Kyoto Fusioneering Selected by NEDO for its “Deep-Tech Startups Support Program in the Green Transformation field (GX)”
kf-nedo-gx-deeptech-sts-2024:nedo,participant,711fea036e91d64d164515a8a2fcffdd377f457f0a95d54a876400cbe4cab786,https://www.nedo.go.jp/english/activities/startups/company67.html,,2026-10-05T18:01:55.659955+00:00,disclosed,Research Period Research Grant Amount STS Energy & Infrastructure 2024～2026FY JPY 499 million
kf-series-c-ext-2nd-close-2024-07,amount,5f3cd593701c1acfc35630c5d7fc2f078399855409d2d2f3399eac55023cd46c,https://kyotofusioneering.com/en/news/2024/07/23/2533,,2026-10-05T18:52:28.956989+00:00,disclosed,has secured a total of 1.07 billion yen from four new investors in a 2nd close on its Series C extension round
kf-series-c-ext-2nd-close-2024-07,announced_on,5f3cd593701c1acfc35630c5d7fc2f078399855409d2d2f3399eac55023cd46c,https://kyotofusioneering.com/en/news/2024/07/23/2533,,2026-10-05T18:52:28.956989+00:00,disclosed,"Kyoto Fusioneering Closes 2nd Round of 1.1 Billion Yen Series C Extension Led by In-Q-Tel (IQT), Marubeni and Nichicon"
kf-series-c-ext-2nd-close-2024-07,round_label,5f3cd593701c1acfc35630c5d7fc2f078399855409d2d2f3399eac55023cd46c,https://kyotofusioneering.com/en/news/2024/07/23/2533,,2026-10-05T18:52:28.956989+00:00,disclosed,2nd close on Series C (Extension) Funding: 1.07 billion yen
kf-series-c-ext-2nd-close-2024-07:in-q-tel,participant,5f3cd593701c1acfc35630c5d7fc2f078399855409d2d2f3399eac55023cd46c,https://kyotofusioneering.com/en/news/2024/07/23/2533,,2026-10-05T18:52:28.956989+00:00,disclosed,New Equity Subscribers include (in alphabetical order): In-Q-Tel (IQT） Marubeni Corporation
kf-series-c-ext-2nd-close-2024-07:in-q-tel,participant_role,5f3cd593701c1acfc35630c5d7fc2f078399855409d2d2f3399eac55023cd46c,https://kyotofusioneering.com/en/news/2024/07/23/2533,,2026-10-05T18:52:28.956989+00:00,disclosed,"Closes 2nd Round of 1.1 Billion Yen Series C Extension Led by In-Q-Tel (IQT), Marubeni and Nichicon"
kf-series-c-ext-2nd-close-2024-07:marubeni,participant,5f3cd593701c1acfc35630c5d7fc2f078399855409d2d2f3399eac55023cd46c,https://kyotofusioneering.com/en/news/2024/07/23/2533,,2026-10-05T18:52:28.956989+00:00,disclosed,In-Q-Tel (IQT） Marubeni Corporation NICHICON CORPORATION
kf-series-c-ext-2nd-close-2024-07:marubeni,participant_role,5f3cd593701c1acfc35630c5d7fc2f078399855409d2d2f3399eac55023cd46c,https://kyotofusioneering.com/en/news/2024/07/23/2533,,2026-10-05T18:52:28.956989+00:00,disclosed,"Closes 2nd Round of 1.1 Billion Yen Series C Extension Led by In-Q-Tel (IQT), Marubeni and Nichicon"
kf-series-c-ext-2nd-close-2024-07:nichicon,participant,5f3cd593701c1acfc35630c5d7fc2f078399855409d2d2f3399eac55023cd46c,https://kyotofusioneering.com/en/news/2024/07/23/2533,,2026-10-05T18:52:28.956989+00:00,disclosed,Marubeni Corporation NICHICON CORPORATION Purpose of the Funding
kf-series-c-ext-2nd-close-2024-07:nichicon,participant_role,5f3cd593701c1acfc35630c5d7fc2f078399855409d2d2f3399eac55023cd46c,https://kyotofusioneering.com/en/news/2024/07/23/2533,,2026-10-05T18:52:28.956989+00:00,disclosed,"Closes 2nd Round of 1.1 Billion Yen Series C Extension Led by In-Q-Tel (IQT), Marubeni and Nichicon"
kf-series-c-ext-debt-2025-09,amount,076eadd127e77e298c522ae4ff55e67957c2ce9d31a72fc8015dcad5321b7cdb,https://kyotofusioneering.com/en/news/2025/09/09/3395,,2026-10-05T18:52:15.849721+00:00,disclosed,KF also secured ¥5.3 billion in debt financing and credit facilities
kf-series-c-ext-debt-2025-09,announced_on,076eadd127e77e298c522ae4ff55e67957c2ce9d31a72fc8015dcad5321b7cdb,https://kyotofusioneering.com/en/news/2025/09/09/3395,,2026-10-05T18:52:15.849721+00:00,disclosed,today announced the successful completion of new funding totaling ¥9.3 billion through equity and debt financing
kf-series-c-ext-debt-2025-09:bank-of-kyoto,participant,076eadd127e77e298c522ae4ff55e67957c2ce9d31a72fc8015dcad5321b7cdb,https://kyotofusioneering.com/en/news/2025/09/09/3395,,2026-10-05T18:52:15.849721+00:00,disclosed,"and The Bank of Kyoto, Ltd."
kf-series-c-ext-debt-2025-09:japan-finance-corporation,participant,076eadd127e77e298c522ae4ff55e67957c2ce9d31a72fc8015dcad5321b7cdb,https://kyotofusioneering.com/en/news/2025/09/09/3395,,2026-10-05T18:52:15.849721+00:00,disclosed,"from Japan Finance Corporation, Japan Bank for International Cooperation (JBIC), MUFG Bank, Ltd"
kf-series-c-ext-debt-2025-09:jbic,participant,076eadd127e77e298c522ae4ff55e67957c2ce9d31a72fc8015dcad5321b7cdb,https://kyotofusioneering.com/en/news/2025/09/09/3395,,2026-10-05T18:52:15.849721+00:00,disclosed,"Japan Bank for International Cooperation (JBIC), MUFG Bank, Ltd"
kf-series-c-ext-debt-2025-09:mufg-bank,participant,076eadd127e77e298c522ae4ff55e67957c2ce9d31a72fc8015dcad5321b7cdb,https://kyotofusioneering.com/en/news/2025/09/09/3395,,2026-10-05T18:52:15.849721+00:00,disclosed,"MUFG Bank, Ltd, Sumitomo Mitsui Banking Corporation, and The Bank of Kyoto, Ltd."
kf-series-c-ext-debt-2025-09:sumitomo-mitsui-banking-corporation,participant,076eadd127e77e298c522ae4ff55e67957c2ce9d31a72fc8015dcad5321b7cdb,https://kyotofusioneering.com/en/news/2025/09/09/3395,,2026-10-05T18:52:15.849721+00:00,disclosed,"Sumitomo Mitsui Banking Corporation, and The Bank of Kyoto, Ltd."
kf-series-c-ext-final-close-equity-2025-09,amount,076eadd127e77e298c522ae4ff55e67957c2ce9d31a72fc8015dcad5321b7cdb,https://kyotofusioneering.com/en/news/2025/09/09/3395,,2026-10-05T18:52:15.849721+00:00,disclosed,"This latest round includes ¥1.45 billion in equity financing, with participation from four new investors"
kf-series-c-ext-final-close-equity-2025-09,announced_on,076eadd127e77e298c522ae4ff55e67957c2ce9d31a72fc8015dcad5321b7cdb,https://kyotofusioneering.com/en/news/2025/09/09/3395,,2026-10-05T18:52:15.849721+00:00,disclosed,today announced the successful completion of new funding totaling ¥9.3 billion through equity and debt financing
kf-series-c-ext-final-close-equity-2025-09,round_label,076eadd127e77e298c522ae4ff55e67957c2ce9d31a72fc8015dcad5321b7cdb,https://kyotofusioneering.com/en/news/2025/09/09/3395,,2026-10-05T18:52:15.849721+00:00,disclosed,KF finalized its Series C extension round
kf-series-c-ext-final-close-equity-2025-09:31ventures,participant,076eadd127e77e298c522ae4ff55e67957c2ce9d31a72fc8015dcad5321b7cdb,https://kyotofusioneering.com/en/news/2025/09/09/3395,,2026-10-05T18:52:15.849721+00:00,disclosed,"Series C extension round, led by 31VENTURES – Global Brain – Growth I GK"
kf-series-c-ext-final-close-equity-2025-09:jera,participant,076eadd127e77e298c522ae4ff55e67957c2ce9d31a72fc8015dcad5321b7cdb,https://kyotofusioneering.com/en/news/2025/09/09/3395,,2026-10-05T18:52:15.849721+00:00,disclosed,"JERA Co, Inc, and Sumitomo Mitsui Trust Bank, Limited"
kf-series-c-ext-final-close-equity-2025-09:kyocera-venture-innovation-fund,participant,076eadd127e77e298c522ae4ff55e67957c2ce9d31a72fc8015dcad5321b7cdb,https://kyotofusioneering.com/en/news/2025/09/09/3395,,2026-10-05T18:52:15.849721+00:00,disclosed,"notably Kyocera Venture Innovation Fund-I (KVIF-I Limited Partnership, General Partner: Global Brain Corporation)"
kf-series-c-ext-final-close-equity-2025-09:sumitomo-mitsui-trust-bank,participant,076eadd127e77e298c522ae4ff55e67957c2ce9d31a72fc8015dcad5321b7cdb,https://kyotofusioneering.com/en/news/2025/09/09/3395,,2026-10-05T18:52:15.849721+00:00,disclosed,"JERA Co, Inc, and Sumitomo Mitsui Trust Bank, Limited"
kf-series-d-credit-facilities-2026-08,amount,dd1f326cf6a7444b8c2773f53b9191c136e8ff8f6e700963b7ad1b444f89ef63,https://kyotofusioneering.com/en/news/2026/08/24/4350,,2026-10-05T18:48:54.114880+00:00,disclosed,access to JPY 9.0 billion (approx. USD 57 million) in credit and loan facilities
kf-series-d-credit-facilities-2026-08,announced_on,dd1f326cf6a7444b8c2773f53b9191c136e8ff8f6e700963b7ad1b444f89ef63,https://kyotofusioneering.com/en/news/2026/08/24/4350,,2026-10-05T18:48:54.114880+00:00,disclosed,TOKYO — 24 August 2026 — Kyoto Fusioneering (KF) today announced the first close of its Series D round
kf-series-d-credit-facilities-2026-08:bank-of-kyoto,participant,dd1f326cf6a7444b8c2773f53b9191c136e8ff8f6e700963b7ad1b444f89ef63,https://kyotofusioneering.com/en/news/2026/08/24/4350,,2026-10-05T18:48:54.114880+00:00,disclosed,"The Kyoto Bank, Ltd. Sumitomo Mitsui Trust Bank, Limited"
kf-series-d-credit-facilities-2026-08:mizuho,participant,dd1f326cf6a7444b8c2773f53b9191c136e8ff8f6e700963b7ad1b444f89ef63,https://kyotofusioneering.com/en/news/2026/08/24/4350,,2026-10-05T18:48:54.114880+00:00,disclosed,"Mizuho Bank, Ltd. * List does not include one additional institution"
kf-series-d-credit-facilities-2026-08:sumitomo-mitsui-banking-corporation,participant,dd1f326cf6a7444b8c2773f53b9191c136e8ff8f6e700963b7ad1b444f89ef63,https://kyotofusioneering.com/en/news/2026/08/24/4350,,2026-10-05T18:48:54.114880+00:00,disclosed,"Sumitomo Mitsui Banking Corporation The Kyoto Bank, Ltd."
kf-series-d-credit-facilities-2026-08:sumitomo-mitsui-trust-bank,participant,dd1f326cf6a7444b8c2773f53b9191c136e8ff8f6e700963b7ad1b444f89ef63,https://kyotofusioneering.com/en/news/2026/08/24/4350,,2026-10-05T18:48:54.114880+00:00,disclosed,"Sumitomo Mitsui Trust Bank, Limited Mizuho Bank, Ltd."
kf-series-d-first-close-equity-2026-08,amount,dd1f326cf6a7444b8c2773f53b9191c136e8ff8f6e700963b7ad1b444f89ef63,https://kyotofusioneering.com/en/news/2026/08/24/4350,,2026-10-05T18:48:54.114880+00:00,disclosed,securing JPY 16.72 billion (approx. USD 105 million) in new equity
kf-series-d-first-close-equity-2026-08,announced_on,dd1f326cf6a7444b8c2773f53b9191c136e8ff8f6e700963b7ad1b444f89ef63,https://kyotofusioneering.com/en/news/2026/08/24/4350,,2026-10-05T18:48:54.114880+00:00,disclosed,TOKYO — 24 August 2026 — Kyoto Fusioneering (KF) today announced the first close of its Series D round
kf-series-d-first-close-equity-2026-08,round_label,dd1f326cf6a7444b8c2773f53b9191c136e8ff8f6e700963b7ad1b444f89ef63,https://kyotofusioneering.com/en/news/2026/08/24/4350,,2026-10-05T18:48:54.114880+00:00,disclosed,first close of its Series D round
kf-series-d-first-close-equity-2026-08,use_of_proceeds,dd1f326cf6a7444b8c2773f53b9191c136e8ff8f6e700963b7ad1b444f89ef63,https://kyotofusioneering.com/en/news/2026/08/24/4350,,2026-10-05T18:48:54.114880+00:00,disclosed,"Proceeds will fund the UNITY™ Program, gyrotron mass-production capacity"
kf-series-d-first-close-equity-2026-08:daiwa-corporate-investment,participant,dd1f326cf6a7444b8c2773f53b9191c136e8ff8f6e700963b7ad1b444f89ef63,https://kyotofusioneering.com/en/news/2026/08/24/4350,,2026-10-05T18:48:54.114880+00:00,disclosed,"Daiwa Corporate Investment Co., Ltd. DBJ Capital Co., Ltd."
kf-series-d-first-close-equity-2026-08:dbj-capital,participant,dd1f326cf6a7444b8c2773f53b9191c136e8ff8f6e700963b7ad1b444f89ef63,https://kyotofusioneering.com/en/news/2026/08/24/4350,,2026-10-05T18:48:54.114880+00:00,disclosed,"DBJ Capital Co., Ltd. MUFG Bank, Ltd."
kf-series-d-first-close-equity-2026-08:development-bank-of-japan,participant,dd1f326cf6a7444b8c2773f53b9191c136e8ff8f6e700963b7ad1b444f89ef63,https://kyotofusioneering.com/en/news/2026/08/24/4350,,2026-10-05T18:48:54.114880+00:00,disclosed,Development Bank of Japan Inc. East Japan Railway Company (JR East)
kf-series-d-first-close-equity-2026-08:gx-acceleration-agency,participant,dd1f326cf6a7444b8c2773f53b9191c136e8ff8f6e700963b7ad1b444f89ef63,https://kyotofusioneering.com/en/news/2026/08/24/4350,,2026-10-05T18:48:54.114880+00:00,disclosed,GX Acceleration Agency (Organization for the Promotion of Transition to a Decarbonized Growth-Oriented Economic Structure) Development Bank of Japan Inc.
kf-series-d-first-close-equity-2026-08:imm-investment-japan,participant,dd1f326cf6a7444b8c2773f53b9191c136e8ff8f6e700963b7ad1b444f89ef63,https://kyotofusioneering.com/en/news/2026/08/24/4350,,2026-10-05T18:48:54.114880+00:00,disclosed,"IMM Japan Korea-Japan Fusion Fund Investment Limited Partnership (General Partner: IMM Investment Japan Co., Ltd.) SiteGround Capital Ltd."
kf-series-d-first-close-equity-2026-08:jic,participant,dd1f326cf6a7444b8c2773f53b9191c136e8ff8f6e700963b7ad1b444f89ef63,https://kyotofusioneering.com/en/news/2026/08/24/4350,,2026-10-05T18:48:54.114880+00:00,disclosed,"JIC Venture Growth Investments Co., Ltd. Daiwa Corporate Investment Co., Ltd."
kf-series-d-first-close-equity-2026-08:jr-east,participant,dd1f326cf6a7444b8c2773f53b9191c136e8ff8f6e700963b7ad1b444f89ef63,https://kyotofusioneering.com/en/news/2026/08/24/4350,,2026-10-05T18:48:54.114880+00:00,disclosed,"East Japan Railway Company (JR East) Minerva Growth Partners, Inc."
kf-series-d-first-close-equity-2026-08:kyoto-capital-partners,participant,dd1f326cf6a7444b8c2773f53b9191c136e8ff8f6e700963b7ad1b444f89ef63,https://kyotofusioneering.com/en/news/2026/08/24/4350,,2026-10-05T18:48:54.114880+00:00,disclosed,"Kyoto Capital Partners Co., Ltd. JIC Venture Growth Investments Co., Ltd."
kf-series-d-first-close-equity-2026-08:minerva-growth-partners,participant,dd1f326cf6a7444b8c2773f53b9191c136e8ff8f6e700963b7ad1b444f89ef63,https://kyotofusioneering.com/en/news/2026/08/24/4350,,2026-10-05T18:48:54.114880+00:00,disclosed,"Minerva Growth Partners, Inc. *List does not include two additional new investors"
kf-series-d-first-close-equity-2026-08:mufg-bank,participant,dd1f326cf6a7444b8c2773f53b9191c136e8ff8f6e700963b7ad1b444f89ef63,https://kyotofusioneering.com/en/news/2026/08/24/4350,,2026-10-05T18:48:54.114880+00:00,disclosed,"DBJ Capital Co., Ltd. MUFG Bank, Ltd. ■ Select* Debt Financing"
kf-series-d-first-close-equity-2026-08:siteground,participant,dd1f326cf6a7444b8c2773f53b9191c136e8ff8f6e700963b7ad1b444f89ef63,https://kyotofusioneering.com/en/news/2026/08/24/4350,,2026-10-05T18:48:54.114880+00:00,disclosed,SiteGround Capital Ltd. GX Acceleration Agency
kf-series-d-first-close-equity-2026-08:smbc-venture-capital,participant,dd1f326cf6a7444b8c2773f53b9191c136e8ff8f6e700963b7ad1b444f89ef63,https://kyotofusioneering.com/en/news/2026/08/24/4350,,2026-10-05T18:48:54.114880+00:00,disclosed,"Existing Equity Investors, Follow-on Investment SMBC Venture Capital Co., Ltd."
last-energy-cumulative-64m-2024,amount,26fde114c36d50e799380d762c175500c80a6330005476c194e7fc5361706dcb,https://www.lastenergy.com/news-press/last-energy-announces-40m-series-b-accelerates-deployment-of-first-microreactor,,2026-10-05T18:54:49.011329+00:00,disclosed,brings total capital raised to $64 million since the company’s founding in 2019
last-energy-cumulative-64m-2024,announced_on,26fde114c36d50e799380d762c175500c80a6330005476c194e7fc5361706dcb,https://www.lastenergy.com/news-press/last-energy-announces-40m-series-b-accelerates-deployment-of-first-microreactor,,2026-10-05T18:54:49.011329+00:00,disclosed,"August 29, 2024"
last-energy-doe-ott-voucher-2024,announced_on,7921f5ba1c4fa35cf7c24e590f9b9cf620f28b641e560979c67d5351addbd039,https://www.lastenergy.com/news-press/last-energy-selected-by-us-department-of-energy-for-clean-technology-accelerator-program,,2026-10-05T18:54:51.448547+00:00,disclosed,"October 29, 2024"
last-energy-doe-ott-voucher-2024,round_label,7921f5ba1c4fa35cf7c24e590f9b9cf620f28b641e560979c67d5351addbd039,https://www.lastenergy.com/news-press/last-energy-selected-by-us-department-of-energy-for-clean-technology-accelerator-program,,2026-10-05T18:54:51.448547+00:00,disclosed,Selected by US Department of Energy for Clean Technology Accelerator Program
last-energy-doe-ott-voucher-2024:doe-ott,participant,7921f5ba1c4fa35cf7c24e590f9b9cf620f28b641e560979c67d5351addbd039,https://www.lastenergy.com/news-press/last-energy-selected-by-us-department-of-energy-for-clean-technology-accelerator-program,,2026-10-05T18:54:51.448547+00:00,disclosed,selected by the US Department of Energy (DOE) Office of Technology Transitions to receive in-kind support
last-energy-doe-reactor-pilot-otg-2025,agreement,434649906bc5ba7efc8a5d88bd2826785981195b1f3a7168027690634d387a99,https://www.lastenergy.com/news-press/last-energy-announces-oversubscribed-100-million-series-c,,2026-10-05T18:54:48.634953+00:00,disclosed,signed the first known Other Transaction Agreement (OTA) between the DOE and a reactor developer
last-energy-doe-reactor-pilot-otg-2025,announced_on,434649906bc5ba7efc8a5d88bd2826785981195b1f3a7168027690634d387a99,https://www.lastenergy.com/news-press/last-energy-announces-oversubscribed-100-million-series-c,,2026-10-05T18:54:48.634953+00:00,disclosed,"December 16, 2025"
last-energy-dp-world-london-gateway-2025,agreement,566a39269fd43c7d6f9b6223ef378b430899929b80fb30e7be1e9a37db5af1c4,https://www.lastenergy.com/news-press/last-energy-partners-with-dp-world-to-bring-micro-nuclear-power-to-london-gateway,,2026-10-05T18:54:53.857945+00:00,disclosed,"A proposed PWR-20 microreactor would supply London Gateway with 20 MWe of clean, reliable electricity"
last-energy-dp-world-london-gateway-2025,announced_on,566a39269fd43c7d6f9b6223ef378b430899929b80fb30e7be1e9a37db5af1c4,https://www.lastenergy.com/news-press/last-energy-partners-with-dp-world-to-bring-micro-nuclear-power-to-london-gateway,,2026-10-05T18:54:53.857945+00:00,disclosed,"September 15, 2025"
last-energy-exim-loi-2024,agreement,6f5dbf042312f9ac632c3e01048c643a8bc2e97bc0c8cd883ab84dd2d589cecf,https://www.lastenergy.com/news-press/export-import-bank-of-united-states-issues-letter-of-interest-to-last-energy,,2026-10-05T18:54:49.551773+00:00,disclosed,confirms the Bank’s willingness to diligence a $103.7 million financing toward a Last Energy microreactor planned in South Wales
last-energy-exim-loi-2024,announced_on,6f5dbf042312f9ac632c3e01048c643a8bc2e97bc0c8cd883ab84dd2d589cecf,https://www.lastenergy.com/news-press/export-import-bank-of-united-states-issues-letter-of-interest-to-last-energy,,2026-10-05T18:54:49.551773+00:00,disclosed,"December 13, 2024"
last-energy-haskell-county-texas-2025,agreement,379939f216e5104eee07694096369270aed40c9072f89dda392b3fb06e925ba6,https://www.lastenergy.com/news-press/last-energy-announces-plan-to-deploy-30-microreactors-in-texas,,2026-10-05T18:54:50.772376+00:00,disclosed,"plans to build 30 microreactors in Haskell County, Texas to serve American data center customers"
last-energy-haskell-county-texas-2025,announced_on,379939f216e5104eee07694096369270aed40c9072f89dda392b3fb06e925ba6,https://www.lastenergy.com/news-press/last-energy-announces-plan-to-deploy-30-microreactors-in-texas,,2026-10-05T18:54:50.772376+00:00,disclosed,"February 28, 2025"
last-energy-series-b-2024,amount,26fde114c36d50e799380d762c175500c80a6330005476c194e7fc5361706dcb,https://www.lastenergy.com/news-press/last-energy-announces-40m-series-b-accelerates-deployment-of-first-microreactor,,2026-10-05T18:54:49.011329+00:00,disclosed,announced today that it raised $40 million for its Series B
last-energy-series-b-2024,announced_on,26fde114c36d50e799380d762c175500c80a6330005476c194e7fc5361706dcb,https://www.lastenergy.com/news-press/last-energy-announces-40m-series-b-accelerates-deployment-of-first-microreactor,,2026-10-05T18:54:49.011329+00:00,disclosed,"August 29, 2024"
last-energy-series-b-2024,round_label,26fde114c36d50e799380d762c175500c80a6330005476c194e7fc5361706dcb,https://www.lastenergy.com/news-press/last-energy-announces-40m-series-b-accelerates-deployment-of-first-microreactor,,2026-10-05T18:54:49.011329+00:00,disclosed,Last Energy Announces $40M Series B
last-energy-series-b-2024:autodesk-foundation,participant,26fde114c36d50e799380d762c175500c80a6330005476c194e7fc5361706dcb,https://www.lastenergy.com/news-press/last-energy-announces-40m-series-b-accelerates-deployment-of-first-microreactor,,2026-10-05T18:54:49.011329+00:00,disclosed,"Investors for the round include Gigafund, the Autodesk Foundation, and a series of family offices."
last-energy-series-b-2024:gigascale-capital,participant,26fde114c36d50e799380d762c175500c80a6330005476c194e7fc5361706dcb,https://www.lastenergy.com/news-press/last-energy-announces-40m-series-b-accelerates-deployment-of-first-microreactor,,2026-10-05T18:54:49.011329+00:00,disclosed,"Series B Closed Earlier In 2024, Led By Gigafund"
last-energy-series-c-2025,amount,434649906bc5ba7efc8a5d88bd2826785981195b1f3a7168027690634d387a99,https://www.lastenergy.com/news-press/last-energy-announces-oversubscribed-100-million-series-c,,2026-10-05T18:54:48.634953+00:00,disclosed,closed an oversubscribed Series C of more than $100 million
last-energy-series-c-2025,announced_on,434649906bc5ba7efc8a5d88bd2826785981195b1f3a7168027690634d387a99,https://www.lastenergy.com/news-press/last-energy-announces-oversubscribed-100-million-series-c,,2026-10-05T18:54:48.634953+00:00,disclosed,"December 16, 2025"
last-energy-series-c-2025,round_label,434649906bc5ba7efc8a5d88bd2826785981195b1f3a7168027690634d387a99,https://www.lastenergy.com/news-press/last-energy-announces-oversubscribed-100-million-series-c,,2026-10-05T18:54:48.634953+00:00,disclosed,Last Energy Announces Oversubscribed $100 Million Series C
last-energy-series-c-2025:ae-ventures,participant,434649906bc5ba7efc8a5d88bd2826785981195b1f3a7168027690634d387a99,https://www.lastenergy.com/news-press/last-energy-announces-oversubscribed-100-million-series-c,,2026-10-05T18:54:48.634953+00:00,disclosed,"closed an oversubscribed Series C of more than $100 million led by the Astera Institute, with participation from JAM Fund, Gigafund, The Haskell Company, AE Ventures, Ultranative, Galaxy Interactive, and Woori Technology Co., Ltd., among others."
last-energy-series-c-2025:astera-institute,participant,434649906bc5ba7efc8a5d88bd2826785981195b1f3a7168027690634d387a99,https://www.lastenergy.com/news-press/last-energy-announces-oversubscribed-100-million-series-c,,2026-10-05T18:54:48.634953+00:00,disclosed,"closed an oversubscribed Series C of more than $100 million led by the Astera Institute, with participation from JAM Fund, Gigafund, The Haskell Company, AE Ventures, Ultranative, Galaxy Interactive, and Woori Technology Co., Ltd., among others."
last-energy-series-c-2025:galaxy-interactive,participant,434649906bc5ba7efc8a5d88bd2826785981195b1f3a7168027690634d387a99,https://www.lastenergy.com/news-press/last-energy-announces-oversubscribed-100-million-series-c,,2026-10-05T18:54:48.634953+00:00,disclosed,"closed an oversubscribed Series C of more than $100 million led by the Astera Institute, with participation from JAM Fund, Gigafund, The Haskell Company, AE Ventures, Ultranative, Galaxy Interactive, and Woori Technology Co., Ltd., among others."
last-energy-series-c-2025:gigascale-capital,participant,434649906bc5ba7efc8a5d88bd2826785981195b1f3a7168027690634d387a99,https://www.lastenergy.com/news-press/last-energy-announces-oversubscribed-100-million-series-c,,2026-10-05T18:54:48.634953+00:00,disclosed,"closed an oversubscribed Series C of more than $100 million led by the Astera Institute, with participation from JAM Fund, Gigafund, The Haskell Company, AE Ventures, Ultranative, Galaxy Interactive, and Woori Technology Co., Ltd., among others."
last-energy-series-c-2025:jam-fund,participant,434649906bc5ba7efc8a5d88bd2826785981195b1f3a7168027690634d387a99,https://www.lastenergy.com/news-press/last-energy-announces-oversubscribed-100-million-series-c,,2026-10-05T18:54:48.634953+00:00,disclosed,"closed an oversubscribed Series C of more than $100 million led by the Astera Institute, with participation from JAM Fund, Gigafund, The Haskell Company, AE Ventures, Ultranative, Galaxy Interactive, and Woori Technology Co., Ltd., among others."
last-energy-series-c-2025:the-haskell-company,participant,434649906bc5ba7efc8a5d88bd2826785981195b1f3a7168027690634d387a99,https://www.lastenergy.com/news-press/last-energy-announces-oversubscribed-100-million-series-c,,2026-10-05T18:54:48.634953+00:00,disclosed,"closed an oversubscribed Series C of more than $100 million led by the Astera Institute, with participation from JAM Fund, Gigafund, The Haskell Company, AE Ventures, Ultranative, Galaxy Interactive, and Woori Technology Co., Ltd., among others."
last-energy-series-c-2025:ultranative,participant,434649906bc5ba7efc8a5d88bd2826785981195b1f3a7168027690634d387a99,https://www.lastenergy.com/news-press/last-energy-announces-oversubscribed-100-million-series-c,,2026-10-05T18:54:48.634953+00:00,disclosed,"closed an oversubscribed Series C of more than $100 million led by the Astera Institute, with participation from JAM Fund, Gigafund, The Haskell Company, AE Ventures, Ultranative, Galaxy Interactive, and Woori Technology Co., Ltd., among others."
last-energy-series-c-2025:woori-technology,participant,434649906bc5ba7efc8a5d88bd2826785981195b1f3a7168027690634d387a99,https://www.lastenergy.com/news-press/last-energy-announces-oversubscribed-100-million-series-c,,2026-10-05T18:54:48.634953+00:00,disclosed,"closed an oversubscribed Series C of more than $100 million led by the Astera Institute, with participation from JAM Fund, Gigafund, The Haskell Company, AE Ventures, Ultranative, Galaxy Interactive, and Woori Technology Co., Ltd., among others."
last-energy-texas-am-rellis-2025,agreement,8989ad5e9ef3a7b02a30d80e3dcbbedf357759af01fb75c602acfb5331754882,https://www.lastenergy.com/news-press/last-energy-partners-with-texas-a-m-to-build-microreactor-at-rellis-campus,,2026-10-05T18:54:50.298176+00:00,disclosed,Last Energy and the Texas A&M University System today announced plans for a microreactor pilot project at Texas A&M-RELLIS
last-energy-texas-am-rellis-2025,announced_on,8989ad5e9ef3a7b02a30d80e3dcbbedf357759af01fb75c602acfb5331754882,https://www.lastenergy.com/news-press/last-energy-partners-with-texas-a-m-to-build-microreactor-at-rellis-campus,,2026-10-05T18:54:50.298176+00:00,disclosed,"October 15, 2025"
lightbridge-battelle-sppa,agreement,26e24350446c16d0e7f94e6173d113f5f42d0060c9ce36a1a90edfad427e2d62,https://www.sec.gov/Archives/edgar/data/1084554/000147793225001890/ltbr_8k.htm,,2026-10-05T18:52:10.371768+00:00,disclosed,"bringing the total estimated cost for the work to be performed under the “Umbrella” Strategic Partnership Project Agreement, described below, to $2.6 million"
lightbridge-jefferies-atm-2025,amount,ef60ea71c3d0caa8645140cea28d8e00739edb3c8cd65ae8e9f48ead03316039,https://www.sec.gov/Archives/edgar/data/1084554/000147793225004434/ltbr_8k.htm,,2026-10-05T18:52:09.408594+00:00,disclosed,"may issue and sell from time to time up to $75,000,000 of shares of its common stock"
lightbridge-jefferies-atm-2025,announced_on,ef60ea71c3d0caa8645140cea28d8e00739edb3c8cd65ae8e9f48ead03316039,https://www.sec.gov/Archives/edgar/data/1084554/000147793225004434/ltbr_8k.htm,,2026-10-05T18:52:09.408594+00:00,disclosed,"On June 5, 2025, Lightbridge Corporation (the “Company”) entered into an Open Market Sale Agreement SM"
lightbridge-jefferies-atm-2025,round_label,3fd2e020a48d9256b1d1e567df94400e8ae2d30e3fcf33156f448b168f2eb64a,https://www.sec.gov/Archives/edgar/data/1084554/000147793225007086/ltbr_8k.htm,,2026-10-05T18:52:08.352469+00:00,disclosed,"On September 26, 2025, the Company filed with the SEC a prospectus supplement for the offer and sale of up to $75,000,000 of our Common Stock"
lightbridge-jefferies-atm-sales-2025,amount,9d7cc82082ac35731313cd233e3f780c416dbacb0a45f9f91801600e1448b283,https://www.sec.gov/Archives/edgar/data/1084554/000147793226001076/ltbr_10k.htm,,2026-10-05T18:52:42.682326+00:00,disclosed,"during 2025, the company sold and issued 8,334,211 shares of common stock for $ 139.6 million in net proceeds (less sales commissions and expenses), under the jefferies atm agreement"
lightbridge-jefferies-atm-sales-2025,announced_on,9d7cc82082ac35731313cd233e3f780c416dbacb0a45f9f91801600e1448b283,https://www.sec.gov/Archives/edgar/data/1084554/000147793226001076/ltbr_10k.htm,,2026-10-05T18:52:42.682326+00:00,disclosed,"lightbridge corporation date: february 26, 2026"
lightbridge-jefferies-atm-sales-2026q1,amount,9d7cc82082ac35731313cd233e3f780c416dbacb0a45f9f91801600e1448b283,https://www.sec.gov/Archives/edgar/data/1084554/000147793226001076/ltbr_10k.htm,,2026-10-05T18:52:42.682326+00:00,disclosed,"sales of common stock under the jefferies atm agreement totaled 664,189 shares, which resulted in total net proceeds of approximately $ 10.9 million"
lightbridge-jefferies-atm-sales-2026q1,announced_on,9d7cc82082ac35731313cd233e3f780c416dbacb0a45f9f91801600e1448b283,https://www.sec.gov/Archives/edgar/data/1084554/000147793226001076/ltbr_10k.htm,,2026-10-05T18:52:42.682326+00:00,disclosed,"lightbridge corporation date: february 26, 2026"
lightbridge-stifel-atm-2019,announced_on,08cd8684af13aa76f2142e0ff05f39a7a63855379aa02afdb2664a41defd42a4,https://www.sec.gov/Archives/edgar/data/1084554/000147793224004633/ltbr_8k.htm,,2026-10-05T18:52:17.844034+00:00,disclosed,"On May 28, 2019, Lightbridge Corporation (the “Company”) entered into an at-the-market equity offering sales agreement (the “Agreement”) with Stifel, Nicolaus & Company, Incorporated"
lightbridge-stifel-atm-2019,round_label,9d7cc82082ac35731313cd233e3f780c416dbacb0a45f9f91801600e1448b283,https://www.sec.gov/Archives/edgar/data/1084554/000147793226001076/ltbr_10k.htm,,2026-10-05T18:52:42.682326+00:00,disclosed,"The Stifel ATM Agreement was terminated on May 30, 2025."
lightbridge-stifel-atm-sales-2024,amount,9d7cc82082ac35731313cd233e3f780c416dbacb0a45f9f91801600e1448b283,https://www.sec.gov/Archives/edgar/data/1084554/000147793226001076/ltbr_10k.htm,,2026-10-05T18:52:42.682326+00:00,disclosed,"the company sold 4,547,207 shares under the stifel atm agreement for the year ended december 31, 2024 resulting in net proceeds (less sales commissions and expenses) of $ 21.4 million"
lightbridge-stifel-atm-sales-2024,announced_on,9d7cc82082ac35731313cd233e3f780c416dbacb0a45f9f91801600e1448b283,https://www.sec.gov/Archives/edgar/data/1084554/000147793226001076/ltbr_10k.htm,,2026-10-05T18:52:42.682326+00:00,disclosed,"lightbridge corporation date: february 26, 2026"
lightbridge-stifel-atm-sales-2025,amount,9d7cc82082ac35731313cd233e3f780c416dbacb0a45f9f91801600e1448b283,https://www.sec.gov/Archives/edgar/data/1084554/000147793226001076/ltbr_10k.htm,,2026-10-05T18:52:42.682326+00:00,disclosed,"the company exhausted all sales under both prospectus supplements during 2025, issuing 4,261,384 shares of common stock for $ 36.4 million in net proceeds"
lightbridge-stifel-atm-sales-2025,announced_on,9d7cc82082ac35731313cd233e3f780c416dbacb0a45f9f91801600e1448b283,https://www.sec.gov/Archives/edgar/data/1084554/000147793226001076/ltbr_10k.htm,,2026-10-05T18:52:42.682326+00:00,disclosed,"lightbridge corporation date: february 26, 2026"
lis-form-d-2023-03-15,amount,d0087720e5383f2192b60de6063faee689c64ff8ea08c6c07c6b2b9ac07131a6,https://www.sec.gov/Archives/edgar/data/1973276/000153412223000009/primary_doc.xml,,2026-10-05T19:09:30.662859+00:00,disclosed,06b false 2023-03-15 false true false 0 107406 107406 0
lis-form-d-2023-03-15,announced_on,d0087720e5383f2192b60de6063faee689c64ff8ea08c6c07c6b2b9ac07131a6,https://www.sec.gov/Archives/edgar/data/1973276/000153412223000009/primary_doc.xml,,2026-10-05T19:09:30.662859+00:00,disclosed,Jiang Yu Jiang Yu President 2023-08-22
lis-form-d-2023-08-02,amount,8a163d8e0998779ac43c452ceff4c96cbeab1cec42960e9f1d5b405c27d7230d,https://www.sec.gov/Archives/edgar/data/1973276/000153412223000010/primary_doc.xml,,2026-10-05T19:09:29.342343+00:00,disclosed,06b false 2023-08-02 false true false 0 334023 334023 0
lis-form-d-2023-08-02,announced_on,8a163d8e0998779ac43c452ceff4c96cbeab1cec42960e9f1d5b405c27d7230d,https://www.sec.gov/Archives/edgar/data/1973276/000153412223000010/primary_doc.xml,,2026-10-05T19:09:29.342343+00:00,disclosed,Jiang Yu Jiang Yu President 2023-08-22
lis-form-d-2024-03-15,amount,8576c87e8072d73b99e656be6813043963757bc31a61ae18431b9cc8343b0729,https://www.sec.gov/Archives/edgar/data/1973276/000153412224000003/primary_doc.xml,,2026-10-05T19:09:28.575359+00:00,disclosed,06b false 2024-03-15 false true false 0 1304551 1304551 0 false 43
lis-form-d-2024-03-15,announced_on,8576c87e8072d73b99e656be6813043963757bc31a61ae18431b9cc8343b0729,https://www.sec.gov/Archives/edgar/data/1973276/000153412224000003/primary_doc.xml,,2026-10-05T19:09:28.575359+00:00,disclosed,Jiang Yu Jiang Yu President 2024-03-22
lis-form-d-2024-08-16,amount,6778b35af46d614e887c84e62bcf092432d2321033e34f1a3b9fa1ddcf99c7be,https://www.sec.gov/Archives/edgar/data/1973276/000187729124000006/primary_doc.xml,,2026-10-05T19:09:33.239787+00:00,disclosed,06b false 2024-08-16 false true false 0 8589536 8589536 0 false 100
lis-form-d-2024-08-16,announced_on,6778b35af46d614e887c84e62bcf092432d2321033e34f1a3b9fa1ddcf99c7be,https://www.sec.gov/Archives/edgar/data/1973276/000187729124000006/primary_doc.xml,,2026-10-05T19:09:33.239787+00:00,disclosed,Jiang Yu Jiang Yu President 2024-08-19
lis-form-d-2024-12-04,amount,e635fedbc368c88ebac622c7a81ab9b37f5728ceff36af038a8fbe1353039192,https://www.sec.gov/Archives/edgar/data/1973276/000187729124000007/primary_doc.xml,,2026-10-05T19:09:31.421895+00:00,disclosed,06b false 2024-12-04 false true false 0 21536136 21536136 0 false 226
lis-form-d-2024-12-04,announced_on,e635fedbc368c88ebac622c7a81ab9b37f5728ceff36af038a8fbe1353039192,https://www.sec.gov/Archives/edgar/data/1973276/000187729124000007/primary_doc.xml,,2026-10-05T19:09:31.421895+00:00,disclosed,Jiang Yu Jiang Yu President 2024-12-04
lis-form-d-2025-05-16,amount,52778e6d291bcf37561da52d88670847a1bbfe0fcf40697f7285750781f6706f,https://www.sec.gov/Archives/edgar/data/1973276/000187729125000006/primary_doc.xml,,2026-10-05T19:09:32.026489+00:00,disclosed,06b false 2025-05-16 false true false 0 9645774 9645774 0 false 134
lis-form-d-2025-05-16,announced_on,52778e6d291bcf37561da52d88670847a1bbfe0fcf40697f7285750781f6706f,https://www.sec.gov/Archives/edgar/data/1973276/000187729125000006/primary_doc.xml,,2026-10-05T19:09:32.026489+00:00,disclosed,Jiang Yu Jiang Yu President 2025-05-16
lis-form-d-2026-03-18,amount,d4a5973c4fe1d33c544362712057bbbd34c75c454b4ff286fadd1e41107c57b4,https://www.sec.gov/Archives/edgar/data/1973276/000197327626000002/primary_doc.xml,,2026-10-05T19:09:29.994948+00:00,disclosed,06b false 2026-03-18 false true false 0 7017780 7017780 0 false 102
lis-form-d-2026-03-18,announced_on,d4a5973c4fe1d33c544362712057bbbd34c75c454b4ff286fadd1e41107c57b4,https://www.sec.gov/Archives/edgar/data/1973276/000197327626000002/primary_doc.xml,,2026-10-05T19:09:29.994948+00:00,disclosed,Jiang Yu Jiang Yu President 2026-03-24
lis-technologies-89243225fne400182,amount,b01214a9aa51706cb8308980be57d1f10076249f02b6a760930a58a4c0280405,https://api.usaspending.gov/api/v2/search/spending_by_award/,,2026-10-05T19:10:57.085070+00:00,disclosed,"""Award ID"": ""89243225FNE400182"", ""Recipient Name"": ""LIS TECHNOLOGIES INC"", ""Recipient UEI"": ""PDJTWAXZCHH3"", ""Award Amount"": 500000.0"
lis-technologies-89243225fne400182,announced_on,b01214a9aa51706cb8308980be57d1f10076249f02b6a760930a58a4c0280405,https://api.usaspending.gov/api/v2/search/spending_by_award/,,2026-10-05T19:10:57.085070+00:00,disclosed,"""Base Obligation Date"": ""2025-04-11"", ""generated_internal_id"": ""CONT_AWD_89243225FNE400182_8900_89243225DNE000030_8900"""
lis-technologies-cumulative-2026-01,amount,f64c4b4c09a946c5ca102dd72c98c4facbf63748fcee8bbb25cd47a081954b74,https://www.newsfilecorp.com/release/280187/LIS-Technologies-Inc.-Announces-Fourth-Consecutive-Oversubscribed-Funding-Round-of-17-Million-Totaling-64-Million-to-Revitalize-the-Only-U.S.Origin-Patented-Laser-Uranium-Enrichment-Technology-to-Support-the-Domestic-Nuclear-Fuel-Cycle,,2026-10-05T19:02:37.763077+00:00,disclosed,"LIS Technologies closes 240% oversubscribed funding round of $17 Million, Totaling $64 Million."
lis-technologies-cumulative-2026-01,announced_on,f64c4b4c09a946c5ca102dd72c98c4facbf63748fcee8bbb25cd47a081954b74,https://www.newsfilecorp.com/release/280187/LIS-Technologies-Inc.-Announces-Fourth-Consecutive-Oversubscribed-Funding-Round-of-17-Million-Totaling-64-Million-to-Revitalize-the-Only-U.S.Origin-Patented-Laser-Uranium-Enrichment-Technology-to-Support-the-Domestic-Nuclear-Fuel-Cycle,,2026-10-05T19:02:37.763077+00:00,disclosed,"January 13, 2026 8:59 AM EST | Source: LIS Technologies Inc."
lis-technologies-round-2026-01,amount,f64c4b4c09a946c5ca102dd72c98c4facbf63748fcee8bbb25cd47a081954b74,https://www.newsfilecorp.com/release/280187/LIS-Technologies-Inc.-Announces-Fourth-Consecutive-Oversubscribed-Funding-Round-of-17-Million-Totaling-64-Million-to-Revitalize-the-Only-U.S.Origin-Patented-Laser-Uranium-Enrichment-Technology-to-Support-the-Domestic-Nuclear-Fuel-Cycle,,2026-10-05T19:02:37.763077+00:00,disclosed,today announced that it has closed its 240% oversubscribed $17 Million funding round
lis-technologies-round-2026-01,amount_conflict_form_d,1b3320090259c29d9d3495ecffaf3df6140863bd9a6d6baef271bc0791c7ea5a,https://www.sec.gov/Archives/edgar/data/1973276/000197327626000001/primary_doc.xml,,2026-10-05T19:09:32.597538+00:00,disclosed,06b false 2026-01-12 false true false 0 16014029 16014029 0 false 88
lis-technologies-round-2026-01,announced_on,f64c4b4c09a946c5ca102dd72c98c4facbf63748fcee8bbb25cd47a081954b74,https://www.newsfilecorp.com/release/280187/LIS-Technologies-Inc.-Announces-Fourth-Consecutive-Oversubscribed-Funding-Round-of-17-Million-Totaling-64-Million-to-Revitalize-the-Only-U.S.Origin-Patented-Laser-Uranium-Enrichment-Technology-to-Support-the-Domestic-Nuclear-Fuel-Cycle,,2026-10-05T19:02:37.763077+00:00,disclosed,"January 13, 2026 8:59 AM EST | Source: LIS Technologies Inc."
lis-technologies-round-2026-01,round_label,f64c4b4c09a946c5ca102dd72c98c4facbf63748fcee8bbb25cd47a081954b74,https://www.newsfilecorp.com/release/280187/LIS-Technologies-Inc.-Announces-Fourth-Consecutive-Oversubscribed-Funding-Round-of-17-Million-Totaling-64-Million-to-Revitalize-the-Only-U.S.Origin-Patented-Laser-Uranium-Enrichment-Technology-to-Support-the-Domestic-Nuclear-Fuel-Cycle,,2026-10-05T19:02:37.763077+00:00,disclosed,Announces Fourth Consecutive Oversubscribed Funding Round of $17 Million
magneto-inertial-fusion-technologies-infuse-021b-3,announced_on,213f3f28e72d9f5a878ecb03ce0ff25d1b1f688c6b45fc9f7f3666442d8339d7,https://infuse.ornl.gov/awards/page/9,,2026-10-05T18:58:33.211532+00:00,disclosed,"INFUSE 2021B - November 22, 2021 | Magneto-Inertial Fusion Technologies, Inc. | Lawrence Livermore National Laboratory (LLNL)"
magneto-inertial-fusion-technologies-infuse-021b-3,round_label,213f3f28e72d9f5a878ecb03ce0ff25d1b1f688c6b45fc9f7f3666442d8339d7,https://infuse.ornl.gov/awards/page/9,,2026-10-05T18:58:33.211532+00:00,disclosed,"INFUSE 2021B - November 22, 2021 | Magneto-Inertial Fusion Technologies, Inc. | Lawrence Livermore National Laboratory (LLNL)"
magneto-inertial-fusion-technologies-infuse-021b-3,use_of_proceeds,213f3f28e72d9f5a878ecb03ce0ff25d1b1f688c6b45fc9f7f3666442d8339d7,https://infuse.ornl.gov/awards/page/9,,2026-10-05T18:58:33.211532+00:00,disclosed,Thermonuclear fusion verification of Staged Z-pinch fusion on a 0.5 MA LTD pulsed power generator
magneto-inertial-fusion-technologies-infuse-021b-3:doe-gain-infuse,participant,213f3f28e72d9f5a878ecb03ce0ff25d1b1f688c6b45fc9f7f3666442d8339d7,https://infuse.ornl.gov/awards/page/9,,2026-10-05T18:58:33.211532+00:00,disclosed,"INFUSE 2021B - November 22, 2021 | Magneto-Inertial Fusion Technologies, Inc. | Lawrence Livermore National Laboratory (LLNL)"
magneto-inertial-fusion-technologies-infuse-022a-1,announced_on,9021eb746452d65548805e9c90817d0f7536a4ef98fc6a7819c3ee73915ad7a7,https://infuse.ornl.gov/awards/page/8,,2026-10-05T18:58:29.145911+00:00,disclosed,"INFUSE 2022A - June 15, 2022 | Magneto-Inertial Fusion Technologies, Inc. | University of Rochester"
magneto-inertial-fusion-technologies-infuse-022a-1,round_label,9021eb746452d65548805e9c90817d0f7536a4ef98fc6a7819c3ee73915ad7a7,https://infuse.ornl.gov/awards/page/8,,2026-10-05T18:58:29.145911+00:00,disclosed,"INFUSE 2022A - June 15, 2022 | Magneto-Inertial Fusion Technologies, Inc. | University of Rochester"
magneto-inertial-fusion-technologies-infuse-022a-1,use_of_proceeds,9021eb746452d65548805e9c90817d0f7536a4ef98fc6a7819c3ee73915ad7a7,https://infuse.ornl.gov/awards/page/8,,2026-10-05T18:58:29.145911+00:00,disclosed,3D modeling of the Staged Z-pinch with the FLASH code
magneto-inertial-fusion-technologies-infuse-022a-1:doe-gain-infuse,participant,9021eb746452d65548805e9c90817d0f7536a4ef98fc6a7819c3ee73915ad7a7,https://infuse.ornl.gov/awards/page/8,,2026-10-05T18:58:29.145911+00:00,disclosed,"INFUSE 2022A - June 15, 2022 | Magneto-Inertial Fusion Technologies, Inc. | University of Rochester"
magneto-inertial-fusion-technologies-infuse-022a-2,announced_on,9021eb746452d65548805e9c90817d0f7536a4ef98fc6a7819c3ee73915ad7a7,https://infuse.ornl.gov/awards/page/8,,2026-10-05T18:58:29.145911+00:00,disclosed,"INFUSE 2022A - June 15, 2022 | Magneto-Inertial Fusion Technologies, Inc. | CalTech"
magneto-inertial-fusion-technologies-infuse-022a-2,round_label,9021eb746452d65548805e9c90817d0f7536a4ef98fc6a7819c3ee73915ad7a7,https://infuse.ornl.gov/awards/page/8,,2026-10-05T18:58:29.145911+00:00,disclosed,"INFUSE 2022A - June 15, 2022 | Magneto-Inertial Fusion Technologies, Inc. | CalTech"
magneto-inertial-fusion-technologies-infuse-022a-2,use_of_proceeds,9021eb746452d65548805e9c90817d0f7536a4ef98fc6a7819c3ee73915ad7a7,https://infuse.ornl.gov/awards/page/8,,2026-10-05T18:58:29.145911+00:00,disclosed,Hard x-ray imaging and characterization of staged z-pinch plasmas in order to exclude ion beams as cause of fusion
magneto-inertial-fusion-technologies-infuse-022a-2:doe-gain-infuse,participant,9021eb746452d65548805e9c90817d0f7536a4ef98fc6a7819c3ee73915ad7a7,https://infuse.ornl.gov/awards/page/8,,2026-10-05T18:58:29.145911+00:00,disclosed,"INFUSE 2022A - June 15, 2022 | Magneto-Inertial Fusion Technologies, Inc. | CalTech"
marathon-arpae-create-2023,amount,b8b4b04f9c4cd261255ac5ed9b958d5808c078780f4b1effbc7ac502486c58c7,https://fusionxinvest.com/news/3266/marathon-fusion-secures-450m-create-award-from-arpa-e/,,2026-10-05T18:50:16.394753+00:00,reported,Marathon Fusion secures $450K CREATE award from ARPA-E
marathon-arpae-create-2023,announced_on,b8b4b04f9c4cd261255ac5ed9b958d5808c078780f4b1effbc7ac502486c58c7,https://fusionxinvest.com/news/3266/marathon-fusion-secures-450m-create-award-from-arpa-e/,,2026-10-05T18:50:16.394753+00:00,reported,3 August 2023
marathon-arpae-create-2023,obligated_disbursed,6bd8f83b8c9a3b1f75c48380874dc13f19ac997751513c7627bbc25c93994416,https://api.usaspending.gov/api/v2/search/spending_by_award/,,2026-10-05T19:00:29.095147+00:00,disclosed,"""Award ID"": ""DEAR0001790"", ""Recipient Name"": ""MARATHON FUSION, INC."", ""Recipient UEI"": ""LF2YSKDB6HL1"", ""Award Amount"": 449065.26, ""Total Outlays"": 449064.89"
marathon-arpae-create-2023:arpa-e,participant,b8b4b04f9c4cd261255ac5ed9b958d5808c078780f4b1effbc7ac502486c58c7,https://fusionxinvest.com/news/3266/marathon-fusion-secures-450m-create-award-from-arpa-e/,,2026-10-05T18:50:16.394753+00:00,reported,Marathon Fusion secures $450K CREATE award from ARPA-E
marathon-cumulative-2024-07,amount,485bbce95fa809d3a5982424865db6c1a8b754ae6fc059640e17f1a94e23f4de,https://www.prnewswire.com/news-releases/marathon-fusion-closes-5-9m-seed-round-to-process-fuel-for-fusion-energy-302200223.html,,2026-10-05T18:50:12.882367+00:00,disclosed,these investments bring Marathon Fusion's total funding to $6.9M
marathon-cumulative-2024-07,announced_on,485bbce95fa809d3a5982424865db6c1a8b754ae6fc059640e17f1a94e23f4de,https://www.prnewswire.com/news-releases/marathon-fusion-closes-5-9m-seed-round-to-process-fuel-for-fusion-energy-302200223.html,,2026-10-05T18:50:12.882367+00:00,disclosed,"SAN FRANCISCO , July 18, 2024 /PRNewswire/"
marathon-fusion-dear0002075,amount,6bd8f83b8c9a3b1f75c48380874dc13f19ac997751513c7627bbc25c93994416,https://api.usaspending.gov/api/v2/search/spending_by_award/,,2026-10-05T19:00:29.095147+00:00,disclosed,"""Award ID"": ""DEAR0002075"", ""Recipient Name"": ""MARATHON FUSION, INC."", ""Recipient UEI"": ""LF2YSKDB6HL1"", ""Award Amount"": 3630998.0"
marathon-fusion-dear0002075,announced_on,6bd8f83b8c9a3b1f75c48380874dc13f19ac997751513c7627bbc25c93994416,https://api.usaspending.gov/api/v2/search/spending_by_award/,,2026-10-05T19:00:29.095147+00:00,disclosed,"""Base Obligation Date"": ""2026-03-06"", ""generated_internal_id"": ""ASST_NON_DEAR0002075_089"""
marathon-fusion-dear0002075,obligated_disbursed,6bd8f83b8c9a3b1f75c48380874dc13f19ac997751513c7627bbc25c93994416,https://api.usaspending.gov/api/v2/search/spending_by_award/,,2026-10-05T19:00:29.095147+00:00,disclosed,"""Award ID"": ""DEAR0002075"", ""Recipient Name"": ""MARATHON FUSION, INC."", ""Recipient UEI"": ""LF2YSKDB6HL1"", ""Award Amount"": 3630998.0, ""Total Outlays"": 242506.9"
marathon-fusion-dear0002075,round_label,6bd8f83b8c9a3b1f75c48380874dc13f19ac997751513c7627bbc25c93994416,https://api.usaspending.gov/api/v2/search/spending_by_award/,,2026-10-05T19:00:29.095147+00:00,disclosed,"""Award ID"": ""DEAR0002075"", ""Recipient Name"": ""MARATHON FUSION, INC."""
marathon-fusion-dear0002075,use_of_proceeds,6bd8f83b8c9a3b1f75c48380874dc13f19ac997751513c7627bbc25c93994416,https://api.usaspending.gov/api/v2/search/spending_by_award/,,2026-10-05T19:00:29.095147+00:00,disclosed,"""Description"": ""MARATHON FUSION: NEW AWARD\nVISION OPEN 2024, CONTROL# 3387-2677\nPROJECT TITLE: PARTIAL IONIZATION"
marathon-fusion-dear0002075:arpa-e,participant,6bd8f83b8c9a3b1f75c48380874dc13f19ac997751513c7627bbc25c93994416,https://api.usaspending.gov/api/v2/search/spending_by_award/,,2026-10-05T19:00:29.095147+00:00,disclosed,"""Awarding Agency"": ""Department of Energy"", ""Awarding Sub Agency"": ""Department of Energy"""
marathon-infuse-2024,announced_on,b8b4b04f9c4cd261255ac5ed9b958d5808c078780f4b1effbc7ac502486c58c7,https://fusionxinvest.com/news/3266/marathon-fusion-secures-450m-create-award-from-arpa-e/,,2026-10-05T18:50:16.394753+00:00,reported,Marathon Fusion gains INFUSE award 8 August 2024
marathon-infuse-2024:doe-gain-infuse,participant,b8b4b04f9c4cd261255ac5ed9b958d5808c078780f4b1effbc7ac502486c58c7,https://fusionxinvest.com/news/3266/marathon-fusion-secures-450m-create-award-from-arpa-e/,,2026-10-05T18:50:16.394753+00:00,reported,Marathon Fusion gains INFUSE award 8 August 2024
marathon-seed-2024,amount,485bbce95fa809d3a5982424865db6c1a8b754ae6fc059640e17f1a94e23f4de,https://www.prnewswire.com/news-releases/marathon-fusion-closes-5-9m-seed-round-to-process-fuel-for-fusion-energy-302200223.html,,2026-10-05T18:50:12.882367+00:00,disclosed,Marathon Fusion Closes $5.9m Seed Round
marathon-seed-2024,announced_on,485bbce95fa809d3a5982424865db6c1a8b754ae6fc059640e17f1a94e23f4de,https://www.prnewswire.com/news-releases/marathon-fusion-closes-5-9m-seed-round-to-process-fuel-for-fusion-energy-302200223.html,,2026-10-05T18:50:12.882367+00:00,disclosed,"SAN FRANCISCO , July 18, 2024 /PRNewswire/"
marathon-seed-2024,round_label,485bbce95fa809d3a5982424865db6c1a8b754ae6fc059640e17f1a94e23f4de,https://www.prnewswire.com/news-releases/marathon-fusion-closes-5-9m-seed-round-to-process-fuel-for-fusion-energy-302200223.html,,2026-10-05T18:50:12.882367+00:00,disclosed,Marathon Fusion Closes $5.9m Seed Round
marathon-seed-2024:1517-fund,participant,485bbce95fa809d3a5982424865db6c1a8b754ae6fc059640e17f1a94e23f4de,https://www.prnewswire.com/news-releases/marathon-fusion-closes-5-9m-seed-round-to-process-fuel-for-fusion-energy-302200223.html,,2026-10-05T18:50:12.882367+00:00,disclosed,"announced today a fundraise led by 1517 Fund and Anglo American , with participation from Übermorgen Ventures, Shared Future Fund, Malcolm Handley and other leading investors"
marathon-seed-2024:anglo-american,participant,485bbce95fa809d3a5982424865db6c1a8b754ae6fc059640e17f1a94e23f4de,https://www.prnewswire.com/news-releases/marathon-fusion-closes-5-9m-seed-round-to-process-fuel-for-fusion-energy-302200223.html,,2026-10-05T18:50:12.882367+00:00,disclosed,"announced today a fundraise led by 1517 Fund and Anglo American , with participation from Übermorgen Ventures, Shared Future Fund, Malcolm Handley and other leading investors"
marathon-seed-2024:malcolm-handley,participant,485bbce95fa809d3a5982424865db6c1a8b754ae6fc059640e17f1a94e23f4de,https://www.prnewswire.com/news-releases/marathon-fusion-closes-5-9m-seed-round-to-process-fuel-for-fusion-energy-302200223.html,,2026-10-05T18:50:12.882367+00:00,disclosed,"with participation from Übermorgen Ventures, Shared Future Fund, Malcolm Handley and other leading investors"
marathon-seed-2024:shared-future-fund,participant,485bbce95fa809d3a5982424865db6c1a8b754ae6fc059640e17f1a94e23f4de,https://www.prnewswire.com/news-releases/marathon-fusion-closes-5-9m-seed-round-to-process-fuel-for-fusion-energy-302200223.html,,2026-10-05T18:50:12.882367+00:00,disclosed,"with participation from Übermorgen Ventures, Shared Future Fund, Malcolm Handley and other leading investors"
marathon-seed-2024:ubermorgen-ventures,participant,485bbce95fa809d3a5982424865db6c1a8b754ae6fc059640e17f1a94e23f4de,https://www.prnewswire.com/news-releases/marathon-fusion-closes-5-9m-seed-round-to-process-fuel-for-fusion-energy-302200223.html,,2026-10-05T18:50:12.882367+00:00,disclosed,"with participation from Übermorgen Ventures, Shared Future Fund, Malcolm Handley and other leading investors"
marathon-seed-form-d-2024,amount,7b1029587c996b7669ce840e34c3babebb9ea49959aa25846eb8edaef35d9c44,https://www.sec.gov/Archives/edgar/data/2010694/000201069424000001/primary_doc.xml,,2026-10-05T17:55:17.691341+00:00,disclosed,Indefinite 5049793 Indefinite
marathon-seed-form-d-2024,announced_on,7b1029587c996b7669ce840e34c3babebb9ea49959aa25846eb8edaef35d9c44,https://www.sec.gov/Archives/edgar/data/2010694/000201069424000001/primary_doc.xml,,2026-10-05T17:55:17.691341+00:00,disclosed,Kyle Schiller Chief Executive Officer 2024-02-05
marathon-seed-form-d-2024,round_label,7b1029587c996b7669ce840e34c3babebb9ea49959aa25846eb8edaef35d9c44,https://www.sec.gov/Archives/edgar/data/2010694/000201069424000001/primary_doc.xml,,2026-10-05T17:55:17.691341+00:00,disclosed,Simple Agreements for Future Equity
marvel-fusion-bmftr-laser-fusion-hub-2026,announced_on,fcc7cd26501e240813bea06adba795c71abd2511847154a2fb521969b0533639,https://www.marvelfusion.com/newsroom/german-federal-government-backs-laser-fusion,,2026-10-05T18:01:57.413331+00:00,disclosed,"Munich/Hamburg/Kiel, 29 July 2026"
marvel-fusion-bmftr-laser-fusion-hub-2026,round_label,fcc7cd26501e240813bea06adba795c71abd2511847154a2fb521969b0533639,https://www.marvelfusion.com/newsroom/german-federal-government-backs-laser-fusion,,2026-10-05T18:01:57.413331+00:00,disclosed,"The BMFTR is funding the hubs under the “Hubs for Fusion” funding directive, which is part of the federal government’s Hightech Agenda"
marvel-fusion-bmftr-laser-fusion-hub-2026:bmftr,participant,fcc7cd26501e240813bea06adba795c71abd2511847154a2fb521969b0533639,https://www.marvelfusion.com/newsroom/german-federal-government-backs-laser-fusion,,2026-10-05T18:01:57.413331+00:00,disclosed,"The German Federal Ministry for Research, Technology and Space (BMFTR) today announced funding for the Laser Fusion Hub"
marvel-fusion-colorado-siemens-loi-2026,agreement,28303dfead1fd95c18a69ccd825c5eaa077af96fcaed205cb6b524efd2baa5eb,https://www.marvelfusion.com/newsroom/marvel-fusion-the-state-of-colorado-and-siemens-energy-sign-letter-of-intent,,2026-10-05T18:49:33.094287+00:00,disclosed,"Marvel Fusion, the State of Colorado and Siemens Energy signed a Letter of Intent (LOI) to strengthen transatlantic collaboration"
marvel-fusion-csu-atlas-2023,agreement,45f40e174a74ca89b283daf89de5d5d1dc00e99c2c20794a34d4bcf9aee7121c,https://www.marvelfusion.com/newsroom/marvel-fusion-and-colorado-state-university-enter-public-private-partnership,,2026-10-05T18:49:32.527346+00:00,disclosed,"The $150 million venture creates a public-private partnership to support construction of a next-generation, high-power laser and fusion research facility"
marvel-fusion-cumulative-2025-03,amount,fa0cfb4fd50cc7917418483d7839ab6ce48f3f6b304f48e9372d6b7be0498e48,https://www.marvelfusion.com/newsroom/marvel-fusion-extends-series-b-to-eur-113m-with-commitments-from-eqt-ventures-siemens-energy-and-european-innovation-council-eic-fund,,2026-10-05T18:01:54.571110+00:00,disclosed,"brings the total funding to EUR 385m, of which EUR 170m is in private investments and EUR 215m in public cooperation projects"
marvel-fusion-cumulative-2025-03,announced_on,fa0cfb4fd50cc7917418483d7839ab6ce48f3f6b304f48e9372d6b7be0498e48,https://www.marvelfusion.com/newsroom/marvel-fusion-extends-series-b-to-eur-113m-with-commitments-from-eqt-ventures-siemens-energy-and-european-innovation-council-eic-fund,,2026-10-05T18:01:54.571110+00:00,disclosed,"Press Release MAR 27, 2025 Marvel Fusion extends Series B to EUR 113m"
marvel-fusion-doe-infuse-2025,announced_on,31524a5606024682fbd6d7aa6e7a6063315020a15ee79aa3b58e94db0faa8a3a,https://www.marvelfusion.com/newsroom/marvel-fusion-awarded-us-doe-grant-to-advance-laser-fusion-energy,,2026-10-05T18:49:31.008054+00:00,disclosed,"Press Release SEP 22, 2025 Marvel Fusion Awarded U.S. DOE Grant to Advance Laser Fusion Energy"
marvel-fusion-doe-infuse-2025,round_label,31524a5606024682fbd6d7aa6e7a6063315020a15ee79aa3b58e94db0faa8a3a,https://www.marvelfusion.com/newsroom/marvel-fusion-awarded-us-doe-grant-to-advance-laser-fusion-energy,,2026-10-05T18:49:31.008054+00:00,disclosed,received a U.S. Department of Energy (DOE) INFUSE award for its proposal
marvel-fusion-doe-infuse-2025:doe-gain-infuse,participant,31524a5606024682fbd6d7aa6e7a6063315020a15ee79aa3b58e94db0faa8a3a,https://www.marvelfusion.com/newsroom/marvel-fusion-awarded-us-doe-grant-to-advance-laser-fusion-energy,,2026-10-05T18:49:31.008054+00:00,disclosed,received a U.S. Department of Energy (DOE) INFUSE award for its proposal
marvel-fusion-eic-accelerator-grant-2024,amount,e9c7114cf7fa3b7fef8dfcafd466aa522aaec4b9797783844a8a4ad197155883,https://cordis.europa.eu/project/id/101189082,,2026-10-05T18:49:56.226983+00:00,disclosed,"€ 2 489 221,49"
marvel-fusion-eic-accelerator-grant-2024,announced_on,e9c7114cf7fa3b7fef8dfcafd466aa522aaec4b9797783844a8a4ad197155883,https://cordis.europa.eu/project/id/101189082,,2026-10-05T18:49:56.226983+00:00,disclosed,EC signature date 30 November 2024
marvel-fusion-eic-accelerator-grant-2024,round_label,e9c7114cf7fa3b7fef8dfcafd466aa522aaec4b9797783844a8a4ad197155883,https://cordis.europa.eu/project/id/101189082,,2026-10-05T18:49:56.226983+00:00,disclosed,Funded under The European Innovation Council (EIC)
marvel-fusion-eic-accelerator-grant-2024:eic,participant,e9c7114cf7fa3b7fef8dfcafd466aa522aaec4b9797783844a8a4ad197155883,https://cordis.europa.eu/project/id/101189082,,2026-10-05T18:49:56.226983+00:00,disclosed,Funded under The European Innovation Council (EIC)
marvel-fusion-fusiotile-bmftr-2025,announced_on,ac5a5779a86736abd3e8ea3ccd1ffb2f5a217fb847f703abe8e842e6406803ba,https://www.marvelfusion.com/newsroom/fusiotile-project-german-consortium-makes-progress-in-government-funded-laser-optics-innovation,,2026-10-05T18:49:31.490605+00:00,disclosed,"Press Release NOV 20, 2025 FusioTile Project: German Consortium Makes Progress"
marvel-fusion-fusiotile-bmftr-2025,round_label,ac5a5779a86736abd3e8ea3ccd1ffb2f5a217fb847f703abe8e842e6406803ba,https://www.marvelfusion.com/newsroom/fusiotile-project-german-consortium-makes-progress-in-government-funded-laser-optics-innovation,,2026-10-05T18:49:31.490605+00:00,disclosed,"Launched in February 2025, the three-year project with funding of approximately €11 million by the German Federal Ministry for Research, Technology, and Space (BMFTR)"
marvel-fusion-fusiotile-bmftr-2025:bmftr,participant,ac5a5779a86736abd3e8ea3ccd1ffb2f5a217fb847f703abe8e842e6406803ba,https://www.marvelfusion.com/newsroom/fusiotile-project-german-consortium-makes-progress-in-government-funded-laser-optics-innovation,,2026-10-05T18:49:31.490605+00:00,disclosed,"funding of approximately €11 million by the German Federal Ministry for Research, Technology, and Space (BMFTR)"
marvel-fusion-series-b-2024,amount,9fcb5b8d61aaa2858607e6ac0a3189ed7badd6fe27cd54d57ec5b26cccbe6791,https://www.b2venture.vc/stories/marvel-fusion-raises-more-than-eu60-million-seriess-b,,2026-10-05T18:49:54.018960+00:00,reported,they have raised EUR 62.8 million in the closing of a Series B round
marvel-fusion-series-b-2024,announced_on,9fcb5b8d61aaa2858607e6ac0a3189ed7badd6fe27cd54d57ec5b26cccbe6791,https://www.b2venture.vc/stories/marvel-fusion-raises-more-than-eu60-million-seriess-b,,2026-10-05T18:49:54.018960+00:00,reported,"Marvel Fusion Raises more than €60 Million Series B to Reach Full Proof of Technology Portfolio September 26, 2024"
marvel-fusion-series-b-2024,round_label,b762afc8df8c14d4416844a7d3b44646e729b9e8ce731ad51388c7b408d06c6b,https://techcrunch.com/2024/09/25/marvel-fusion-lands-70m-for-laser-powered-fusion-bet/,,2026-10-05T18:02:14.540113+00:00,reported,marvel recently raised €62.8 million in a series b round
marvel-fusion-series-b-2024,use_of_proceeds,9fcb5b8d61aaa2858607e6ac0a3189ed7badd6fe27cd54d57ec5b26cccbe6791,https://www.b2venture.vc/stories/marvel-fusion-raises-more-than-eu60-million-seriess-b,,2026-10-05T18:49:54.018960+00:00,reported,to ramp up technology development for a commercial fusion power plant
marvel-fusion-series-b-2024:athos-venture,participant,9fcb5b8d61aaa2858607e6ac0a3189ed7badd6fe27cd54d57ec5b26cccbe6791,https://www.b2venture.vc/stories/marvel-fusion-raises-more-than-eu60-million-seriess-b,,2026-10-05T18:49:54.018960+00:00,reported,"with existing investors Earlybird Venture Capital, Athos Venture, Primepulse, and Plural Platform"
marvel-fusion-series-b-2024:b2venture,participant,9fcb5b8d61aaa2858607e6ac0a3189ed7badd6fe27cd54d57ec5b26cccbe6791,https://www.b2venture.vc/stories/marvel-fusion-raises-more-than-eu60-million-seriess-b,,2026-10-05T18:49:54.018960+00:00,reported,We at b2venture contributed to the round
marvel-fusion-series-b-2024:bayern-kapital,participant,b762afc8df8c14d4416844a7d3b44646e729b9e8ce731ad51388c7b408d06c6b,https://techcrunch.com/2024/09/25/marvel-fusion-lands-70m-for-laser-powered-fusion-bet/,,2026-10-05T18:02:14.540113+00:00,reported,"hv capital led the round with participation from b2venture, bayern kapital, deutsche telekom, earlybird, sprind, and tengelmann ventures"
marvel-fusion-series-b-2024:deutsche-telekom,participant,9fcb5b8d61aaa2858607e6ac0a3189ed7badd6fe27cd54d57ec5b26cccbe6791,https://www.b2venture.vc/stories/marvel-fusion-raises-more-than-eu60-million-seriess-b,,2026-10-05T18:49:54.018960+00:00,reported,Deutsche Telekom invests strategically in Marvel Fusion’s technology
marvel-fusion-series-b-2024:earlybird,participant,9fcb5b8d61aaa2858607e6ac0a3189ed7badd6fe27cd54d57ec5b26cccbe6791,https://www.b2venture.vc/stories/marvel-fusion-raises-more-than-eu60-million-seriess-b,,2026-10-05T18:49:54.018960+00:00,reported,"with existing investors Earlybird Venture Capital, Athos Venture, Primepulse, and Plural Platform"
marvel-fusion-series-b-2024:hv-capital,participant,9fcb5b8d61aaa2858607e6ac0a3189ed7badd6fe27cd54d57ec5b26cccbe6791,https://www.b2venture.vc/stories/marvel-fusion-raises-more-than-eu60-million-seriess-b,,2026-10-05T18:49:54.018960+00:00,reported,which was led by HV Capital
marvel-fusion-series-b-2024:plural,participant,9fcb5b8d61aaa2858607e6ac0a3189ed7badd6fe27cd54d57ec5b26cccbe6791,https://www.b2venture.vc/stories/marvel-fusion-raises-more-than-eu60-million-seriess-b,,2026-10-05T18:49:54.018960+00:00,reported,"with existing investors Earlybird Venture Capital, Athos Venture, Primepulse, and Plural Platform"
marvel-fusion-series-b-2024:primepulse,participant,9fcb5b8d61aaa2858607e6ac0a3189ed7badd6fe27cd54d57ec5b26cccbe6791,https://www.b2venture.vc/stories/marvel-fusion-raises-more-than-eu60-million-seriess-b,,2026-10-05T18:49:54.018960+00:00,reported,"with existing investors Earlybird Venture Capital, Athos Venture, Primepulse, and Plural Platform"
marvel-fusion-series-b-2024:sprind,participant,b762afc8df8c14d4416844a7d3b44646e729b9e8ce731ad51388c7b408d06c6b,https://techcrunch.com/2024/09/25/marvel-fusion-lands-70m-for-laser-powered-fusion-bet/,,2026-10-05T18:02:14.540113+00:00,reported,"hv capital led the round with participation from b2venture, bayern kapital, deutsche telekom, earlybird, sprind, and tengelmann ventures"
marvel-fusion-series-b-2024:tengelmann-ventures,participant,b762afc8df8c14d4416844a7d3b44646e729b9e8ce731ad51388c7b408d06c6b,https://techcrunch.com/2024/09/25/marvel-fusion-lands-70m-for-laser-powered-fusion-bet/,,2026-10-05T18:02:14.540113+00:00,reported,"hv capital led the round with participation from b2venture, bayern kapital, deutsche telekom, earlybird, sprind, and tengelmann ventures"
marvel-fusion-series-b-extension-2025,amount,fa0cfb4fd50cc7917418483d7839ab6ce48f3f6b304f48e9372d6b7be0498e48,https://www.marvelfusion.com/newsroom/marvel-fusion-extends-series-b-to-eur-113m-with-commitments-from-eqt-ventures-siemens-energy-and-european-innovation-council-eic-fund,,2026-10-05T18:01:54.571110+00:00,disclosed,"extension of its Series B funding round by EUR 50 million, bringing the total round to EUR 113 million"
marvel-fusion-series-b-extension-2025,announced_on,fa0cfb4fd50cc7917418483d7839ab6ce48f3f6b304f48e9372d6b7be0498e48,https://www.marvelfusion.com/newsroom/marvel-fusion-extends-series-b-to-eur-113m-with-commitments-from-eqt-ventures-siemens-energy-and-european-innovation-council-eic-fund,,2026-10-05T18:01:54.571110+00:00,disclosed,"Press Release MAR 27, 2025 Marvel Fusion extends Series B to EUR 113m"
marvel-fusion-series-b-extension-2025,round_label,fa0cfb4fd50cc7917418483d7839ab6ce48f3f6b304f48e9372d6b7be0498e48,https://www.marvelfusion.com/newsroom/marvel-fusion-extends-series-b-to-eur-113m-with-commitments-from-eqt-ventures-siemens-energy-and-european-innovation-council-eic-fund,,2026-10-05T18:01:54.571110+00:00,disclosed,"Marvel Fusion extends Series B to EUR 113m with commitments from EQT Ventures, Siemens Energy and European Innovation Council (EIC) Fund"
marvel-fusion-series-b-extension-2025:bayern-kapital,participant,fa0cfb4fd50cc7917418483d7839ab6ce48f3f6b304f48e9372d6b7be0498e48,https://www.marvelfusion.com/newsroom/marvel-fusion-extends-series-b-to-eur-113m-with-commitments-from-eqt-ventures-siemens-energy-and-european-innovation-council-eic-fund,,2026-10-05T18:01:54.571110+00:00,disclosed,Existing investors Tengelmann Ventures and Bayern Kapital contributed again
marvel-fusion-series-b-extension-2025:eic,participant,fa0cfb4fd50cc7917418483d7839ab6ce48f3f6b304f48e9372d6b7be0498e48,https://www.marvelfusion.com/newsroom/marvel-fusion-extends-series-b-to-eur-113m-with-commitments-from-eqt-ventures-siemens-energy-and-european-innovation-council-eic-fund,,2026-10-05T18:01:54.571110+00:00,disclosed,"The extension includes new investments from EQT Ventures, Siemens Energy Ventures, and the European Innovation Council (EIC) Fund"
marvel-fusion-series-b-extension-2025:eqt-ventures,participant,fa0cfb4fd50cc7917418483d7839ab6ce48f3f6b304f48e9372d6b7be0498e48,https://www.marvelfusion.com/newsroom/marvel-fusion-extends-series-b-to-eur-113m-with-commitments-from-eqt-ventures-siemens-energy-and-european-innovation-council-eic-fund,,2026-10-05T18:01:54.571110+00:00,disclosed,"The extension includes new investments from EQT Ventures, Siemens Energy Ventures, and the European Innovation Council (EIC) Fund"
marvel-fusion-series-b-extension-2025:siemens-energy,participant,fa0cfb4fd50cc7917418483d7839ab6ce48f3f6b304f48e9372d6b7be0498e48,https://www.marvelfusion.com/newsroom/marvel-fusion-extends-series-b-to-eur-113m-with-commitments-from-eqt-ventures-siemens-energy-and-european-innovation-council-eic-fund,,2026-10-05T18:01:54.571110+00:00,disclosed,"The extension includes new investments from EQT Ventures, Siemens Energy Ventures, and the European Innovation Council (EIC) Fund"
marvel-fusion-series-b-extension-2025:tengelmann-ventures,participant,fa0cfb4fd50cc7917418483d7839ab6ce48f3f6b304f48e9372d6b7be0498e48,https://www.marvelfusion.com/newsroom/marvel-fusion-extends-series-b-to-eur-113m-with-commitments-from-eqt-ventures-siemens-energy-and-european-innovation-council-eic-fund,,2026-10-05T18:01:54.571110+00:00,disclosed,Existing investors Tengelmann Ventures and Bayern Kapital contributed again
meta-prepayment-2026,agreement,7ca433c6ed60b6539c7fb7739c8847a88cbf977cf40d3835059a3d4a0aadc8bf,https://www.sec.gov/Archives/edgar/data/1849056/000162828026018698/oklo-20251231.htm,,2026-10-05T18:53:13.718570+00:00,disclosed,"On January 5, 2026, we entered into a prepayment agreement (the ""Prepayment Agreement"") with Meta Platforms, Inc."
meta-prepayment-2026,capacity,7ca433c6ed60b6539c7fb7739c8847a88cbf977cf40d3835059a3d4a0aadc8bf,https://www.sec.gov/Archives/edgar/data/1849056/000162828026018698/oklo-20251231.htm,,2026-10-05T18:53:13.718570+00:00,disclosed,"develop a 1.2 gigawatt power campus in Pike County, Ohio"
metox-dear0001816,amount,150fa47ce5f9478b8ad754be4a352067f431603e0d95e8198c723a560b3d0e0e,https://api.usaspending.gov/api/v2/search/spending_by_award/,,2026-10-05T19:01:01.394227+00:00,disclosed,"""Award ID"": ""DEAR0001816"", ""Recipient Name"": ""METOX INTERNATIONAL, INC."", ""Recipient UEI"": ""TFVMC79K1LA4"", ""Award Amount"": 3000000.0"
metox-dear0001816,announced_on,150fa47ce5f9478b8ad754be4a352067f431603e0d95e8198c723a560b3d0e0e,https://api.usaspending.gov/api/v2/search/spending_by_award/,,2026-10-05T19:01:01.394227+00:00,disclosed,"""Base Obligation Date"": ""2024-04-29"", ""generated_internal_id"": ""ASST_NON_DEAR0001816_089"""
metox-dear0001816,obligated_usd,921731f7c71930f68332d6056ce9d2ac17cb064871a291e13fe38d3568181498,https://api.usaspending.gov/api/v2/awards/ASST_NON_DEAR0001816_089/,,2026-10-05T19:34:41.765330+00:00,disclosed,"""total_obligation"":3000000.0"
metox-dear0001816,round_label,150fa47ce5f9478b8ad754be4a352067f431603e0d95e8198c723a560b3d0e0e,https://api.usaspending.gov/api/v2/search/spending_by_award/,,2026-10-05T19:01:01.394227+00:00,disclosed,"""Award ID"": ""DEAR0001816"", ""Recipient Name"": ""METOX INTERNATIONAL, INC."""
metox-dear0001816,use_of_proceeds,150fa47ce5f9478b8ad754be4a352067f431603e0d95e8198c723a560b3d0e0e,https://api.usaspending.gov/api/v2/search/spending_by_award/,,2026-10-05T19:01:01.394227+00:00,disclosed,"""Description"": ""METOX INTERNATIONAL, INC NEW SUPERCONDUCTORS AWARD\nCONTROL NUMBER: 2784-1737\nTITLE: METOX LOW COS"
metox-dear0001816:arpa-e,participant,921731f7c71930f68332d6056ce9d2ac17cb064871a291e13fe38d3568181498,https://api.usaspending.gov/api/v2/awards/ASST_NON_DEAR0001816_089/,,2026-10-05T19:34:41.765330+00:00,disclosed,"""cfda_title"":""Advanced Research Projects Agency - Energy"""
metox-defg0207er84691,amount,150fa47ce5f9478b8ad754be4a352067f431603e0d95e8198c723a560b3d0e0e,https://api.usaspending.gov/api/v2/search/spending_by_award/,,2026-10-05T19:01:01.394227+00:00,disclosed,"""Award ID"": ""DEFG0207ER84691"", ""Recipient Name"": ""METOX INTERNATIONAL, INC."", ""Recipient UEI"": ""TFVMC79K1LA4"", ""Award Amount"": 371179.0"
metox-defg0207er84691,announced_on,150fa47ce5f9478b8ad754be4a352067f431603e0d95e8198c723a560b3d0e0e,https://api.usaspending.gov/api/v2/search/spending_by_award/,,2026-10-05T19:01:01.394227+00:00,disclosed,"""Base Obligation Date"": ""2009-07-29"", ""generated_internal_id"": ""ASST_NON_DEFG0207ER84691_089"""
metox-defg0207er84691,obligated_usd,38f39237c3e9a70c7357669ee8b1a2fa864d69cc8cda8cb1d64b1bc1d677bc2d,https://api.usaspending.gov/api/v2/awards/ASST_NON_DEFG0207ER84691_089/,,2026-10-05T19:33:12.639556+00:00,disclosed,"""total_obligation"":371179.0"
metox-defg0207er84691,round_label,150fa47ce5f9478b8ad754be4a352067f431603e0d95e8198c723a560b3d0e0e,https://api.usaspending.gov/api/v2/search/spending_by_award/,,2026-10-05T19:01:01.394227+00:00,disclosed,"""Award ID"": ""DEFG0207ER84691"", ""Recipient Name"": ""METOX INTERNATIONAL, INC."""
metox-defg0207er84691,use_of_proceeds,150fa47ce5f9478b8ad754be4a352067f431603e0d95e8198c723a560b3d0e0e,https://api.usaspending.gov/api/v2/search/spending_by_award/,,2026-10-05T19:01:01.394227+00:00,disclosed,"""Description"": ""NOVEL ULTRA FAST TECHNIQUES TO DEPOSIT EPITAXIAL LAYERS FOR LOW COST 2G CONDUCTORS"""
metox-defg0207er84691:doe-office-of-science,participant,38f39237c3e9a70c7357669ee8b1a2fa864d69cc8cda8cb1d64b1bc1d677bc2d,https://api.usaspending.gov/api/v2/awards/ASST_NON_DEFG0207ER84691_089/,,2026-10-05T19:33:12.639556+00:00,disclosed,"""cfda_title"":""Office of Science Financial Assistance Program"""
metox-dems0000131,amount,150fa47ce5f9478b8ad754be4a352067f431603e0d95e8198c723a560b3d0e0e,https://api.usaspending.gov/api/v2/search/spending_by_award/,,2026-10-05T19:01:01.394227+00:00,disclosed,"""Award ID"": ""DEMS0000131"", ""Recipient Name"": ""METOX INTERNATIONAL, INC."", ""Recipient UEI"": ""TFVMC79K1LA4"", ""Award Amount"": 80001256.0"
metox-dems0000131,announced_on,150fa47ce5f9478b8ad754be4a352067f431603e0d95e8198c723a560b3d0e0e,https://api.usaspending.gov/api/v2/search/spending_by_award/,,2026-10-05T19:01:01.394227+00:00,disclosed,"""Base Obligation Date"": ""2024-12-20"", ""generated_internal_id"": ""ASST_NON_DEMS0000131_089"""
metox-dems0000131,obligated_usd,b83a0cdee9fa973ae4f6ab772df081ead0576fcb13a4a7aa8bb01904ac851419,https://api.usaspending.gov/api/v2/awards/ASST_NON_DEMS0000131_089/,,2026-10-05T19:33:20.126163+00:00,disclosed,"""total_obligation"":80001256.0"
metox-dems0000131,round_label,150fa47ce5f9478b8ad754be4a352067f431603e0d95e8198c723a560b3d0e0e,https://api.usaspending.gov/api/v2/search/spending_by_award/,,2026-10-05T19:01:01.394227+00:00,disclosed,"""Award ID"": ""DEMS0000131"", ""Recipient Name"": ""METOX INTERNATIONAL, INC."""
metox-dems0000131,use_of_proceeds,150fa47ce5f9478b8ad754be4a352067f431603e0d95e8198c723a560b3d0e0e,https://api.usaspending.gov/api/v2/search/spending_by_award/,,2026-10-05T19:01:01.394227+00:00,disclosed,"""Description"": ""BIPARTISAN INFRASTRUCTURE LAW (BIL) PROJECT ARCH: SCALING DOMESTIC SUPERCONDUCTOR MANUFACTURING\n\n"
metox-dems0000131:doe-mesc,participant,b83a0cdee9fa973ae4f6ab772df081ead0576fcb13a4a7aa8bb01904ac851419,https://api.usaspending.gov/api/v2/awards/ASST_NON_DEMS0000131_089/,,2026-10-05T19:33:20.126163+00:00,disclosed,"""office_agency_name"":""OFFICE OF MANUFACTURING AND ENERGY SUPPLY CHAINS (MESC)"""
metox-desc0001005,amount,150fa47ce5f9478b8ad754be4a352067f431603e0d95e8198c723a560b3d0e0e,https://api.usaspending.gov/api/v2/search/spending_by_award/,,2026-10-05T19:01:01.394227+00:00,disclosed,"""Award ID"": ""DESC0001005"", ""Recipient Name"": ""METOX INTERNATIONAL, INC."", ""Recipient UEI"": ""TFVMC79K1LA4"", ""Award Amount"": 98509.0"
metox-desc0001005,announced_on,150fa47ce5f9478b8ad754be4a352067f431603e0d95e8198c723a560b3d0e0e,https://api.usaspending.gov/api/v2/search/spending_by_award/,,2026-10-05T19:01:01.394227+00:00,disclosed,"""Base Obligation Date"": ""2009-08-19"", ""generated_internal_id"": ""ASST_NON_DESC0001005_089"""
metox-desc0001005,obligated_usd,4bd82a6d71361ba39a7b31e3d7ced6d6614c075982150801b155deadaf88767a,https://api.usaspending.gov/api/v2/awards/ASST_NON_DESC0001005_089/,,2026-10-05T19:34:39.758636+00:00,disclosed,"""total_obligation"":98509.0"
metox-desc0001005,round_label,150fa47ce5f9478b8ad754be4a352067f431603e0d95e8198c723a560b3d0e0e,https://api.usaspending.gov/api/v2/search/spending_by_award/,,2026-10-05T19:01:01.394227+00:00,disclosed,"""Award ID"": ""DESC0001005"", ""Recipient Name"": ""METOX INTERNATIONAL, INC."""
metox-desc0001005,use_of_proceeds,150fa47ce5f9478b8ad754be4a352067f431603e0d95e8198c723a560b3d0e0e,https://api.usaspending.gov/api/v2/search/spending_by_award/,,2026-10-05T19:01:01.394227+00:00,disclosed,"""Description"": ""NEW SBIR PHASE I 2009: HIGH-FIELD YBCO SUPERCONDUCTORS FOR HIGH ENERGY PARTICLE COLLIDERS; PI - ALE"
metox-desc0001005:doe-office-of-science,participant,4bd82a6d71361ba39a7b31e3d7ced6d6614c075982150801b155deadaf88767a,https://api.usaspending.gov/api/v2/awards/ASST_NON_DESC0001005_089/,,2026-10-05T19:34:39.758636+00:00,disclosed,"""cfda_title"":""Office of Science Financial Assistance Program"""
metox-desc0004707,amount,150fa47ce5f9478b8ad754be4a352067f431603e0d95e8198c723a560b3d0e0e,https://api.usaspending.gov/api/v2/search/spending_by_award/,,2026-10-05T19:01:01.394227+00:00,disclosed,"""Award ID"": ""DESC0004707"", ""Recipient Name"": ""METOX INTERNATIONAL, INC."", ""Recipient UEI"": ""TFVMC79K1LA4"", ""Award Amount"": 199047.0"
metox-desc0004707,announced_on,150fa47ce5f9478b8ad754be4a352067f431603e0d95e8198c723a560b3d0e0e,https://api.usaspending.gov/api/v2/search/spending_by_award/,,2026-10-05T19:01:01.394227+00:00,disclosed,"""Base Obligation Date"": ""2010-08-06"", ""generated_internal_id"": ""ASST_NON_DESC0004707_089"""
metox-desc0004707,obligated_usd,04436ef0be985ed1b808fbe61b1c85473fef210c3870c547737786138b00d2c4,https://api.usaspending.gov/api/v2/awards/ASST_NON_DESC0004707_089/,,2026-10-05T19:34:40.799011+00:00,disclosed,"""total_obligation"":199047.0"
metox-desc0004707,round_label,150fa47ce5f9478b8ad754be4a352067f431603e0d95e8198c723a560b3d0e0e,https://api.usaspending.gov/api/v2/search/spending_by_award/,,2026-10-05T19:01:01.394227+00:00,disclosed,"""Award ID"": ""DESC0004707"", ""Recipient Name"": ""METOX INTERNATIONAL, INC."""
metox-desc0004707,use_of_proceeds,150fa47ce5f9478b8ad754be4a352067f431603e0d95e8198c723a560b3d0e0e,https://api.usaspending.gov/api/v2/search/spending_by_award/,,2026-10-05T19:01:01.394227+00:00,disclosed,"""Description"": ""TAS::89 0222::TAS  NEW PHASE I SBIR; TITLE: LOW COST YBCO SUPERCONDUCTORS FOR HIGH ENERGY PARTICLE "
metox-desc0004707:doe-office-of-science,participant,04436ef0be985ed1b808fbe61b1c85473fef210c3870c547737786138b00d2c4,https://api.usaspending.gov/api/v2/awards/ASST_NON_DESC0004707_089/,,2026-10-05T19:34:40.799011+00:00,disclosed,"""cfda_title"":""Office of Science Financial Assistance Program"""
metox-fg02-07er84691,amount,150fa47ce5f9478b8ad754be4a352067f431603e0d95e8198c723a560b3d0e0e,https://api.usaspending.gov/api/v2/search/spending_by_award/,,2026-10-05T19:01:01.394227+00:00,disclosed,"""Award ID"": ""FG02-07ER84691"", ""Recipient Name"": ""METOX INTERNATIONAL, INC."", ""Recipient UEI"": ""TFVMC79K1LA4"", ""Award Amount"": 841835.0"
metox-fg02-07er84691,announced_on,150fa47ce5f9478b8ad754be4a352067f431603e0d95e8198c723a560b3d0e0e,https://api.usaspending.gov/api/v2/search/spending_by_award/,,2026-10-05T19:01:01.394227+00:00,disclosed,"""Base Obligation Date"": ""2007-06-14"", ""generated_internal_id"": ""ASST_NON_FG02-07ER84691_089"""
metox-fg02-07er84691,obligated_usd,ec03fbdc590f9bea46eb300be6ac717c74cef1f7fb2b25dc7b643c2de9f820dd,https://api.usaspending.gov/api/v2/awards/ASST_NON_FG02-07ER84691_089/,,2026-10-05T19:33:11.670870+00:00,disclosed,"""total_obligation"":841835.0"
metox-fg02-07er84691,round_label,150fa47ce5f9478b8ad754be4a352067f431603e0d95e8198c723a560b3d0e0e,https://api.usaspending.gov/api/v2/search/spending_by_award/,,2026-10-05T19:01:01.394227+00:00,disclosed,"""Award ID"": ""FG02-07ER84691"", ""Recipient Name"": ""METOX INTERNATIONAL, INC."""
metox-fg02-07er84691,use_of_proceeds,150fa47ce5f9478b8ad754be4a352067f431603e0d95e8198c723a560b3d0e0e,https://api.usaspending.gov/api/v2/search/spending_by_award/,,2026-10-05T19:01:01.394227+00:00,disclosed,"""Description"": ""NOVEL ULTRA FAST TECHNIQUES TO DEPOSIT EPITAXIAL LAYERS FOR LOW COST 2G CONDUCTORS"""
metox-fg02-07er84691:doe-office-of-science,participant,ec03fbdc590f9bea46eb300be6ac717c74cef1f7fb2b25dc7b643c2de9f820dd,https://api.usaspending.gov/api/v2/awards/ASST_NON_FG02-07ER84691_089/,,2026-10-05T19:33:11.670870+00:00,disclosed,"""cfda_title"":""Office of Science Financial Assistance Program"""
molten-salt-solutions-infuse-2025-1,announced_on,398b567189796840676f664c2caa21112f49510be7a6040d2e651e49894f454a,https://infuse.ornl.gov/awards/page/2,,2026-10-05T18:58:09.555034+00:00,disclosed,"INFUSE 2025 - September 10, 2025 | Molten Salt Solutions | Los Alamos National Laboratory (LANL)"
molten-salt-solutions-infuse-2025-1,round_label,398b567189796840676f664c2caa21112f49510be7a6040d2e651e49894f454a,https://infuse.ornl.gov/awards/page/2,,2026-10-05T18:58:09.555034+00:00,disclosed,"INFUSE 2025 - September 10, 2025 | Molten Salt Solutions | Los Alamos National Laboratory (LANL)"
molten-salt-solutions-infuse-2025-1,use_of_proceeds,398b567189796840676f664c2caa21112f49510be7a6040d2e651e49894f454a,https://infuse.ornl.gov/awards/page/2,,2026-10-05T18:58:09.555034+00:00,disclosed,Development of Fusion-Grade Lithium Material Specifications
molten-salt-solutions-infuse-2025-1:doe-gain-infuse,participant,398b567189796840676f664c2caa21112f49510be7a6040d2e651e49894f454a,https://infuse.ornl.gov/awards/page/2,,2026-10-05T18:58:09.555034+00:00,disclosed,"INFUSE 2025 - September 10, 2025 | Molten Salt Solutions | Los Alamos National Laboratory (LANL)"
moltex-2020-canada-sif,amount,0c98ab98618cce8983e17879a8fe280052c74622a9273d96d613a7c267d1d514,https://open.canada.ca/data/en/api/3/action/datastore_search?resource_id=1d15a62f-5656-49ad-8c88-f40ce689d831&limit=50&filters=%7B%22recipient_legal_name%22%3A%22Moltex%20Energy%20Canada%20Inc.%22%7D,,2026-10-05T18:10:42.832436+00:00,disclosed,"""agreement_value"": ""47500000.0"""
moltex-2020-canada-sif,announced_on,0c98ab98618cce8983e17879a8fe280052c74622a9273d96d613a7c267d1d514,https://open.canada.ca/data/en/api/3/action/datastore_search?resource_id=1d15a62f-5656-49ad-8c88-f40ce689d831&limit=50&filters=%7B%22recipient_legal_name%22%3A%22Moltex%20Energy%20Canada%20Inc.%22%7D,,2026-10-05T18:10:42.832436+00:00,disclosed,"""agreement_start_date"": ""2020-09-30"""
moltex-2020-canada-sif,round_label,0c98ab98618cce8983e17879a8fe280052c74622a9273d96d613a7c267d1d514,https://open.canada.ca/data/en/api/3/action/datastore_search?resource_id=1d15a62f-5656-49ad-8c88-f40ce689d831&limit=50&filters=%7B%22recipient_legal_name%22%3A%22Moltex%20Energy%20Canada%20Inc.%22%7D,,2026-10-05T18:10:42.832436+00:00,disclosed,"""prog_name_en"": ""SIF Stream 1- R&D"""
moltex-2020-canada-sif:isde-sif,participant,0c98ab98618cce8983e17879a8fe280052c74622a9273d96d613a7c267d1d514,https://open.canada.ca/data/en/api/3/action/datastore_search?resource_id=1d15a62f-5656-49ad-8c88-f40ce689d831&limit=50&filters=%7B%22recipient_legal_name%22%3A%22Moltex%20Energy%20Canada%20Inc.%22%7D,,2026-10-05T18:10:42.832436+00:00,disclosed,"""owner_org"": ""ic"""
moltex-2021-acoa-regi-1,amount,0128b1980b53882c1bd01ddcb5b263d71689ba790b389bf73040bc55c0ec20aa,https://open.canada.ca/data/en/api/3/action/datastore_search?resource_id=1d15a62f-5656-49ad-8c88-f40ce689d831&limit=50&filters=%7B%22recipient_legal_name%22%3A%22Moltex%20Energy%20Canada%20Inc.%7CMoltex%20Energy%20Canada%20Inc.%22%7D,,2026-10-05T18:14:24.831024+00:00,disclosed,"""agreement_value"": ""3000000"""
moltex-2021-acoa-regi-1,announced_on,0128b1980b53882c1bd01ddcb5b263d71689ba790b389bf73040bc55c0ec20aa,https://open.canada.ca/data/en/api/3/action/datastore_search?resource_id=1d15a62f-5656-49ad-8c88-f40ce689d831&limit=50&filters=%7B%22recipient_legal_name%22%3A%22Moltex%20Energy%20Canada%20Inc.%7CMoltex%20Energy%20Canada%20Inc.%22%7D,,2026-10-05T18:14:24.831024+00:00,disclosed,"""agreement_start_date"": ""2021-02-12"""
moltex-2021-acoa-regi-1:acoa,participant,0128b1980b53882c1bd01ddcb5b263d71689ba790b389bf73040bc55c0ec20aa,https://open.canada.ca/data/en/api/3/action/datastore_search?resource_id=1d15a62f-5656-49ad-8c88-f40ce689d831&limit=50&filters=%7B%22recipient_legal_name%22%3A%22Moltex%20Energy%20Canada%20Inc.%7CMoltex%20Energy%20Canada%20Inc.%22%7D,,2026-10-05T18:14:24.831024+00:00,disclosed,"""owner_org"": ""acoa-apeca"""
moltex-2024-acoa-regi-2,amount,0128b1980b53882c1bd01ddcb5b263d71689ba790b389bf73040bc55c0ec20aa,https://open.canada.ca/data/en/api/3/action/datastore_search?resource_id=1d15a62f-5656-49ad-8c88-f40ce689d831&limit=50&filters=%7B%22recipient_legal_name%22%3A%22Moltex%20Energy%20Canada%20Inc.%7CMoltex%20Energy%20Canada%20Inc.%22%7D,,2026-10-05T18:14:24.831024+00:00,disclosed,"""agreement_value"": ""2666667"""
moltex-2024-acoa-regi-2,announced_on,0128b1980b53882c1bd01ddcb5b263d71689ba790b389bf73040bc55c0ec20aa,https://open.canada.ca/data/en/api/3/action/datastore_search?resource_id=1d15a62f-5656-49ad-8c88-f40ce689d831&limit=50&filters=%7B%22recipient_legal_name%22%3A%22Moltex%20Energy%20Canada%20Inc.%7CMoltex%20Energy%20Canada%20Inc.%22%7D,,2026-10-05T18:14:24.831024+00:00,disclosed,"""agreement_start_date"": ""2024-01-30"""
moltex-2024-acoa-regi-2:acoa,participant,0128b1980b53882c1bd01ddcb5b263d71689ba790b389bf73040bc55c0ec20aa,https://open.canada.ca/data/en/api/3/action/datastore_search?resource_id=1d15a62f-5656-49ad-8c88-f40ce689d831&limit=50&filters=%7B%22recipient_legal_name%22%3A%22Moltex%20Energy%20Canada%20Inc.%7CMoltex%20Energy%20Canada%20Inc.%22%7D,,2026-10-05T18:14:24.831024+00:00,disclosed,"""owner_org"": ""acoa-apeca"""
moltex-cumulative-funding,amount,498d7712082366de70de2da14f141783fe01de1d8cca3dd446cb10e39783b3d9,https://www.moltexenergy.com/nuclea-energy-to-acquire-moltex-advanced-nuclear-technology-platform/,,2026-10-05T19:08:38.532367+00:00,disclosed,"has benefited from the commitment of more than C$96 million in private, Canadian and U.S. public-sector funding"
moltex-cumulative-funding,announced_on,498d7712082366de70de2da14f141783fe01de1d8cca3dd446cb10e39783b3d9,https://www.moltexenergy.com/nuclea-energy-to-acquire-moltex-advanced-nuclear-technology-platform/,,2026-10-05T19:08:38.532367+00:00,disclosed,"Saint John, NB, August 13, 2026"
moltex-energy-dear0000989,amount,923dd4faacfb8ca2e7b3e40a21b800936682071eb56c90a1d72f2cd0dab4b0ce,https://api.usaspending.gov/api/v2/search/spending_by_award/,,2026-10-05T19:21:39.061941+00:00,disclosed,"""Award ID"": ""DEAR0000989"", ""Recipient Name"": ""MOLTEX ENERGY USA LLC"", ""Recipient UEI"": ""RRYLWJ5BU3S1"", ""Award Amount"": 239160.55"
moltex-energy-dear0000989,announced_on,923dd4faacfb8ca2e7b3e40a21b800936682071eb56c90a1d72f2cd0dab4b0ce,https://api.usaspending.gov/api/v2/search/spending_by_award/,,2026-10-05T19:21:39.061941+00:00,disclosed,"""Base Obligation Date"": ""2019-04-09"", ""generated_internal_id"": ""ASST_NON_DEAR0000989_089"""
moltex-energy-dear0000989,obligated_disbursed,923dd4faacfb8ca2e7b3e40a21b800936682071eb56c90a1d72f2cd0dab4b0ce,https://api.usaspending.gov/api/v2/search/spending_by_award/,,2026-10-05T19:21:39.061941+00:00,disclosed,"""Recipient UEI"": ""RRYLWJ5BU3S1"", ""Award Amount"": 239160.55, ""Total Outlays"": 239160.55"
moltex-energy-dear0000989,round_label,923dd4faacfb8ca2e7b3e40a21b800936682071eb56c90a1d72f2cd0dab4b0ce,https://api.usaspending.gov/api/v2/search/spending_by_award/,,2026-10-05T19:21:39.061941+00:00,disclosed,"""Award ID"": ""DEAR0000989"", ""Recipient Name"": ""MOLTEX ENERGY USA LLC"""
moltex-energy-dear0000989,use_of_proceeds,923dd4faacfb8ca2e7b3e40a21b800936682071eb56c90a1d72f2cd0dab4b0ce,https://api.usaspending.gov/api/v2/search/spending_by_award/,,2026-10-05T19:21:39.061941+00:00,disclosed,"""Description"": ""MOLTEX ENERGY USA, LLC (1798-1548) - NEW MEITNER AWARD\n\nTHIS PROJECT WILL USE STATE-OF-THE-ART MO"
moltex-energy-dear0000989:arpa-e,participant,923dd4faacfb8ca2e7b3e40a21b800936682071eb56c90a1d72f2cd0dab4b0ce,https://api.usaspending.gov/api/v2/search/spending_by_award/,,2026-10-05T19:21:39.061941+00:00,disclosed,"""Awarding Agency"": ""Department of Energy"", ""Awarding Sub Agency"": ""Department of Energy"""
moltex-energy-dear0001296,amount,923dd4faacfb8ca2e7b3e40a21b800936682071eb56c90a1d72f2cd0dab4b0ce,https://api.usaspending.gov/api/v2/search/spending_by_award/,,2026-10-05T19:21:39.061941+00:00,disclosed,"""Award ID"": ""DEAR0001296"", ""Recipient Name"": ""MOLTEX ENERGY USA LLC"", ""Recipient UEI"": ""RRYLWJ5BU3S1"", ""Award Amount"": 19702.02"
moltex-energy-dear0001296,announced_on,923dd4faacfb8ca2e7b3e40a21b800936682071eb56c90a1d72f2cd0dab4b0ce,https://api.usaspending.gov/api/v2/search/spending_by_award/,,2026-10-05T19:21:39.061941+00:00,disclosed,"""Base Obligation Date"": ""2020-09-23"", ""generated_internal_id"": ""ASST_NON_DEAR0001296_089"""
moltex-energy-dear0001296,obligated_disbursed,923dd4faacfb8ca2e7b3e40a21b800936682071eb56c90a1d72f2cd0dab4b0ce,https://api.usaspending.gov/api/v2/search/spending_by_award/,,2026-10-05T19:21:39.061941+00:00,disclosed,"""Recipient UEI"": ""RRYLWJ5BU3S1"", ""Award Amount"": 19702.02, ""Total Outlays"": 7513.7"
moltex-energy-dear0001296,round_label,923dd4faacfb8ca2e7b3e40a21b800936682071eb56c90a1d72f2cd0dab4b0ce,https://api.usaspending.gov/api/v2/search/spending_by_award/,,2026-10-05T19:21:39.061941+00:00,disclosed,"""Award ID"": ""DEAR0001296"", ""Recipient Name"": ""MOLTEX ENERGY USA LLC"""
moltex-energy-dear0001296,use_of_proceeds,923dd4faacfb8ca2e7b3e40a21b800936682071eb56c90a1d72f2cd0dab4b0ce,https://api.usaspending.gov/api/v2/search/spending_by_award/,,2026-10-05T19:21:39.061941+00:00,disclosed,"""Description"": ""GEMINA DE-FOA-0002174\nMOLTEX ENERGY USA, LLC - NEW CONDITIONAL AWARD\nCONTROL NO: 2174-1542\nPROJE"
moltex-energy-dear0001296:arpa-e,participant,923dd4faacfb8ca2e7b3e40a21b800936682071eb56c90a1d72f2cd0dab4b0ce,https://api.usaspending.gov/api/v2/search/spending_by_award/,,2026-10-05T19:21:39.061941+00:00,disclosed,"""Awarding Agency"": ""Department of Energy"", ""Awarding Sub Agency"": ""Department of Energy"""
naarea-cumulative-raised,amount,abe068d77280ed72caa19bb81866172944eccfdab390b09b1e87acfd6ae7541a,https://www.generation-nt.com/actualites/naarea-eneris-nucleaire-smr-liquidation-france2030-2069091,,2026-10-05T18:51:09.044543+00:00,reported,"levées de fonds successives totalisant 90 millions, dont 10 millions d'argent public via le plan France 2030"
naarea-cumulative-raised,announced_on,abe068d77280ed72caa19bb81866172944eccfdab390b09b1e87acfd6ae7541a,https://www.generation-nt.com/actualites/naarea-eneris-nucleaire-smr-liquidation-france2030-2069091,,2026-10-05T18:51:09.044543+00:00,reported,Publié le 15 janvier 2026
naarea-france-2030-grant,amount,abe068d77280ed72caa19bb81866172944eccfdab390b09b1e87acfd6ae7541a,https://www.generation-nt.com/actualites/naarea-eneris-nucleaire-smr-liquidation-france2030-2069091,,2026-10-05T18:51:09.044543+00:00,reported,dont 10 millions d'argent public via le plan France 2030
naarea-france-2030-grant,announced_on,abe068d77280ed72caa19bb81866172944eccfdab390b09b1e87acfd6ae7541a,https://www.generation-nt.com/actualites/naarea-eneris-nucleaire-smr-liquidation-france2030-2069091,,2026-10-05T18:51:09.044543+00:00,reported,Publié le 15 janvier 2026
naarea-france-2030-grant:france-2030,participant,abe068d77280ed72caa19bb81866172944eccfdab390b09b1e87acfd6ae7541a,https://www.generation-nt.com/actualites/naarea-eneris-nucleaire-smr-liquidation-france2030-2069091,,2026-10-05T18:51:09.044543+00:00,reported,soutenu par le plan France 2030
nano-angel-2022,amount,df880caa621b86756ff7a898685a5dcdcf6cef809aae9b5db7f845f48561cd69,https://www.sec.gov/Archives/edgar/data/1923891/000149315224018288/form424b4.htm,,2026-10-05T18:56:36.789486+00:00,disclosed,"the Company sold 2,326,500 shares of common stock at a price of $1.00 per share for proceeds of $2,326,500 as part of the Company’s Angel Round"
nano-angel-2022,amount,df880caa621b86756ff7a898685a5dcdcf6cef809aae9b5db7f845f48561cd69,https://www.sec.gov/Archives/edgar/data/1923891/000149315224018288/form424b4.htm,,2026-10-05T18:56:36.789486+00:00,disclosed,"the Company sold 1,820,369 shares of common stock at a price of $1.00 per share for proceeds of $1,820,369 as part of the Company’s Angel Round"
nano-angel-2022,announced_on,df880caa621b86756ff7a898685a5dcdcf6cef809aae9b5db7f845f48561cd69,https://www.sec.gov/Archives/edgar/data/1923891/000149315224018288/form424b4.htm,,2026-10-05T18:56:36.789486+00:00,disclosed,The Angel Round began in April 2022 and ended in February 2023.
nano-angel-2022,corroboration,f5d9b9db6c61acb7296e45bcb013f656921b8a34c6bcb73ed0852a83b9afe66e,https://www.sec.gov/Archives/edgar/data/1923891/000153412223000002/primary_doc.xml,,2026-10-05T17:51:19.966583+00:00,disclosed,2023-02-08 false true false 0 3681869 3681869 0 false 56
nano-angel-2022,round_label,df880caa621b86756ff7a898685a5dcdcf6cef809aae9b5db7f845f48561cd69,https://www.sec.gov/Archives/edgar/data/1923891/000149315224018288/form424b4.htm,,2026-10-05T18:56:36.789486+00:00,disclosed,as part of the Company’s Angel Round
nano-atm-2025-07,amount,fd6210290b8acda50988e475d427053877a25773d3c015f10fd4bc61d3cc48ad,https://www.sec.gov/Archives/edgar/data/1923891/000149315226010069/form424b5.htm,,2026-10-05T18:55:10.812132+00:00,disclosed,"we may offer and sell up to $400,000,000 of shares of our common stock from time to time through or to the Sales Agents"
nano-atm-2025-07,announced_on,71abe29ae8d18ca903aa50f1b077670c65ec6ed6f4d9e8b8ffcae31c5fcf0fda,https://www.sec.gov/Archives/edgar/data/1923891/000149315225028285/form10-k.htm,,2026-10-05T18:55:39.368126+00:00,disclosed,"On July 25, 2025, we entered into a sales agreement"
nano-atm-2025-07,round_label,fd6210290b8acda50988e475d427053877a25773d3c015f10fd4bc61d3cc48ad,https://www.sec.gov/Archives/edgar/data/1923891/000149315226010069/form424b5.htm,,2026-10-05T18:55:10.812132+00:00,disclosed,“At the market offering” that may be made from time to time through our Sales Agents
nano-atm-2025-07,use_of_proceeds,fd6210290b8acda50988e475d427053877a25773d3c015f10fd4bc61d3cc48ad,https://www.sec.gov/Archives/edgar/data/1923891/000149315226010069/form424b5.htm,,2026-10-05T18:55:10.812132+00:00,disclosed,"We intend to use the net proceeds from these sales for the advancement and development of our technologies, particularly our KRONOS MMR™ reactor"
nano-atm-sales-2026-06,amount,7319fbdbd8b6ced7066e198d0b6ebad4400d514e3fc581713e3a93b99534e926,https://www.sec.gov/Archives/edgar/data/1923891/000149315226037345/form10-q.htm,,2026-10-05T19:14:25.075054+00:00,disclosed,"the Company sold 1,000,000 Placement Shares under the 2025 ATM Program at a price of $ 26.75 per share, resulting in gross proceeds of $ 26,750,000"
nano-atm-sales-2026-06,announced_on,7319fbdbd8b6ced7066e198d0b6ebad4400d514e3fc581713e3a93b99534e926,https://www.sec.gov/Archives/edgar/data/1923891/000149315226037345/form10-q.htm,,2026-10-05T19:14:25.075054+00:00,disclosed,"Date: August 12, 2026 By: /s/ James Walker"
nano-atm-sales-2026-06,closed_on,7319fbdbd8b6ced7066e198d0b6ebad4400d514e3fc581713e3a93b99534e926,https://www.sec.gov/Archives/edgar/data/1923891/000149315226037345/form10-q.htm,,2026-10-05T19:14:25.075054+00:00,disclosed,Sales under the 2025 ATM Program commenced in June 2026
nano-atm-sales-2026-06,remaining_capacity,7319fbdbd8b6ced7066e198d0b6ebad4400d514e3fc581713e3a93b99534e926,https://www.sec.gov/Archives/edgar/data/1923891/000149315226037345/form10-q.htm,,2026-10-05T19:14:25.075054+00:00,disclosed,"No additional Placement Shares have been sold under the 2025 ATM Program from July 1, 2026 through the date of this Report"
nano-digihost-mou-2024,agreement,71abe29ae8d18ca903aa50f1b077670c65ec6ed6f4d9e8b8ffcae31c5fcf0fda,https://www.sec.gov/Archives/edgar/data/1923891/000149315225028285/form10-k.htm,,2026-10-05T18:55:39.368126+00:00,disclosed,we entered into a non-binding memorandum of understanding with Digihost to advance the transition to carbon-free energy at Digihost’s 60-megawatt power plant
nano-digihost-mou-2024,announced_on,71abe29ae8d18ca903aa50f1b077670c65ec6ed6f4d9e8b8ffcae31c5fcf0fda,https://www.sec.gov/Archives/edgar/data/1923891/000149315225028285/form10-k.htm,,2026-10-05T18:55:39.368126+00:00,disclosed,"on December 12, 2024, we entered into a non-binding memorandum of understanding with Digihost"
nano-dioxitek-mou-2025,agreement,6d02265abcbc8652fd81e592465a220b4d1ce157ed0a50536c0de3d4d92f4193,https://www.sec.gov/Archives/edgar/data/1923891/000149315226015585/form8-k.htm,,2026-10-05T18:57:01.870064+00:00,disclosed,which established a non-binding framework to assess the current capacities of natural uranium conversion and supporting infrastructure in Argentina
nano-dioxitek-mou-2025,announced_on,6d02265abcbc8652fd81e592465a220b4d1ce157ed0a50536c0de3d4d92f4193,https://www.sec.gov/Archives/edgar/data/1923891/000149315226015585/form8-k.htm,,2026-10-05T18:57:01.870064+00:00,disclosed,executed in August 2025
nano-doe-haleu-consortium-2023,agreement,71abe29ae8d18ca903aa50f1b077670c65ec6ed6f4d9e8b8ffcae31c5fcf0fda,https://www.sec.gov/Archives/edgar/data/1923891/000149315225028285/form10-k.htm,,2026-10-05T18:55:39.368126+00:00,disclosed,"In February 2023, we were selected as an official founding member of the DOE’s new HALEU Consortium"
nano-doe-haleu-consortium-2023,announced_on,71abe29ae8d18ca903aa50f1b077670c65ec6ed6f4d9e8b8ffcae31c5fcf0fda,https://www.sec.gov/Archives/edgar/data/1923891/000149315225028285/form10-k.htm,,2026-10-05T18:55:39.368126+00:00,disclosed,"In February 2023, we were selected as an official founding member"
nano-doe-leu-acquisition-2024,agreement,71abe29ae8d18ca903aa50f1b077670c65ec6ed6f4d9e8b8ffcae31c5fcf0fda,https://www.sec.gov/Archives/edgar/data/1923891/000149315225028285/form10-k.htm,,2026-10-05T18:55:39.368126+00:00,disclosed,LIST and our company were selected by the DOE to participate as one of six contract awardees in the DOE’s LEU Acquisition Program
nano-doe-leu-acquisition-2024,announced_on,71abe29ae8d18ca903aa50f1b077670c65ec6ed6f4d9e8b8ffcae31c5fcf0fda,https://www.sec.gov/Archives/edgar/data/1923891/000149315225028285/form10-k.htm,,2026-10-05T18:55:39.368126+00:00,disclosed,"In December 2024, we announced that LIST and our company were selected by the DOE"
nano-follow-on-2024-07,amount,e1c1034dfeb61433a850cc71258186100892591996f9393d1364d84a80c1a7fc,https://www.sec.gov/Archives/edgar/data/1923891/000149315224028444/form8-k.htm,,2026-10-05T18:57:06.505266+00:00,disclosed,generating gross proceeds of approximately $18.00 million
nano-follow-on-2024-07,announced_on,7c536edc93bfb7f441db957dc369fb0bf65b40cb9700edf92eda316c65c0e6fc,https://www.sec.gov/Archives/edgar/data/1923891/000149315224027876/form8-k.htm,,2026-10-05T18:55:07.558056+00:00,disclosed,"On July 11, 2024, NANO Nuclear Energy Inc., a Nevada corporation,"
nano-follow-on-2024-07,over_allotment,71abe29ae8d18ca903aa50f1b077670c65ec6ed6f4d9e8b8ffcae31c5fcf0fda,https://www.sec.gov/Archives/edgar/data/1923891/000149315225028285/form10-k.htm,,2026-10-05T18:55:39.368126+00:00,disclosed,generating gross proceeds to the Company of approximately $ 2.7 million
nano-follow-on-2024-07,round_label,7c536edc93bfb7f441db957dc369fb0bf65b40cb9700edf92eda316c65c0e6fc,https://www.sec.gov/Archives/edgar/data/1923891/000149315224027876/form8-k.htm,,2026-10-05T18:55:07.558056+00:00,disclosed,an offering price of $20.00 per Unit
nano-follow-on-2024-10,amount,82c7bfb6c2f8a7335d68e62eeb926f3e6e98c4a9dc408846a57a6bdb14431807,https://www.sec.gov/Archives/edgar/data/1923891/000149315224043004/form8-k.htm,,2026-10-05T18:57:06.917138+00:00,disclosed,generating gross proceeds of approximately $36 million
nano-follow-on-2024-10,announced_on,208f45d9ffe424fbbf901fa50ffbf5d6ba751ce8af51b3d432647a154c76ab61,https://www.sec.gov/Archives/edgar/data/1923891/000149315224042558/form8-k.htm,,2026-10-05T18:55:08.049951+00:00,disclosed,"On October 23, 2024, Nano Nuclear Energy Inc., a Nevada corporation,"
nano-follow-on-2024-10,over_allotment,71abe29ae8d18ca903aa50f1b077670c65ec6ed6f4d9e8b8ffcae31c5fcf0fda,https://www.sec.gov/Archives/edgar/data/1923891/000149315225028285/form10-k.htm,,2026-10-05T18:55:39.368126+00:00,disclosed,generating gross proceeds to the Company of approximately $ 5.4 million
nano-follow-on-2024-10,round_label,208f45d9ffe424fbbf901fa50ffbf5d6ba751ce8af51b3d432647a154c76ab61,https://www.sec.gov/Archives/edgar/data/1923891/000149315224042558/form8-k.htm,,2026-10-05T18:55:08.049951+00:00,disclosed,an offering price of $17.00 per Unit
nano-gain-voucher-2026,announced_on,79ba5be9290a7a13128baf2ef54f413773a381ceb6407a275e020f4115272343,https://www.sec.gov/Archives/edgar/data/1923891/000149315226015923/form8-k.htm,,2026-10-05T18:57:01.342443+00:00,disclosed,"On April 9, 2026, Nano Nuclear Energy Inc. (the “Company”) issued a press release announcing that it has been awarded"
nano-gain-voucher-2026,round_label,79ba5be9290a7a13128baf2ef54f413773a381ceb6407a275e020f4115272343,https://www.sec.gov/Archives/edgar/data/1923891/000149315226015923/form8-k.htm,,2026-10-05T18:57:01.342443+00:00,disclosed,"awarded a Gateway for Accelerated Innovations in Nuclear (GAIN) Voucher, NE-26-38854"
nano-gain-voucher-2026:doe-gain-infuse,participant,79ba5be9290a7a13128baf2ef54f413773a381ceb6407a275e020f4115272343,https://www.sec.gov/Archives/edgar/data/1923891/000149315226015923/form8-k.htm,,2026-10-05T18:57:01.342443+00:00,disclosed,"Voucher, NE-26-38854, by U.S. Department of Energy (DOE) relating to its KRONOS MMR™ Energy System"
nano-inl-spp-2023,agreement,71abe29ae8d18ca903aa50f1b077670c65ec6ed6f4d9e8b8ffcae31c5fcf0fda,https://www.sec.gov/Archives/edgar/data/1923891/000149315225028285/form10-k.htm,,2026-10-05T18:55:39.368126+00:00,disclosed,"On February 14, 2023, we entered into a Strategic Partnership Project (SPP) agreement with INL for an Expert Review Panel of our ZEUS™ microreactor design."
nano-inl-spp-2023,announced_on,71abe29ae8d18ca903aa50f1b077670c65ec6ed6f4d9e8b8ffcae31c5fcf0fda,https://www.sec.gov/Archives/edgar/data/1923891/000149315225028285/form10-k.htm,,2026-10-05T18:55:39.368126+00:00,disclosed,"On February 14, 2023, we entered into a Strategic Partnership Project (SPP) agreement with INL"
nano-ipo-2024,amount,1f85a74d333f3f1c281bfcd388f034c8db68c131fa71ed7eccc89950c341d32e,https://www.sec.gov/Archives/edgar/data/1923891/000149315224018971/form8-k.htm,,2026-10-05T18:55:07.103652+00:00,disclosed,"generating gross proceeds of approximately $10,250,000"
nano-ipo-2024,announced_on,1f85a74d333f3f1c281bfcd388f034c8db68c131fa71ed7eccc89950c341d32e,https://www.sec.gov/Archives/edgar/data/1923891/000149315224018971/form8-k.htm,,2026-10-05T18:55:07.103652+00:00,disclosed,"On May 7, 2024, Nano Nuclear Energy Inc., a Nevada corporation,"
nano-ipo-2024,over_allotment,0d65a7e2e8192e4511f636450c271133ca8584a41dccb4c3bda02e62f3db3e0f,https://www.sec.gov/Archives/edgar/data/1923891/000149315224021011/form8-k.htm,,2026-10-05T18:57:05.012767+00:00,disclosed,"generating gross proceeds to the Company of $1,537,500"
nano-ipo-2024,round_label,1f85a74d333f3f1c281bfcd388f034c8db68c131fa71ed7eccc89950c341d32e,https://www.sec.gov/Archives/edgar/data/1923891/000149315224018971/form8-k.htm,,2026-10-05T18:55:07.103652+00:00,disclosed,firm commitment underwritten initial public offering
nano-pipe-2024-11,amount,5fc3163de62eb21173116e1b3558e27773199b60a7d75bad8ee5adb0244bc5e8,https://www.sec.gov/Archives/edgar/data/1923891/000149315224048054/form8-k.htm,,2026-10-05T18:55:06.474996+00:00,disclosed,"an aggregate of $60,000,048 of securities of the Company in a private placement"
nano-pipe-2024-11,announced_on,5fc3163de62eb21173116e1b3558e27773199b60a7d75bad8ee5adb0244bc5e8,https://www.sec.gov/Archives/edgar/data/1923891/000149315224048054/form8-k.htm,,2026-10-05T18:55:06.474996+00:00,disclosed,"On November 24, 2024, Nano Nuclear Energy Inc., a Nevada corporation"
nano-pipe-2024-11,closed_on,5fc3163de62eb21173116e1b3558e27773199b60a7d75bad8ee5adb0244bc5e8,https://www.sec.gov/Archives/edgar/data/1923891/000149315224048054/form8-k.htm,,2026-10-05T18:55:06.474996+00:00,disclosed,"The Private Placement closed on November 27, 2024."
nano-pipe-2024-11,use_of_proceeds,5fc3163de62eb21173116e1b3558e27773199b60a7d75bad8ee5adb0244bc5e8,https://www.sec.gov/Archives/edgar/data/1923891/000149315224048054/form8-k.htm,,2026-10-05T18:55:06.474996+00:00,disclosed,"general working capital and general corporate purposes, which could include potential acquisitions of complementary businesses or assets"
nano-pipe-2025-05,amount,01cc43abf19a1bff3fe41d7a4b5a03792c02b959388f893b8cec961d3d38a342,https://www.sec.gov/Archives/edgar/data/1923891/000164117225012866/form8-k.htm,,2026-10-05T18:55:06.036973+00:00,disclosed,"for gross proceeds of $105,000,003"
nano-pipe-2025-05,announced_on,01cc43abf19a1bff3fe41d7a4b5a03792c02b959388f893b8cec961d3d38a342,https://www.sec.gov/Archives/edgar/data/1923891/000164117225012866/form8-k.htm,,2026-10-05T18:55:06.036973+00:00,disclosed,"On May 26, 2025, Nano Nuclear Energy Inc., a Nevada corporation"
nano-pipe-2025-05,closed_on,01cc43abf19a1bff3fe41d7a4b5a03792c02b959388f893b8cec961d3d38a342,https://www.sec.gov/Archives/edgar/data/1923891/000164117225012866/form8-k.htm,,2026-10-05T18:55:06.036973+00:00,disclosed,"The Private Placement closed on May 28, 2025."
nano-pipe-2025-05,use_of_proceeds,01cc43abf19a1bff3fe41d7a4b5a03792c02b959388f893b8cec961d3d38a342,https://www.sec.gov/Archives/edgar/data/1923891/000164117225012866/form8-k.htm,,2026-10-05T18:55:06.036973+00:00,disclosed,"The Company intends to use these net proceeds for research and development, marketing, general working capital and general corporate purposes"
nano-pipe-2025-10,amount,153c66773ed2f81697f7638cb19cebd7d86702281f9dfc2910f83ca27110c8c5,https://www.sec.gov/Archives/edgar/data/1923891/000149315225017769/form8-k.htm,,2026-10-05T18:55:05.004922+00:00,disclosed,"for gross proceeds of approximately $400,000,000"
nano-pipe-2025-10,announced_on,153c66773ed2f81697f7638cb19cebd7d86702281f9dfc2910f83ca27110c8c5,https://www.sec.gov/Archives/edgar/data/1923891/000149315225017769/form8-k.htm,,2026-10-05T18:55:05.004922+00:00,disclosed,"On October 7, 2025, Nano Nuclear Energy Inc., a Nevada corporation"
nano-pipe-2025-10,closed_on,153c66773ed2f81697f7638cb19cebd7d86702281f9dfc2910f83ca27110c8c5,https://www.sec.gov/Archives/edgar/data/1923891/000149315225017769/form8-k.htm,,2026-10-05T18:55:05.004922+00:00,disclosed,"The Private Placement closed on October 10, 2025."
nano-pipe-2025-10,use_of_proceeds,153c66773ed2f81697f7638cb19cebd7d86702281f9dfc2910f83ca27110c8c5,https://www.sec.gov/Archives/edgar/data/1923891/000149315225017769/form8-k.htm,,2026-10-05T18:55:05.004922+00:00,disclosed,"advance development, construction and regulatory licensing activities"
nano-radnostix-apa-2026,agreement,f4e5c2ef18641c125a7bd69e302cb3efa62b7a15bbe43d0a6318ae5cfaa4b60c,https://www.sec.gov/Archives/edgar/data/1923891/000149315226045534/form8-k.htm,,2026-10-05T18:55:03.000006+00:00,disclosed,"entered into an Asset Purchase Agreement (the “Purchase Agreement”) with Radnostix, Inc. (f/k/a International Isotopes, Inc.)"
nano-radnostix-apa-2026,announced_on,f4e5c2ef18641c125a7bd69e302cb3efa62b7a15bbe43d0a6318ae5cfaa4b60c,https://www.sec.gov/Archives/edgar/data/1923891/000149315226045534/form8-k.htm,,2026-10-05T18:55:03.000006+00:00,disclosed,"On October 1, 2026, the Company issued a press release announcing the acquisition of RNX and IIFP."
nano-radnostix-apa-2026,value,f4e5c2ef18641c125a7bd69e302cb3efa62b7a15bbe43d0a6318ae5cfaa4b60c,https://www.sec.gov/Archives/edgar/data/1923891/000149315226045534/form8-k.htm,,2026-10-05T18:55:03.000006+00:00,disclosed,pay Sellers $9.5 million in cash
nano-radnostix-apa-2026,value,f4e5c2ef18641c125a7bd69e302cb3efa62b7a15bbe43d0a6318ae5cfaa4b60c,https://www.sec.gov/Archives/edgar/data/1923891/000149315226045534/form8-k.htm,,2026-10-05T18:55:03.000006+00:00,disclosed,issue to RNX $4 million of restricted shares of the Company’s common stock
nano-seed-2022,amount,df880caa621b86756ff7a898685a5dcdcf6cef809aae9b5db7f845f48561cd69,https://www.sec.gov/Archives/edgar/data/1923891/000149315224018288/form424b4.htm,,2026-10-05T18:56:36.789486+00:00,disclosed,"the Company sold 7,500,000 shares of common stock at a price of $0.05 per share for proceeds of $375,000 as part of the Company’s Seed Round"
nano-seed-2022,announced_on,df880caa621b86756ff7a898685a5dcdcf6cef809aae9b5db7f845f48561cd69,https://www.sec.gov/Archives/edgar/data/1923891/000149315224018288/form424b4.htm,,2026-10-05T18:56:36.789486+00:00,disclosed,The Seed Round began in March 2022 and ended in April 2022.
nano-seed-2022,round_label,df880caa621b86756ff7a898685a5dcdcf6cef809aae9b5db7f845f48561cd69,https://www.sec.gov/Archives/edgar/data/1923891/000149315224018288/form424b4.htm,,2026-10-05T18:56:36.789486+00:00,disclosed,as part of the Company’s Seed Round
nano-series-a-2023,amount,df880caa621b86756ff7a898685a5dcdcf6cef809aae9b5db7f845f48561cd69,https://www.sec.gov/Archives/edgar/data/1923891/000149315224018288/form424b4.htm,,2026-10-05T18:56:36.789486+00:00,disclosed,"the Company sold 778,000 shares of common stock at a price of $2.50 per share for proceeds of $1,945,000 as part of the Company’s Series A Round"
nano-series-a-2023,announced_on,df880caa621b86756ff7a898685a5dcdcf6cef809aae9b5db7f845f48561cd69,https://www.sec.gov/Archives/edgar/data/1923891/000149315224018288/form424b4.htm,,2026-10-05T18:56:36.789486+00:00,disclosed,The Series A Round began in April 2023 and ended in June 2023.
nano-series-a-2023,corroboration,ffaeb7d49da15d2edaf188452e605a857730ab81904533c2e5cfb11e884d74fb,https://www.sec.gov/Archives/edgar/data/1923891/000153412223000005/primary_doc.xml,,2026-10-05T17:51:18.640495+00:00,disclosed,2023-06-02 false true false 0 1945000 1945000 0 false 12
nano-series-a-2023,round_label,df880caa621b86756ff7a898685a5dcdcf6cef809aae9b5db7f845f48561cd69,https://www.sec.gov/Archives/edgar/data/1923891/000149315224018288/form424b4.htm,,2026-10-05T18:56:36.789486+00:00,disclosed,as part of the Company’s Series A Round
nano-series-b-2024,amount,df880caa621b86756ff7a898685a5dcdcf6cef809aae9b5db7f845f48561cd69,https://www.sec.gov/Archives/edgar/data/1923891/000149315224018288/form424b4.htm,,2026-10-05T18:56:36.789486+00:00,disclosed,"sold and issued 822,144 common shares at a price of $3.00 per common share for gross proceeds of $2,466,437 in the Series B Round"
nano-series-b-2024,announced_on,71abe29ae8d18ca903aa50f1b077670c65ec6ed6f4d9e8b8ffcae31c5fcf0fda,https://www.sec.gov/Archives/edgar/data/1923891/000149315225028285/form10-k.htm,,2026-10-05T18:55:39.368126+00:00,disclosed,began in December 2023 and ended in January 2024
nano-series-b-2024,corroboration,df2bf65e29984ae5ea491a806edf4ca47ad1f6b712fcb5d65a9c0c04f7ed61d4,https://www.sec.gov/Archives/edgar/data/1923891/000181458724000002/primary_doc.xml,,2026-10-05T17:51:16.655827+00:00,disclosed,2024-01-08 false true false 0 2166437 2166437 0 false 14
nano-series-b-2024,round_label,df880caa621b86756ff7a898685a5dcdcf6cef809aae9b5db7f845f48561cd69,https://www.sec.gov/Archives/edgar/data/1923891/000149315224018288/form424b4.htm,,2026-10-05T18:56:36.789486+00:00,disclosed,The Series B Round was completed in January 2024.
nano-uiuc-sponsored-research,agreement,71abe29ae8d18ca903aa50f1b077670c65ec6ed6f4d9e8b8ffcae31c5fcf0fda,https://www.sec.gov/Archives/edgar/data/1923891/000149315225028285/form10-k.htm,,2026-10-05T18:55:39.368126+00:00,disclosed,"will construct, obtain regulatory approval for, and deploy a KRONOS MMR™ research and test reactor on the UIUC campus"
nano-uiuc-sponsored-research,announced_on,71abe29ae8d18ca903aa50f1b077670c65ec6ed6f4d9e8b8ffcae31c5fcf0fda,https://www.sec.gov/Archives/edgar/data/1923891/000149315225028285/form10-k.htm,,2026-10-05T18:55:39.368126+00:00,disclosed,"On March 29, 2025, we executed a Sponsored Research Agreement Amendment No. 2"
nano-uramerica-mou-2025,agreement,71abe29ae8d18ca903aa50f1b077670c65ec6ed6f4d9e8b8ffcae31c5fcf0fda,https://www.sec.gov/Archives/edgar/data/1923891/000149315225028285/form10-k.htm,,2026-10-05T18:55:39.368126+00:00,disclosed,"we have signed a memorandum of understanding with UrAmerica Ltd. (“UrAmerica”), a private exploration company"
nano-uramerica-mou-2025,announced_on,71abe29ae8d18ca903aa50f1b077670c65ec6ed6f4d9e8b8ffcae31c5fcf0fda,https://www.sec.gov/Archives/edgar/data/1923891/000149315225028285/form10-k.htm,,2026-10-05T18:55:39.368126+00:00,disclosed,"In July 2025, we announced that we have signed a memorandum of understanding with UrAmerica"
nano-usnc-apa-2024,agreement,00254d0a5857fd3506fce4de083e3e4dadc53b615bc82845cbb7e6f401bb9acf,https://www.sec.gov/Archives/edgar/data/1923891/000149315224052094/form8-k.htm,,2026-10-05T18:55:09.913486+00:00,disclosed,"for a total purchase price of $8,500,000 in cash"
nano-usnc-apa-2024,announced_on,00254d0a5857fd3506fce4de083e3e4dadc53b615bc82845cbb7e6f401bb9acf,https://www.sec.gov/Archives/edgar/data/1923891/000149315224052094/form8-k.htm,,2026-10-05T18:55:09.913486+00:00,disclosed,"On December 18, 2024, Nano Nuclear Energy Inc., a Nevada corporation"
nano-usnc-apa-2024,value,00254d0a5857fd3506fce4de083e3e4dadc53b615bc82845cbb7e6f401bb9acf,https://www.sec.gov/Archives/edgar/data/1923891/000149315224052094/form8-k.htm,,2026-10-05T18:55:09.913486+00:00,disclosed,"for a total purchase price of $8,500,000 in cash"
natura-doe-haleu-2025,agreement,04760c24bff772de19acc9870d2680a98b63d8b8c78042cf9d106abef0227793,https://www.energy.gov/articles/us-department-energy-distribute-next-round-haleu-us-nuclear-industry,,2026-10-05T17:59:17.069024+00:00,disclosed,"Abilene Christian University/Natura Resources LLC, for use in a new molten salt research reactor"
natura-doe-haleu-2025,announced_on,04760c24bff772de19acc9870d2680a98b63d8b8c78042cf9d106abef0227793,https://www.energy.gov/articles/us-department-energy-distribute-next-round-haleu-us-nuclear-industry,,2026-10-05T17:59:17.069024+00:00,disclosed,"August 26, 2025"
natura-doe-nsda-2026,agreement,701a5261ff510c5dca8cb03758b94be7d62b15ae87d1bee54c74f6a88e13d16f,https://naturaresources.energy/news/natura-resources-receives-us-doe-approval-of-its-nuclear-safety-design-agreement-for-its-molten-salt-nuclear-reactor-deployment,,2026-10-05T19:01:15.015989+00:00,disclosed,the U.S. Department of Energy approved the Nuclear Safety Design Agreement (NSDA) for its demonstration reactor
natura-doe-nsda-2026,announced_on,701a5261ff510c5dca8cb03758b94be7d62b15ae87d1bee54c74f6a88e13d16f,https://naturaresources.energy/news/natura-resources-receives-us-doe-approval-of-its-nuclear-safety-design-agreement-for-its-molten-salt-nuclear-reactor-deployment,,2026-10-05T19:01:15.015989+00:00,disclosed,"July 21, 2026"
natura-doe-reactor-pilot-2025,agreement,d92aed237e3d72eebae1422dcd91a89156bb7ec851d5eb319adbd1bf1c0d3730,https://www.energy.gov/articles/department-energy-announces-initial-selections-new-reactor-pilot-program,,2026-10-05T17:59:18.711506+00:00,disclosed,Natura Resources LLC
natura-doe-reactor-pilot-2025,announced_on,d92aed237e3d72eebae1422dcd91a89156bb7ec851d5eb319adbd1bf1c0d3730,https://www.energy.gov/articles/department-energy-announces-initial-selections-new-reactor-pilot-program,,2026-10-05T17:59:18.711506+00:00,disclosed,"August 12, 2025"
natura-ngl-permian-2026,agreement,ef8d9cf72555340788028af6fefe639d0d762f6cb1c03efeae6da38043bb49cd,https://naturaresources.energy/news/natura-resources-partners-with-ngl-energy-partners-to-enable-large-scale-produced-water-treatment-with-small-modular-nuclear-reactors-in-the-permian-basin,,2026-10-05T19:01:11.469838+00:00,disclosed,has signed an agreement with NGL Water Solutions Permian LLC
natura-ngl-permian-2026,announced_on,ef8d9cf72555340788028af6fefe639d0d762f6cb1c03efeae6da38043bb49cd,https://naturaresources.energy/news/natura-resources-partners-with-ngl-energy-partners-to-enable-large-scale-produced-water-treatment-with-small-modular-nuclear-reactors-in-the-permian-basin,,2026-10-05T19:01:11.469838+00:00,disclosed,"ABILENE, Texas, Feb. 3, 2026"
natura-private-funding-cumulative,amount,701a5261ff510c5dca8cb03758b94be7d62b15ae87d1bee54c74f6a88e13d16f,https://naturaresources.energy/news/natura-resources-receives-us-doe-approval-of-its-nuclear-safety-design-agreement-for-its-molten-salt-nuclear-reactor-deployment,,2026-10-05T19:01:15.015989+00:00,disclosed,has secured more than $120 million in private funding
natura-private-funding-cumulative,announced_on,701a5261ff510c5dca8cb03758b94be7d62b15ae87d1bee54c74f6a88e13d16f,https://naturaresources.energy/news/natura-resources-receives-us-doe-approval-of-its-nuclear-safety-design-agreement-for-its-molten-salt-nuclear-reactor-deployment,,2026-10-05T19:01:15.015989+00:00,disclosed,"July 21, 2026"
natura-qni-haleu-2026,agreement,947483df9ff9c447cbbced71cbf549a66cb057568c1bfd332c232be11ca57c66,https://naturaresources.energy/news/natura-resources-announces-agreement-with-quadrant-nuclear-industries-for-haleu-fuel-supply,,2026-10-05T19:01:10.493078+00:00,disclosed,"it has entered into a formal agreement with Quadrant Nuclear Industries, Inc. (QNI) to serve as a recipient of high-assay low-enriched uranium (HALEU)"
natura-qni-haleu-2026,announced_on,947483df9ff9c447cbbced71cbf549a66cb057568c1bfd332c232be11ca57c66,https://naturaresources.energy/news/natura-resources-announces-agreement-with-quadrant-nuclear-industries-for-haleu-fuel-supply,,2026-10-05T19:01:10.493078+00:00,disclosed,"June 11, 2026"
natura-texas-120m-commitment,amount,ef8d9cf72555340788028af6fefe639d0d762f6cb1c03efeae6da38043bb49cd,https://naturaresources.energy/news/natura-resources-partners-with-ngl-energy-partners-to-enable-large-scale-produced-water-treatment-with-small-modular-nuclear-reactors-in-the-permian-basin,,2026-10-05T19:01:11.469838+00:00,disclosed,a commitment of $120 million from the State of Texas
natura-texas-120m-commitment,announced_on,ef8d9cf72555340788028af6fefe639d0d762f6cb1c03efeae6da38043bb49cd,https://naturaresources.energy/news/natura-resources-partners-with-ngl-energy-partners-to-enable-large-scale-produced-water-treatment-with-small-modular-nuclear-reactors-in-the-permian-basin,,2026-10-05T19:01:11.469838+00:00,disclosed,"ABILENE, Texas, Feb. 3, 2026"
natura-texas-120m-commitment,round_label,1ee9244eb4f0fecf532f54f0634f305a0c290e9dc3767aef09d56c590779e4f7,https://naturaresources.energy/about/milestones,,2026-10-05T19:00:57.295840+00:00,disclosed,The State of Texas commits $120 million to deploy the MSR-1 demonstration reactor and water desalination technologies
natura-texas-120m-commitment:state-of-texas,participant,1ee9244eb4f0fecf532f54f0634f305a0c290e9dc3767aef09d56c590779e4f7,https://naturaresources.energy/about/milestones,,2026-10-05T19:00:57.295840+00:00,disclosed,The State of Texas commits $120 million to deploy the MSR-1 demonstration reactor and water desalination technologies
newcleo-2021-seed,amount,7984e71ba3ad02a16824bd4ab3c73d52b76c06231d4164cc02e34cfd22e65abd,https://tech.eu/2022/06/20/with-a-new-approach-to-nuclear-london-s-newcleo-clears-300-million-in-equity-raise/,,2026-10-05T17:58:46.956547+00:00,reported,Having already raised €100 million last August
newcleo-2021-seed,announced_on,fb4ea01af9e70bc6e6259c135d4abb5e572b25111bb15500d6a84cea6ceea591,https://born2invest.com/articles/newcleo-collects-87-million-euros/,,2026-10-05T17:58:44.463258+00:00,reported,the previous round of $118 million closed in September 2021
newcleo-2021-seed,round_label,7984e71ba3ad02a16824bd4ab3c73d52b76c06231d4164cc02e34cfd22e65abd,https://tech.eu/2022/06/20/with-a-new-approach-to-nuclear-london-s-newcleo-clears-300-million-in-equity-raise/,,2026-10-05T17:58:46.956547+00:00,reported,Launched in September 2021
newcleo-2021-seed:club-degli-investitori,participant,fb4ea01af9e70bc6e6259c135d4abb5e572b25111bb15500d6a84cea6ceea591,https://born2invest.com/articles/newcleo-collects-87-million-euros/,,2026-10-05T17:58:44.463258+00:00,reported,participated in the 2021 round (with 2.3 million euros )
newcleo-2021-seed:exor,participant,fb4ea01af9e70bc6e6259c135d4abb5e572b25111bb15500d6a84cea6ceea591,https://born2invest.com/articles/newcleo-collects-87-million-euros/,,2026-10-05T17:58:44.463258+00:00,reported,"and Exor Seeds , the venture capital arm of Exor"
newcleo-2021-seed:liftt,participant,fb4ea01af9e70bc6e6259c135d4abb5e572b25111bb15500d6a84cea6ceea591,https://born2invest.com/articles/newcleo-collects-87-million-euros/,,2026-10-05T17:58:44.463258+00:00,reported,"LIFTT , a startup investment vehicle born from the public-private alliance"
newcleo-2022-equity,amount,7984e71ba3ad02a16824bd4ab3c73d52b76c06231d4164cc02e34cfd22e65abd,https://tech.eu/2022/06/20/with-a-new-approach-to-nuclear-london-s-newcleo-clears-300-million-in-equity-raise/,,2026-10-05T17:58:46.956547+00:00,reported,London-based newcleo has raised €300 million in an equity funding round.
newcleo-2022-equity,announced_on,7984e71ba3ad02a16824bd4ab3c73d52b76c06231d4164cc02e34cfd22e65abd,https://tech.eu/2022/06/20/with-a-new-approach-to-nuclear-london-s-newcleo-clears-300-million-in-equity-raise/,,2026-10-05T17:58:46.956547+00:00,reported,Dan Taylor 20 June 2022
newcleo-2022-equity,round_label,7984e71ba3ad02a16824bd4ab3c73d52b76c06231d4164cc02e34cfd22e65abd,https://tech.eu/2022/06/20/with-a-new-approach-to-nuclear-london-s-newcleo-clears-300-million-in-equity-raise/,,2026-10-05T17:58:46.956547+00:00,reported,two-thirds of existing investors returned to further invest in the new round
newcleo-2024-lesto-grant,amount,8e686055177b8d46ba1947f7a2ab15273232b90a245d37fb9bfb6c2231305d68,https://cordis.europa.eu/project/id/101166337,,2026-10-05T18:53:59.420215+00:00,disclosed,"€ 99 975,00 Address VIA GIUSEPPE GALLIANO 27"
newcleo-2024-lesto-grant,announced_on,8e686055177b8d46ba1947f7a2ab15273232b90a245d37fb9bfb6c2231305d68,https://cordis.europa.eu/project/id/101166337,,2026-10-05T18:53:59.420215+00:00,disclosed,EC signature date 28 June 2024
newcleo-2024-lesto-grant:european-commission-horizon,participant,8e686055177b8d46ba1947f7a2ab15273232b90a245d37fb9bfb6c2231305d68,https://cordis.europa.eu/project/id/101166337,,2026-10-05T18:53:59.420215+00:00,disclosed,LESTO Grant agreement ID: 101166337
newcleo-2024-tranche1,amount,fb4ea01af9e70bc6e6259c135d4abb5e572b25111bb15500d6a84cea6ceea591,https://born2invest.com/articles/newcleo-collects-87-million-euros/,,2026-10-05T17:58:44.463258+00:00,reported,has closed a first tranche of 87 million euros of the one billion mega-round
newcleo-2024-tranche1,announced_on,fb4ea01af9e70bc6e6259c135d4abb5e572b25111bb15500d6a84cea6ceea591,https://born2invest.com/articles/newcleo-collects-87-million-euros/,,2026-10-05T17:58:44.463258+00:00,reported,"Published 2 years ago on May 17, 2024"
newcleo-2024-tranche1,round_label,fb4ea01af9e70bc6e6259c135d4abb5e572b25111bb15500d6a84cea6ceea591,https://born2invest.com/articles/newcleo-collects-87-million-euros/,,2026-10-05T17:58:44.463258+00:00,reported,one billion mega-round opened in the spring 2023
newcleo-2024-tranche1:tosto-group,participant,fb4ea01af9e70bc6e6259c135d4abb5e572b25111bb15500d6a84cea6ceea591,https://born2invest.com/articles/newcleo-collects-87-million-euros/,,2026-10-05T17:58:44.463258+00:00,reported,involves investments from Viaro Energy and Tosto Group
newcleo-2024-tranche1:viaro-energy,participant,fb4ea01af9e70bc6e6259c135d4abb5e572b25111bb15500d6a84cea6ceea591,https://born2invest.com/articles/newcleo-collects-87-million-euros/,,2026-10-05T17:58:44.463258+00:00,reported,involves investments from Viaro Energy and Tosto Group
newcleo-2025-october-capital-raise,amount,6c5b689e71c6d1d7172dea9691dcac6862b4245396298e58c54a8ccf240196d8,https://www.sec.gov/Archives/edgar/data/2131813/000114036126031950/ny20072209x8_424b3.htm,,2026-10-05T17:55:51.334539+00:00,disclosed,"newcleo completed the October Capital Raise, raising aggregate proceeds of €57.4 million at a purchase price of €3.40 per newcleo Ordinary Share"
newcleo-2025-october-capital-raise,announced_on,6c5b689e71c6d1d7172dea9691dcac6862b4245396298e58c54a8ccf240196d8,https://www.sec.gov/Archives/edgar/data/2131813/000114036126031950/ny20072209x8_424b3.htm,,2026-10-05T17:55:51.334539+00:00,disclosed,"In October 2025, newcleo SA initiated a capital raise"
newcleo-2026-pre-pipe,amount,6c5b689e71c6d1d7172dea9691dcac6862b4245396298e58c54a8ccf240196d8,https://www.sec.gov/Archives/edgar/data/2131813/000114036126031950/ny20072209x8_424b3.htm,,2026-10-05T17:55:51.334539+00:00,disclosed,for an aggregate cash consideration of €26.3 million (the “Pre-PIPE Financing”)
newcleo-2026-pre-pipe,announced_on,6c5b689e71c6d1d7172dea9691dcac6862b4245396298e58c54a8ccf240196d8,https://www.sec.gov/Archives/edgar/data/2131813/000114036126031950/ny20072209x8_424b3.htm,,2026-10-05T17:55:51.334539+00:00,disclosed,"In April 2026, newcleo entered into subscription agreements with various investors"
newcleo-2026-pre-pipe,round_label,6c5b689e71c6d1d7172dea9691dcac6862b4245396298e58c54a8ccf240196d8,https://www.sec.gov/Archives/edgar/data/2131813/000114036126031950/ny20072209x8_424b3.htm,,2026-10-05T17:55:51.334539+00:00,disclosed,The closing of the Pre-PIPE Financing is not a closing condition of the Business Combination.
newcleo-2026-spac-pipe,amount,6c5b689e71c6d1d7172dea9691dcac6862b4245396298e58c54a8ccf240196d8,https://www.sec.gov/Archives/edgar/data/2131813/000114036126031950/ny20072209x8_424b3.htm,,2026-10-05T17:55:51.334539+00:00,disclosed,"for an aggregate purchase price equal to $220,000,000"
newcleo-2026-spac-pipe,announced_on,6c5b689e71c6d1d7172dea9691dcac6862b4245396298e58c54a8ccf240196d8,https://www.sec.gov/Archives/edgar/data/2131813/000114036126031950/ny20072209x8_424b3.htm,,2026-10-05T17:55:51.334539+00:00,disclosed,"on May 26, 2026, certain investors (the “PIPE Investors”) agreed to subscribe for and purchase an aggregate of 22,000,000 Company Ordinary Shares"
newcleo-2026-spac-pipe,closed_on,98063d2c3aa29f0bf6facacb6e22ff6cbe419307d780a0eb933d8d07e8efb539,https://www.sec.gov/Archives/edgar/data/2131813/000095010326014519/dp253663_6k.htm,,2026-10-05T18:54:46.159163+00:00,disclosed,"on September 21, 2026 (the “ Closing Date ”), SPAC and the Company consummated the Business Combination"
newcleo-iit-ted-2025,agreement,7fb902643b067fadab92f7f11f5e01da89edbbee68ff23b219dbc3bb3cfccf1e,https://ted.europa.eu/en/notice/419818-2025/html,,2026-10-05T17:59:21.158223+00:00,disclosed,"Winner: Official name : NEWCLEO spa Tender: Tender identifier : NEWCLEO Identifier of lot or group of lots : LOT-0005 Value of the tender : 2 260 423,70 EUR"
newcleo-iit-ted-2025,announced_on,7fb902643b067fadab92f7f11f5e01da89edbbee68ff23b219dbc3bb3cfccf1e,https://ted.europa.eu/en/notice/419818-2025/html,,2026-10-05T17:59:21.158223+00:00,disclosed,Publication date : 30/06/2025
novatron-2023-seed,amount,0045ac869b1cf574a8239be3378b1608c4d0afca78210b8689e3c150555ed08a,https://www.novatronfusion.com/news/2023-novatron-fusion-group-closes-seed-round-of-eur-5-million-jshtr,,2026-10-05T18:49:58.222249+00:00,disclosed,"announced today the successful closure of its seed round, raising EUR 5 million"
novatron-2023-seed,announced_on,79388b66dcdbe99f4cdef400524302ee1ad1102ff3e655f0fca6717c5cb70cbb,https://www.novatronfusion.com/news/category/Press+release,,2026-10-05T18:49:46.316496+00:00,disclosed,Peter Fagerberg 8/29/23
novatron-2023-seed,round_label,0045ac869b1cf574a8239be3378b1608c4d0afca78210b8689e3c150555ed08a,https://www.novatronfusion.com/news/2023-novatron-fusion-group-closes-seed-round-of-eur-5-million-jshtr,,2026-10-05T18:49:58.222249+00:00,disclosed,successful closure of its seed round
novatron-2023-seed:climentum-capital,participant,0045ac869b1cf574a8239be3378b1608c4d0afca78210b8689e3c150555ed08a,https://www.novatronfusion.com/news/2023-novatron-fusion-group-closes-seed-round-of-eur-5-million-jshtr,,2026-10-05T18:49:58.222249+00:00,disclosed,The round was led by Climentum Capital
novatron-2023-seed:eit-innoenergy,participant,0045ac869b1cf574a8239be3378b1608c4d0afca78210b8689e3c150555ed08a,https://www.novatronfusion.com/news/2023-novatron-fusion-group-closes-seed-round-of-eur-5-million-jshtr,,2026-10-05T18:49:58.222249+00:00,disclosed,with renewed investments by KTH Holding and EIT InnoEnergy
novatron-2023-seed:industrifonden,participant,0045ac869b1cf574a8239be3378b1608c4d0afca78210b8689e3c150555ed08a,https://www.novatronfusion.com/news/2023-novatron-fusion-group-closes-seed-round-of-eur-5-million-jshtr,,2026-10-05T18:49:58.222249+00:00,disclosed,"in syndication with Industrifonden, Santander InnoEnergy Climate Fund"
novatron-2023-seed:kth-holding,participant,0045ac869b1cf574a8239be3378b1608c4d0afca78210b8689e3c150555ed08a,https://www.novatronfusion.com/news/2023-novatron-fusion-group-closes-seed-round-of-eur-5-million-jshtr,,2026-10-05T18:49:58.222249+00:00,disclosed,with renewed investments by KTH Holding and EIT InnoEnergy
novatron-2023-seed:santander-innoenergy-climate-fund,participant,0045ac869b1cf574a8239be3378b1608c4d0afca78210b8689e3c150555ed08a,https://www.novatronfusion.com/news/2023-novatron-fusion-group-closes-seed-round-of-eur-5-million-jshtr,,2026-10-05T18:49:58.222249+00:00,disclosed,"in syndication with Industrifonden, Santander InnoEnergy Climate Fund"
novatron-2024-eic-pathfinder-taueb,amount,8d6ac96f2d89ae44e02bd9037293a715b05fec8481dae26630ad39ed37564f33,https://cordis.europa.eu/project/id/101186012,,2026-10-05T18:49:14.719806+00:00,disclosed,"€ 1 499 000,00 Address MISSIONSVAGEN 12"
novatron-2024-eic-pathfinder-taueb,announced_on,79388b66dcdbe99f4cdef400524302ee1ad1102ff3e655f0fca6717c5cb70cbb,https://www.novatronfusion.com/news/category/Press+release,,2026-10-05T18:49:46.316496+00:00,disclosed,Guest User 12/9/24
novatron-2024-eic-pathfinder-taueb:eic,participant,addaff79ff93eb875db58cfc479602984be8d53d0ff400eaf1de8182138f6210,https://www.novatronfusion.com/news/2024-novatron-fusion-groups-groundbreaking-fusion-energy-confinement-technology-secures-3-million-in-eic-pathfinder-funding,,2026-10-05T18:49:58.728694+00:00,disclosed,funded by the prestigious EIC Pathfinder Program
novatron-2025-series-a1,amount,bdb7e41488c02c8d0b426a6b3f1f025dc63c365b2d010d913d51f2db54ac889d,https://www.novatronfusion.com/news/2025-novatron-fusion-group-closes-funding-round-and-joins-forces-with-lead-investor-st1-to-accelerate-fusion-energy-in-the-nordics,,2026-10-05T18:49:59.629808+00:00,disclosed,the oversubscribed funding round of €10 million in equity
novatron-2025-series-a1,announced_on,79388b66dcdbe99f4cdef400524302ee1ad1102ff3e655f0fca6717c5cb70cbb,https://www.novatronfusion.com/news/category/Press+release,,2026-10-05T18:49:46.316496+00:00,disclosed,Jeanette Mattsson 3/19/25
novatron-2025-series-a1,round_label,bdb7e41488c02c8d0b426a6b3f1f025dc63c365b2d010d913d51f2db54ac889d,https://www.novatronfusion.com/news/2025-novatron-fusion-group-closes-funding-round-and-joins-forces-with-lead-investor-st1-to-accelerate-fusion-energy-in-the-nordics,,2026-10-05T18:49:59.629808+00:00,disclosed,successful closing of its Series A1 funding round
novatron-2025-series-a1:axon-partners-group,participant,bdb7e41488c02c8d0b426a6b3f1f025dc63c365b2d010d913d51f2db54ac889d,https://www.novatronfusion.com/news/2025-novatron-fusion-group-closes-funding-round-and-joins-forces-with-lead-investor-st1-to-accelerate-fusion-energy-in-the-nordics,,2026-10-05T18:49:59.629808+00:00,disclosed,"new investors, including TomEnterprise, Unit E Limited and Axon Partners Group"
novatron-2025-series-a1:climentum-capital,participant,bdb7e41488c02c8d0b426a6b3f1f025dc63c365b2d010d913d51f2db54ac889d,https://www.novatronfusion.com/news/2025-novatron-fusion-group-closes-funding-round-and-joins-forces-with-lead-investor-st1-to-accelerate-fusion-energy-in-the-nordics,,2026-10-05T18:49:59.629808+00:00,disclosed,"existing investors: Climentum Capital, Santander InnoEnergy Climate Fund, Granitor and Industrifonden"
novatron-2025-series-a1:granitor,participant,bdb7e41488c02c8d0b426a6b3f1f025dc63c365b2d010d913d51f2db54ac889d,https://www.novatronfusion.com/news/2025-novatron-fusion-group-closes-funding-round-and-joins-forces-with-lead-investor-st1-to-accelerate-fusion-energy-in-the-nordics,,2026-10-05T18:49:59.629808+00:00,disclosed,"existing investors: Climentum Capital, Santander InnoEnergy Climate Fund, Granitor and Industrifonden"
novatron-2025-series-a1:industrifonden,participant,bdb7e41488c02c8d0b426a6b3f1f025dc63c365b2d010d913d51f2db54ac889d,https://www.novatronfusion.com/news/2025-novatron-fusion-group-closes-funding-round-and-joins-forces-with-lead-investor-st1-to-accelerate-fusion-energy-in-the-nordics,,2026-10-05T18:49:59.629808+00:00,disclosed,"existing investors: Climentum Capital, Santander InnoEnergy Climate Fund, Granitor and Industrifonden"
novatron-2025-series-a1:santander-innoenergy-climate-fund,participant,bdb7e41488c02c8d0b426a6b3f1f025dc63c365b2d010d913d51f2db54ac889d,https://www.novatronfusion.com/news/2025-novatron-fusion-group-closes-funding-round-and-joins-forces-with-lead-investor-st1-to-accelerate-fusion-energy-in-the-nordics,,2026-10-05T18:49:59.629808+00:00,disclosed,"existing investors: Climentum Capital, Santander InnoEnergy Climate Fund, Granitor and Industrifonden"
novatron-2025-series-a1:st1,participant,bdb7e41488c02c8d0b426a6b3f1f025dc63c365b2d010d913d51f2db54ac889d,https://www.novatronfusion.com/news/2025-novatron-fusion-group-closes-funding-round-and-joins-forces-with-lead-investor-st1-to-accelerate-fusion-energy-in-the-nordics,,2026-10-05T18:49:59.629808+00:00,disclosed,"As lead investor, St1 will provide long-term value"
novatron-2025-series-a1:tomenterprise,participant,bdb7e41488c02c8d0b426a6b3f1f025dc63c365b2d010d913d51f2db54ac889d,https://www.novatronfusion.com/news/2025-novatron-fusion-group-closes-funding-round-and-joins-forces-with-lead-investor-st1-to-accelerate-fusion-energy-in-the-nordics,,2026-10-05T18:49:59.629808+00:00,disclosed,"new investors, including TomEnterprise, Unit E Limited and Axon Partners Group"
novatron-2025-series-a1:unit-e,participant,bdb7e41488c02c8d0b426a6b3f1f025dc63c365b2d010d913d51f2db54ac889d,https://www.novatronfusion.com/news/2025-novatron-fusion-group-closes-funding-round-and-joins-forces-with-lead-investor-st1-to-accelerate-fusion-energy-in-the-nordics,,2026-10-05T18:49:59.629808+00:00,disclosed,"new investors, including TomEnterprise, Unit E Limited and Axon Partners Group"
nuclearn-round-2025,amount,18f7b13134893437461e1bd80b501a2b9e4bd2b0715bcdfdfd63fd314175215f,https://www.sec.gov/Archives/edgar/data/1986230/000198623025000002/primary_doc.xml,,2026-10-05T19:08:21.922368+00:00,disclosed,11999999 10649997 1350002 false 8
nuclearn-round-2025,announced_on,18f7b13134893437461e1bd80b501a2b9e4bd2b0715bcdfdfd63fd314175215f,https://www.sec.gov/Archives/edgar/data/1986230/000198623025000002/primary_doc.xml,,2026-10-05T19:08:21.922368+00:00,disclosed,06b false 2025-07-23 false true false 0 11999999 10649997 1350002 false 8
nuclearn-seed-2023,amount,e3a9ef7371641e84a2e534320e90edc4592e30c7f7a9f0ee5d7c6cdd5ca2935a,https://www.sec.gov/Archives/edgar/data/1986230/000198623023000001/primary_doc.xml,,2026-10-05T19:08:22.447788+00:00,disclosed,false 500000 2500000 2500000 0 false 2 0 0 0 false Nuclearn Inc.
nuclearn-seed-2023,announced_on,e3a9ef7371641e84a2e534320e90edc4592e30c7f7a9f0ee5d7c6cdd5ca2935a,https://www.sec.gov/Archives/edgar/data/1986230/000198623023000001/primary_doc.xml,,2026-10-05T19:08:22.447788+00:00,disclosed,06b false 2023-07-14 false true true Series Seed Preferred Stock
nuclearn-seed-2023,round_label,e3a9ef7371641e84a2e534320e90edc4592e30c7f7a9f0ee5d7c6cdd5ca2935a,https://www.sec.gov/Archives/edgar/data/1986230/000198623023000001/primary_doc.xml,,2026-10-05T19:08:22.447788+00:00,disclosed,Series Seed Preferred Stock and the securities into which such Series Seed Preferred Stock may convert.
nucube-energy-gain-voucher-2024-12,announced_on,0b19b583b8d68dbcf78b655c16c1a329742322ad973b98b0f5e65ab0caed77f0,https://www.energy.gov/ne/articles/gain-vouchers-awarded-advance-recycling-technologies-and-reactor-concepts,,2026-10-05T17:59:28.782046+00:00,disclosed,"Office of Nuclear Energy December 19, 2024"
nucube-energy-gain-voucher-2024-12,round_label,0b19b583b8d68dbcf78b655c16c1a329742322ad973b98b0f5e65ab0caed77f0,https://www.energy.gov/ne/articles/gain-vouchers-awarded-advance-recycling-technologies-and-reactor-concepts,,2026-10-05T17:59:28.782046+00:00,disclosed,announced today that four companies will be provided vouchers to advance nuclear fuel and technologies
nucube-energy-gain-voucher-2024-12,use_of_proceeds,0b19b583b8d68dbcf78b655c16c1a329742322ad973b98b0f5e65ab0caed77f0,https://www.energy.gov/ne/articles/gain-vouchers-awarded-advance-recycling-technologies-and-reactor-concepts,,2026-10-05T17:59:28.782046+00:00,disclosed,"NuCube Energy (Idaho Falls, ID) will team up with Idaho National Laboratory to assess and optimize the performance of a heat exchanger conceptual design"
nucube-energy-gain-voucher-2024-12:doe-gain-infuse,participant,0b19b583b8d68dbcf78b655c16c1a329742322ad973b98b0f5e65ab0caed77f0,https://www.energy.gov/ne/articles/gain-vouchers-awarded-advance-recycling-technologies-and-reactor-concepts,,2026-10-05T17:59:28.782046+00:00,disclosed,The Gateway for Accelerated Innovation in Nuclear (GAIN) announced today that four companies will be provided vouchers
nuscale-atm-2023-08,amount,91782059e3c93166ddcbd424354cb3f7fe0ea39861837f645a9ccac2888ec85c,https://www.sec.gov/Archives/edgar/data/1822966/000182296623000207/smr-20230809.htm,,2026-10-05T18:56:26.357459+00:00,disclosed,"having an aggregate offering price of up to $150,000,000"
nuscale-atm-2023-08,announced_on,91782059e3c93166ddcbd424354cb3f7fe0ea39861837f645a9ccac2888ec85c,https://www.sec.gov/Archives/edgar/data/1822966/000182296623000207/smr-20230809.htm,,2026-10-05T18:56:26.357459+00:00,disclosed,"On August 9, 2023, NuScale Power Corporation"
nuscale-atm-2023-08,round_label,91782059e3c93166ddcbd424354cb3f7fe0ea39861837f645a9ccac2888ec85c,https://www.sec.gov/Archives/edgar/data/1822966/000182296623000207/smr-20230809.htm,,2026-10-05T18:56:26.357459+00:00,disclosed,at-the-market offering program under which the Company may offer and sell
nuscale-atm-2024-11,amount,0a7fd7e03f6aa1a2c4d359325103e5083b279cf27207df0ade723aaaf84689fc,https://www.sec.gov/Archives/edgar/data/1822966/000182296624000148/smr-20241108.htm,,2026-10-05T18:56:25.831976+00:00,disclosed,"having an aggregate offering price of up to $200,000,000"
nuscale-atm-2024-11,announced_on,0a7fd7e03f6aa1a2c4d359325103e5083b279cf27207df0ade723aaaf84689fc,https://www.sec.gov/Archives/edgar/data/1822966/000182296624000148/smr-20241108.htm,,2026-10-05T18:56:25.831976+00:00,disclosed,"On November 8, 2024, NuScale Power Corporation"
nuscale-atm-2024-11,round_label,0a7fd7e03f6aa1a2c4d359325103e5083b279cf27207df0ade723aaaf84689fc,https://www.sec.gov/Archives/edgar/data/1822966/000182296624000148/smr-20241108.htm,,2026-10-05T18:56:25.831976+00:00,disclosed,at-the-market offering program under which the Company may offer and sell
nuscale-atm-2025-08,amount,f7f08176a4994cb7f00a1cfb4d3617585871f3ef9accff0234dd972b7aa66fb5,https://www.sec.gov/Archives/edgar/data/1822966/000110465925075986/tm2522845d4_8k.htm,,2026-10-05T18:56:24.122502+00:00,disclosed,"having an aggregate offering price of up to $500,000,000"
nuscale-atm-2025-08,announced_on,f7f08176a4994cb7f00a1cfb4d3617585871f3ef9accff0234dd972b7aa66fb5,https://www.sec.gov/Archives/edgar/data/1822966/000110465925075986/tm2522845d4_8k.htm,,2026-10-05T18:56:24.122502+00:00,disclosed,"On August 11, 2025, NuScale Power Corporation"
nuscale-atm-2025-08,round_label,f7f08176a4994cb7f00a1cfb4d3617585871f3ef9accff0234dd972b7aa66fb5,https://www.sec.gov/Archives/edgar/data/1822966/000110465925075986/tm2522845d4_8k.htm,,2026-10-05T18:56:24.122502+00:00,disclosed,at-the-market offering program under which the Company may offer and sell
nuscale-atm-2025-11,amount,a4083c44f3a51455c7b702d6554bf5ba8cbcce25a944a959db3fd97486c2dc72,https://www.sec.gov/Archives/edgar/data/1822966/000110465925108186/tm2530019d1_8k.htm,,2026-10-05T18:56:22.548096+00:00,disclosed,"having an aggregate offering price of up to $750,000,000"
nuscale-atm-2025-11,announced_on,a4083c44f3a51455c7b702d6554bf5ba8cbcce25a944a959db3fd97486c2dc72,https://www.sec.gov/Archives/edgar/data/1822966/000110465925108186/tm2530019d1_8k.htm,,2026-10-05T18:56:22.548096+00:00,disclosed,"On November 7, 2025, NuScale Power Corporation"
nuscale-atm-2025-11,round_label,a4083c44f3a51455c7b702d6554bf5ba8cbcce25a944a959db3fd97486c2dc72,https://www.sec.gov/Archives/edgar/data/1822966/000110465925108186/tm2530019d1_8k.htm,,2026-10-05T18:56:22.548096+00:00,disclosed,at-the-market offering program under which the Company may offer and sell
nuscale-atm-2026-02,amount,b5e59338c01a7df7e4e342a6b5ecb5d49c1ba8950c8e3c321378bcc6b4a79ce6,https://www.sec.gov/Archives/edgar/data/1822966/000182296626000019/smr-20260226.htm,,2026-10-05T18:56:21.256029+00:00,disclosed,"having an aggregate offering price of up to $1,000,000,000"
nuscale-atm-2026-02,announced_on,b5e59338c01a7df7e4e342a6b5ecb5d49c1ba8950c8e3c321378bcc6b4a79ce6,https://www.sec.gov/Archives/edgar/data/1822966/000182296626000019/smr-20260226.htm,,2026-10-05T18:56:21.256029+00:00,disclosed,"On February 26, 2026, NuScale Power Corporation"
nuscale-atm-2026-02,round_label,b5e59338c01a7df7e4e342a6b5ecb5d49c1ba8950c8e3c321378bcc6b4a79ce6,https://www.sec.gov/Archives/edgar/data/1822966/000182296626000019/smr-20260226.htm,,2026-10-05T18:56:21.256029+00:00,disclosed,at-the-market offering program under which the Company may offer and sell
nuscale-atm-2026-08,amount,0b1a6ba635a255a74fabcc187768981a683069ecdddd0ce2188df4091ed7e93e,https://www.sec.gov/Archives/edgar/data/1822966/000110465926094073/tm2622138d2_8k.htm,,2026-10-05T18:56:19.707935+00:00,disclosed,"having an aggregate offering price of up to $750,000,000"
nuscale-atm-2026-08,announced_on,0b1a6ba635a255a74fabcc187768981a683069ecdddd0ce2188df4091ed7e93e,https://www.sec.gov/Archives/edgar/data/1822966/000110465926094073/tm2622138d2_8k.htm,,2026-10-05T18:56:19.707935+00:00,disclosed,"On August 11, 2026, NuScale Power Corporation"
nuscale-atm-2026-08,round_label,0b1a6ba635a255a74fabcc187768981a683069ecdddd0ce2188df4091ed7e93e,https://www.sec.gov/Archives/edgar/data/1822966/000110465926094073/tm2622138d2_8k.htm,,2026-10-05T18:56:19.707935+00:00,disclosed,at-the-market offering program under which the Company may offer and sell
nuscale-atm-sales-2026-02-programme,amount,c769111f729cb784122cadaa800adf0f17ed062aa85940d5c2f99fbd89ccd316,https://www.sec.gov/Archives/edgar/data/1822966/000110465926094065/tm2622138-1_424b5.htm,,2026-10-05T18:56:20.471928+00:00,disclosed,"We have completed sales of all shares of Class A Common Stock available under our prior “at the market offering” program pursuant to our sales agreement, dated as of February 26, 2026"
nuscale-atm-sales-2026-02-programme,amount,b5e59338c01a7df7e4e342a6b5ecb5d49c1ba8950c8e3c321378bcc6b4a79ce6,https://www.sec.gov/Archives/edgar/data/1822966/000182296626000019/smr-20260226.htm,,2026-10-05T18:56:21.256029+00:00,disclosed,"having an aggregate offering price of up to $1,000,000,000"
nuscale-atm-sales-2026-02-programme,announced_on,0b1a6ba635a255a74fabcc187768981a683069ecdddd0ce2188df4091ed7e93e,https://www.sec.gov/Archives/edgar/data/1822966/000110465926094073/tm2622138d2_8k.htm,,2026-10-05T18:56:19.707935+00:00,disclosed,"On August 11, 2026, NuScale Power Corporation"
nuscale-atm-sales-fy2023,amount,7ba03297d6fada5caff9ffcdfb1e26749c2e70ae035fd7c955a6e7c3596552ba,https://www.sec.gov/Archives/edgar/data/1822966/000182296624000039/smr-20231231.htm,,2026-10-05T20:31:26.296643+00:00,disclosed,"generating gross and net proceeds of $10.4 million and $9.8 million, respectively"
nuscale-atm-sales-fy2023,announced_on,7ba03297d6fada5caff9ffcdfb1e26749c2e70ae035fd7c955a6e7c3596552ba,https://www.sec.gov/Archives/edgar/data/1822966/000182296624000039/smr-20231231.htm,,2026-10-05T20:31:26.296643+00:00,disclosed,"By: /s/ John Hopkins March 15, 2024"
nuscale-atm-sales-fy2023,round_label,7ba03297d6fada5caff9ffcdfb1e26749c2e70ae035fd7c955a6e7c3596552ba,https://www.sec.gov/Archives/edgar/data/1822966/000182296624000039/smr-20231231.htm,,2026-10-05T20:31:26.296643+00:00,disclosed,"During the year ended December 31, 2023 , the Company issued and sold 1,737,378 shares of Class A common stock"
nuscale-atm-sales-fy2024-nov2024-programme,amount,927f7c3aab02f3a281d4f5c4989c3605698e691fb888f6487cd196c180257f44,https://www.sec.gov/Archives/edgar/data/1822966/000182296625000024/smr-20241231.htm,,2026-10-05T20:31:27.296715+00:00,disclosed,"the Company issued and sold 3,264,524 shares of Class A common stock for the gross and net proceeds of $71.2 million and $69.2 million, respectively"
nuscale-atm-sales-fy2024-nov2024-programme,announced_on,927f7c3aab02f3a281d4f5c4989c3605698e691fb888f6487cd196c180257f44,https://www.sec.gov/Archives/edgar/data/1822966/000182296625000024/smr-20241231.htm,,2026-10-05T20:31:27.296715+00:00,disclosed,"By: /s/ John Hopkins March 3, 2025"
nuscale-atm-sales-fy2024-nov2024-programme,round_label,927f7c3aab02f3a281d4f5c4989c3605698e691fb888f6487cd196c180257f44,https://www.sec.gov/Archives/edgar/data/1822966/000182296625000024/smr-20241231.htm,,2026-10-05T20:31:27.296715+00:00,disclosed,"having an aggregate sales price of up to $200,000,000 (“Current ATM Program”)"
nuscale-atm-sales-fy2024-prior-programme,amount,927f7c3aab02f3a281d4f5c4989c3605698e691fb888f6487cd196c180257f44,https://www.sec.gov/Archives/edgar/data/1822966/000182296625000024/smr-20241231.htm,,2026-10-05T20:31:27.296715+00:00,disclosed,"for the gross and net proceeds of $139.0 million and $135.5 million, respectively, fully utilizing the Prior ATM Program"
nuscale-atm-sales-fy2024-prior-programme,announced_on,927f7c3aab02f3a281d4f5c4989c3605698e691fb888f6487cd196c180257f44,https://www.sec.gov/Archives/edgar/data/1822966/000182296625000024/smr-20241231.htm,,2026-10-05T20:31:27.296715+00:00,disclosed,"By: /s/ John Hopkins March 3, 2025"
nuscale-atm-sales-fy2024-prior-programme,round_label,927f7c3aab02f3a281d4f5c4989c3605698e691fb888f6487cd196c180257f44,https://www.sec.gov/Archives/edgar/data/1822966/000182296625000024/smr-20241231.htm,,2026-10-05T20:31:27.296715+00:00,disclosed,"the Company issued and sold 18,262,622 shares of Class A common stock"
nuscale-atm-sales-fy2025,amount,6440cbfa2ad1b016ab8193caea509efe1105b39216e3596a3e2f837c27d4c303,https://www.sec.gov/Archives/edgar/data/1822966/000182296626000018/smr-20251231.htm,,2026-10-05T18:57:57.580506+00:00,disclosed,"the Company issued and sold 57,112,216 shares of Class A common stock for the gross and net proceeds of $1,327.6 million and $1,299.7 million, respectively"
nuscale-atm-sales-fy2025,announced_on,6440cbfa2ad1b016ab8193caea509efe1105b39216e3596a3e2f837c27d4c303,https://www.sec.gov/Archives/edgar/data/1822966/000182296626000018/smr-20251231.htm,,2026-10-05T18:57:57.580506+00:00,disclosed,"our report dated February 26, 2026 expressed an unqualified opinion thereon"
nuscale-atm-sales-fy2025,round_label,6440cbfa2ad1b016ab8193caea509efe1105b39216e3596a3e2f837c27d4c303,https://www.sec.gov/Archives/edgar/data/1822966/000182296626000018/smr-20251231.htm,,2026-10-05T18:57:57.580506+00:00,disclosed,"associated with the Q4 2025 ATM Program, Q3 2025 ATM Program and 2024 ATM Program"
nuscale-cfpp-doe-tri-party-llm-2025,agreement,ef8d200746400df1c32c8196c3dd8d5554c90ad1d8cfe8881cfa2cb05df0a674,https://www.sec.gov/Archives/edgar/data/1822966/000182296625000146/smr-20250922.htm,,2026-10-05T18:56:30.210588+00:00,disclosed,"NuScale will acquire all of CFPP’s right, title and interests in and to certain long lead time materials"
nuscale-cfpp-doe-tri-party-llm-2025,announced_on,ef8d200746400df1c32c8196c3dd8d5554c90ad1d8cfe8881cfa2cb05df0a674,https://www.sec.gov/Archives/edgar/data/1822966/000182296625000146/smr-20250922.htm,,2026-10-05T18:56:30.210588+00:00,disclosed,"On September 22, 2025, NuScale Power, LLC"
nuscale-cfpp-doe-tri-party-llm-2025,value,ef8d200746400df1c32c8196c3dd8d5554c90ad1d8cfe8881cfa2cb05df0a674,https://www.sec.gov/Archives/edgar/data/1822966/000182296625000146/smr-20250922.htm,,2026-10-05T18:56:30.210588+00:00,disclosed,"for total consideration of $32,322,870.89"
nuscale-cfpp-release-agreement-2023,agreement,6440cbfa2ad1b016ab8193caea509efe1105b39216e3596a3e2f837c27d4c303,https://www.sec.gov/Archives/edgar/data/1822966/000182296626000018/smr-20251231.htm,,2026-10-05T18:57:57.580506+00:00,disclosed,"Confidential Settlement and Release Agreement, dated November 7, 2023, entered into between NuScale Power, LLC and CFPP LLC"
nuscale-doe-cumulative-10k-2026,amount,6440cbfa2ad1b016ab8193caea509efe1105b39216e3596a3e2f837c27d4c303,https://www.sec.gov/Archives/edgar/data/1822966/000182296626000018/smr-20251231.htm,,2026-10-05T18:57:57.580506+00:00,disclosed,including more than $578.3 million from DOE under a series of cost-share programs
nuscale-doe-cumulative-10k-2026,announced_on,6440cbfa2ad1b016ab8193caea509efe1105b39216e3596a3e2f837c27d4c303,https://www.sec.gov/Archives/edgar/data/1822966/000182296626000018/smr-20251231.htm,,2026-10-05T18:57:57.580506+00:00,disclosed,"our report dated February 26, 2026 expressed an unqualified opinion thereon"
nuscale-doe-cumulative-10k-2026:doe-ne,participant,6440cbfa2ad1b016ab8193caea509efe1105b39216e3596a3e2f837c27d4c303,https://www.sec.gov/Archives/edgar/data/1822966/000182296626000018/smr-20251231.htm,,2026-10-05T18:57:57.580506+00:00,disclosed,including more than $578.3 million from DOE under a series of cost-share programs
nuscale-doe-de-ne0000633-usaspending,amount,45b047af1cbf0a8dcaa8e6e619316fd006fa867c2340c18a7bbb2ecef244120f,https://api.usaspending.gov/api/v2/awards/ASST_NON_DENE0000633_089/,,2026-10-05T18:55:28.155190+00:00,disclosed,"""total_obligation"":224479988.42"
nuscale-doe-de-ne0000633-usaspending,announced_on,45b047af1cbf0a8dcaa8e6e619316fd006fa867c2340c18a7bbb2ecef244120f,https://api.usaspending.gov/api/v2/awards/ASST_NON_DENE0000633_089/,,2026-10-05T18:55:28.155190+00:00,disclosed,"""date_signed"":""2014-05-27"""
nuscale-doe-de-ne0000633-usaspending,recipient,45b047af1cbf0a8dcaa8e6e619316fd006fa867c2340c18a7bbb2ecef244120f,https://api.usaspending.gov/api/v2/awards/ASST_NON_DENE0000633_089/,,2026-10-05T18:55:28.155190+00:00,disclosed,"""recipient_name"":""NUSCALE POWER LLC"""
nuscale-doe-de-ne0000633-usaspending:doe-ne,participant,45b047af1cbf0a8dcaa8e6e619316fd006fa867c2340c18a7bbb2ecef244120f,https://api.usaspending.gov/api/v2/awards/ASST_NON_DENE0000633_089/,,2026-10-05T18:55:28.155190+00:00,disclosed,"""office_agency_name"":""NUCLEAR ENERGY"""
nuscale-doe-de-ne0008369-usaspending,amount,4ea0f392002b68c620925bdd321dc734cedc59cb82f46378cbd79f593d259a6c,https://api.usaspending.gov/api/v2/awards/ASST_NON_DENE0008369_089/,,2026-10-05T18:55:23.812543+00:00,disclosed,"""total_obligation"":7521554.69"
nuscale-doe-de-ne0008369-usaspending,announced_on,4ea0f392002b68c620925bdd321dc734cedc59cb82f46378cbd79f593d259a6c,https://api.usaspending.gov/api/v2/awards/ASST_NON_DENE0008369_089/,,2026-10-05T18:55:23.812543+00:00,disclosed,"""date_signed"":""2015-08-11"""
nuscale-doe-de-ne0008369-usaspending,disbursed,4ea0f392002b68c620925bdd321dc734cedc59cb82f46378cbd79f593d259a6c,https://api.usaspending.gov/api/v2/awards/ASST_NON_DENE0008369_089/,,2026-10-05T18:55:23.812543+00:00,disclosed,"""total_account_outlay"":1324817.88"
nuscale-doe-de-ne0008369-usaspending,disbursed,3f081a0a2df71e14a8f278550c993446a0ab1d672d215033e82e754bc17cdb2c,https://api.usaspending.gov/api/v2/search/spending_by_award/,,2026-10-05T19:12:46.751676+00:00,disclosed,"""Award ID"": ""DENE0008369"", ""Recipient Name"": ""NUSCALE POWER LLC"", ""Recipient UEI"": ""PNKLRKV4CNX3"", ""Award Amount"": 7521554.69, ""Total Outlays"": 1324817.88"
nuscale-doe-de-ne0008369-usaspending,recipient,4ea0f392002b68c620925bdd321dc734cedc59cb82f46378cbd79f593d259a6c,https://api.usaspending.gov/api/v2/awards/ASST_NON_DENE0008369_089/,,2026-10-05T18:55:23.812543+00:00,disclosed,"""recipient_name"":""NUSCALE POWER LLC"""
nuscale-doe-de-ne0008369-usaspending:doe-ne,participant,4ea0f392002b68c620925bdd321dc734cedc59cb82f46378cbd79f593d259a6c,https://api.usaspending.gov/api/v2/awards/ASST_NON_DENE0008369_089/,,2026-10-05T18:55:23.812543+00:00,disclosed,"""office_agency_name"":""NUCLEAR ENERGY"""
nuscale-doe-de-ne0008742-usaspending,amount,44319b8c0b561dc373aaf04f0f4d11745f327fbd71db30df97d0879ebd378ab2,https://api.usaspending.gov/api/v2/awards/ASST_NON_DENE0008742_089/,,2026-10-05T18:55:22.047629+00:00,disclosed,"""total_obligation"":48000000.0"
nuscale-doe-de-ne0008742-usaspending,announced_on,44319b8c0b561dc373aaf04f0f4d11745f327fbd71db30df97d0879ebd378ab2,https://api.usaspending.gov/api/v2/awards/ASST_NON_DENE0008742_089/,,2026-10-05T18:55:22.047629+00:00,disclosed,"""date_signed"":""2018-08-30"""
nuscale-doe-de-ne0008742-usaspending,recipient,44319b8c0b561dc373aaf04f0f4d11745f327fbd71db30df97d0879ebd378ab2,https://api.usaspending.gov/api/v2/awards/ASST_NON_DENE0008742_089/,,2026-10-05T18:55:22.047629+00:00,disclosed,"""recipient_name"":""NUSCALE POWER LLC"""
nuscale-doe-de-ne0008742-usaspending:doe-ne,participant,44319b8c0b561dc373aaf04f0f4d11745f327fbd71db30df97d0879ebd378ab2,https://api.usaspending.gov/api/v2/awards/ASST_NON_DENE0008742_089/,,2026-10-05T18:55:22.047629+00:00,disclosed,"""office_agency_name"":""NUCLEAR ENERGY"""
nuscale-doe-de-ne0008820-usaspending,amount,e4ef9c3e922175246dc30cbd98fabe75f56cd4535945ca4c3142689de54bb2a3,https://api.usaspending.gov/api/v2/awards/ASST_NON_DENE0008820_089/,,2026-10-05T18:55:20.173385+00:00,disclosed,"""total_obligation"":43200000.0"
nuscale-doe-de-ne0008820-usaspending,announced_on,e4ef9c3e922175246dc30cbd98fabe75f56cd4535945ca4c3142689de54bb2a3,https://api.usaspending.gov/api/v2/awards/ASST_NON_DENE0008820_089/,,2026-10-05T18:55:20.173385+00:00,disclosed,"""date_signed"":""2018-09-26"""
nuscale-doe-de-ne0008820-usaspending,disbursed,e4ef9c3e922175246dc30cbd98fabe75f56cd4535945ca4c3142689de54bb2a3,https://api.usaspending.gov/api/v2/awards/ASST_NON_DENE0008820_089/,,2026-10-05T18:55:20.173385+00:00,disclosed,"""total_account_outlay"":11499700.61"
nuscale-doe-de-ne0008820-usaspending,disbursed,3f081a0a2df71e14a8f278550c993446a0ab1d672d215033e82e754bc17cdb2c,https://api.usaspending.gov/api/v2/search/spending_by_award/,,2026-10-05T19:12:46.751676+00:00,disclosed,"""Award ID"": ""DENE0008820"", ""Recipient Name"": ""NUSCALE POWER LLC"", ""Recipient UEI"": ""PNKLRKV4CNX3"", ""Award Amount"": 43200000.0, ""Total Outlays"": 11499700.61"
nuscale-doe-de-ne0008820-usaspending,recipient,e4ef9c3e922175246dc30cbd98fabe75f56cd4535945ca4c3142689de54bb2a3,https://api.usaspending.gov/api/v2/awards/ASST_NON_DENE0008820_089/,,2026-10-05T18:55:20.173385+00:00,disclosed,"""recipient_name"":""NUSCALE POWER LLC"""
nuscale-doe-de-ne0008820-usaspending:doe-ne,participant,e4ef9c3e922175246dc30cbd98fabe75f56cd4535945ca4c3142689de54bb2a3,https://api.usaspending.gov/api/v2/awards/ASST_NON_DENE0008820_089/,,2026-10-05T18:55:20.173385+00:00,disclosed,"""office_agency_name"":""NUCLEAR ENERGY"""
nuscale-doe-de-ne0008928-usaspending,amount,1ffddc21db76771e0b4d1066699e2ffb31a9ffe6ae93824567c155b5d74ab797,https://api.usaspending.gov/api/v2/awards/ASST_NON_DENE0008928_089/,,2026-10-05T18:55:18.382166+00:00,disclosed,"""total_obligation"":262655693.0"
nuscale-doe-de-ne0008928-usaspending,announced_on,1ffddc21db76771e0b4d1066699e2ffb31a9ffe6ae93824567c155b5d74ab797,https://api.usaspending.gov/api/v2/awards/ASST_NON_DENE0008928_089/,,2026-10-05T18:55:18.382166+00:00,disclosed,"""date_signed"":""2020-02-04"""
nuscale-doe-de-ne0008928-usaspending,cost_share_recipient,1ffddc21db76771e0b4d1066699e2ffb31a9ffe6ae93824567c155b5d74ab797,https://api.usaspending.gov/api/v2/awards/ASST_NON_DENE0008928_089/,,2026-10-05T18:55:18.382166+00:00,disclosed,"""non_federal_funding"":394599405.0"
nuscale-doe-de-ne0008928-usaspending,disbursed,1ffddc21db76771e0b4d1066699e2ffb31a9ffe6ae93824567c155b5d74ab797,https://api.usaspending.gov/api/v2/awards/ASST_NON_DENE0008928_089/,,2026-10-05T18:55:18.382166+00:00,disclosed,"""total_account_outlay"":207665406.92"
nuscale-doe-de-ne0008928-usaspending,disbursed,3f081a0a2df71e14a8f278550c993446a0ab1d672d215033e82e754bc17cdb2c,https://api.usaspending.gov/api/v2/search/spending_by_award/,,2026-10-05T19:12:46.751676+00:00,disclosed,"""Award ID"": ""DENE0008928"", ""Recipient Name"": ""NUSCALE POWER LLC"", ""Recipient UEI"": ""PNKLRKV4CNX3"", ""Award Amount"": 262655693.0, ""Total Outlays"": 207665406.92"
nuscale-doe-de-ne0008928-usaspending,recipient,1ffddc21db76771e0b4d1066699e2ffb31a9ffe6ae93824567c155b5d74ab797,https://api.usaspending.gov/api/v2/awards/ASST_NON_DENE0008928_089/,,2026-10-05T18:55:18.382166+00:00,disclosed,"""recipient_name"":""NUSCALE POWER LLC"""
nuscale-doe-de-ne0008928-usaspending:doe-ne,participant,1ffddc21db76771e0b4d1066699e2ffb31a9ffe6ae93824567c155b5d74ab797,https://api.usaspending.gov/api/v2/awards/ASST_NON_DENE0008928_089/,,2026-10-05T18:55:18.382166+00:00,disclosed,"""office_agency_name"":""NUCLEAR ENERGY"""
nuscale-doosan-llm-task-order-2024,agreement,db7702917bc053cb4b45f0592fd5fc514bbc439d75358dbad9826cc90eb81588,https://www.sec.gov/Archives/edgar/data/1822966/000182296624000158/smr-20241220.htm,,2026-10-05T18:57:15.286229+00:00,disclosed,Doosan will provide LLM for 6 URPVs
nuscale-doosan-llm-task-order-2024,announced_on,db7702917bc053cb4b45f0592fd5fc514bbc439d75358dbad9826cc90eb81588,https://www.sec.gov/Archives/edgar/data/1822966/000182296624000158/smr-20241220.htm,,2026-10-05T18:57:15.286229+00:00,disclosed,"On December 20, 2024, NuScale Power, LLC"
nuscale-entra1-pma-2025,agreement,2eafea0707f083eaa9bb8f388f8f36b9a4af1e373837fba8951227939d503d44,https://www.sec.gov/Archives/edgar/data/1822966/000182296625000144/smr-20250827.htm,,2026-10-05T18:56:29.514268+00:00,disclosed,providing NuScale’s SMR technology equipment as a key supplier for future ENTRA1 energy projects
nuscale-entra1-pma-2025,announced_on,2eafea0707f083eaa9bb8f388f8f36b9a4af1e373837fba8951227939d503d44,https://www.sec.gov/Archives/edgar/data/1822966/000182296625000144/smr-20250827.htm,,2026-10-05T18:56:29.514268+00:00,disclosed,"On and effective August 27, 2025, NuScale Power, LLC"
nuscale-entra1-pma-2025,value,2eafea0707f083eaa9bb8f388f8f36b9a4af1e373837fba8951227939d503d44,https://www.sec.gov/Archives/edgar/data/1822966/000182296625000144/smr-20250827.htm,,2026-10-05T18:56:29.514268+00:00,disclosed,"contribution amount in the range of USD$35,000,000 to USD$55,000,000"
nuscale-entra1-tva-2025-non-binding,agreement,6440cbfa2ad1b016ab8193caea509efe1105b39216e3596a3e2f837c27d4c303,https://www.sec.gov/Archives/edgar/data/1822966/000182296626000018/smr-20251231.htm,,2026-10-05T18:57:57.580506+00:00,disclosed,announced the signing of a non-binding agreement under which ENTRA1 and TVA will collaborate to develop plants to provide TVA with up to 6 gigawatts of new nuclear power generation
nuscale-entra1-tva-2025-non-binding,announced_on,6440cbfa2ad1b016ab8193caea509efe1105b39216e3596a3e2f837c27d4c303,https://www.sec.gov/Archives/edgar/data/1822966/000182296626000018/smr-20251231.htm,,2026-10-05T18:57:57.580506+00:00,disclosed,"On September 2, 2025, the Tennessee Valley Authority"
nuscale-fluor-convertible-notes-2011,amount,135e0f3643378eef74658cd5049a1bb68b9e88b0a7c68f304d225b5d32ff4433,https://www.sec.gov/Archives/edgar/data/1822966/000110465921149612/tm2135348d1_8k.htm,,2026-10-05T18:56:27.710197+00:00,disclosed,"on September 30, 2011 with an aggregate principal balance of approximately $10,281,427"
nuscale-fluor-convertible-notes-2011,announced_on,135e0f3643378eef74658cd5049a1bb68b9e88b0a7c68f304d225b5d32ff4433,https://www.sec.gov/Archives/edgar/data/1822966/000110465921149612/tm2135348d1_8k.htm,,2026-10-05T18:56:27.710197+00:00,disclosed,"on September 30, 2011 with an aggregate principal balance of approximately $10,281,427"
nuscale-fluor-convertible-notes-2011:fluor-enterprises,participant,135e0f3643378eef74658cd5049a1bb68b9e88b0a7c68f304d225b5d32ff4433,https://www.sec.gov/Archives/edgar/data/1822966/000110465921149612/tm2135348d1_8k.htm,,2026-10-05T18:56:27.710197+00:00,disclosed,"convertible notes issued by NuScale in favor of Fluor Enterprises, Inc."
nuscale-fluor-ropower-feed-task-order-2024,agreement,98d6599840d29bf752274c29b6a6a4129ac9d475fe540d06e29b1183df284005,https://www.sec.gov/Archives/edgar/data/1822966/000182296624000136/smr-20241009.htm,,2026-10-05T18:57:14.367679+00:00,disclosed,NuScale Power OVS will provide certain Front-End Engineering and Design (FEED) Services for the RoPower Nuclear S.A. Doicesti project in Romania
nuscale-fluor-ropower-feed-task-order-2024,announced_on,98d6599840d29bf752274c29b6a6a4129ac9d475fe540d06e29b1183df284005,https://www.sec.gov/Archives/edgar/data/1822966/000182296624000136/smr-20241009.htm,,2026-10-05T18:57:14.367679+00:00,disclosed,"On October 3, 2024, NuScale Power OVS, LLC"
nuscale-pipe-2022-05,amount,2a1a935ca13d744fa9a25726a7d02f0e117675ede8f493c676c55d989952a287,https://www.sec.gov/Archives/edgar/data/1822966/000110465922056493/tm2213736d7_8k.htm,,2026-10-05T18:56:27.071828+00:00,disclosed,"for an aggregate commitment amount of $235,000,000"
nuscale-pipe-2022-05,announced_on,135e0f3643378eef74658cd5049a1bb68b9e88b0a7c68f304d225b5d32ff4433,https://www.sec.gov/Archives/edgar/data/1822966/000110465921149612/tm2135348d1_8k.htm,,2026-10-05T18:56:27.710197+00:00,disclosed,"On December 13, 2021, Spring Valley Acquisition Corp., a Cayman Islands exempted company"
nuscale-pipe-2022-05,closed_on,2a1a935ca13d744fa9a25726a7d02f0e117675ede8f493c676c55d989952a287,https://www.sec.gov/Archives/edgar/data/1822966/000110465922056493/tm2213736d7_8k.htm,,2026-10-05T18:56:27.071828+00:00,disclosed,The PIPE Investment was consummated substantially concurrently with the Closing
nuscale-pipe-2022-05:ds-private-equity,participant,2a1a935ca13d744fa9a25726a7d02f0e117675ede8f493c676c55d989952a287,https://www.sec.gov/Archives/edgar/data/1822966/000110465922056493/tm2213736d7_8k.htm,,2026-10-05T18:56:27.071828+00:00,disclosed,"Includes 8,000,000 shares of NuScale Class A Common Stock purchased by DS Private Equity Co., Ltd."
nuscale-pipe-2022-05:green-energy-new-technology-investment-fund,participant,2a1a935ca13d744fa9a25726a7d02f0e117675ede8f493c676c55d989952a287,https://www.sec.gov/Archives/edgar/data/1822966/000110465922056493/tm2213736d7_8k.htm,,2026-10-05T18:56:27.071828+00:00,disclosed,"Includes 5,000,000 shares of NuScale Class A Common Stock purchased by Green Energy New Technology Investment Fund"
nuscale-pipe-2022-05:samsung-ct,participant,2a1a935ca13d744fa9a25726a7d02f0e117675ede8f493c676c55d989952a287,https://www.sec.gov/Archives/edgar/data/1822966/000110465922056493/tm2213736d7_8k.htm,,2026-10-05T18:56:27.071828+00:00,disclosed,"Includes 5,200,002 shares of NuScale Class A Common Stock purchased by Samsung C&T"
nuscale-spac-closing-2022-05,amount,2a1a935ca13d744fa9a25726a7d02f0e117675ede8f493c676c55d989952a287,https://www.sec.gov/Archives/edgar/data/1822966/000110465922056493/tm2213736d7_8k.htm,,2026-10-05T18:56:27.071828+00:00,disclosed,"NuScale contributed $145,497,965 in gross proceeds to NuScale LLC"
nuscale-spac-closing-2022-05,announced_on,2a1a935ca13d744fa9a25726a7d02f0e117675ede8f493c676c55d989952a287,https://www.sec.gov/Archives/edgar/data/1822966/000110465922056493/tm2213736d7_8k.htm,,2026-10-05T18:56:27.071828+00:00,disclosed,"On May 2, 2022, NuScale issued a press release announcing the Closing"
nuscale-spac-closing-2022-05,closed_on,2a1a935ca13d744fa9a25726a7d02f0e117675ede8f493c676c55d989952a287,https://www.sec.gov/Archives/edgar/data/1822966/000110465922056493/tm2213736d7_8k.htm,,2026-10-05T18:56:27.071828+00:00,disclosed,NuScale and NuScale LLC consummated the business combination contemplated by the Merger Agreement
nuscale-spring-valley-ipo-2020-11,amount,c2e8012a1717deb386048a21be555b15020460fde03abee5701473d3263466cf,https://www.sec.gov/Archives/edgar/data/1822966/000110465920130442/tm2029458d17_8k.htm,,2026-10-05T18:57:12.961562+00:00,disclosed,"generating gross proceeds of $230,000,000"
nuscale-spring-valley-ipo-2020-11,announced_on,c2e8012a1717deb386048a21be555b15020460fde03abee5701473d3263466cf,https://www.sec.gov/Archives/edgar/data/1822966/000110465920130442/tm2029458d17_8k.htm,,2026-10-05T18:57:12.961562+00:00,disclosed,"On November 27, 2020, the Company consummated the IPO of 23,000,000 units"
nuscale-total-invested-10k-2026,amount,6440cbfa2ad1b016ab8193caea509efe1105b39216e3596a3e2f837c27d4c303,https://www.sec.gov/Archives/edgar/data/1822966/000182296626000018/smr-20251231.htm,,2026-10-05T18:57:57.580506+00:00,disclosed,"Since 2007, over $1.8 billion has been invested in the development of NuScale technology"
nuscale-total-invested-10k-2026,announced_on,6440cbfa2ad1b016ab8193caea509efe1105b39216e3596a3e2f837c27d4c303,https://www.sec.gov/Archives/edgar/data/1822966/000182296626000018/smr-20251231.htm,,2026-10-05T18:57:57.580506+00:00,disclosed,"our report dated February 26, 2026 expressed an unqualified opinion thereon"
oklo-centrus-haleu-loi-2026,agreement,f52b67a6e20fb14cd52eb0f7c2626a629fd246f65449c7e0d89b4f0e5c7f5aec,https://www.sec.gov/Archives/edgar/data/1849056/000162828026054571/oklo-20260630.htm,,2026-10-05T18:53:14.647080+00:00,disclosed,"we entered into a letter of intent with Centrus Energy Corp. (""Centrus"") under which Centrus would supply sufficient domestically produced HALEU to support multiple years of fuel requirements for up to five Aurora powerhouses"
oklo-centrus-haleu-loi-2026,announced_on,f52b67a6e20fb14cd52eb0f7c2626a629fd246f65449c7e0d89b4f0e5c7f5aec,https://www.sec.gov/Archives/edgar/data/1849056/000162828026054571/oklo-20260630.htm,,2026-10-05T18:53:14.647080+00:00,disclosed,"Oklo Inc. (Registrant) Date: August 7, 2026"
oklo-spac-merger-2024,amount,b102927bb4983e092b60728911bf3d111aaa04782aff97cd2e504e29e08db2c5,https://www.sec.gov/Archives/edgar/data/1849056/000110465924052980/tm2324337-23_424b3.htm,,2026-10-05T17:54:33.441542+00:00,disclosed,there was approximately $305.1 million held in the trust account
oklo-spac-merger-2024,announced_on,16394f5757f92c972ffbef39fd13f9f75757dc7c136c95cb613fd0e8cb2109e0,https://www.sec.gov/Archives/edgar/data/1849056/000110465923079837/tm2320952d1_8k.htm,,2026-10-05T17:54:34.256499+00:00,disclosed,"On July 11, 2023, AltC Acquisition Corp. (“ AltC ”) entered into an Agreement and Plan of Merger and Reorganization"
oklo-spac-merger-2024,closed_on,f2e3c806520a67e3dff420d554a67639eb6f3ffc06a3507c9b54646064a6fe59,https://www.sec.gov/Archives/edgar/data/1849056/000110465924060634/tm2414092d1_8k.htm,,2026-10-05T18:50:22.403174+00:00,disclosed,"on May 9, 2024 (the “Closing Date”) the Business Combination was consummated"
oklo-spac-merger-2024,round_label,16394f5757f92c972ffbef39fd13f9f75757dc7c136c95cb613fd0e8cb2109e0,https://www.sec.gov/Archives/edgar/data/1849056/000110465923079837/tm2320952d1_8k.htm,,2026-10-05T17:54:34.256499+00:00,disclosed,"will be equal to (a) $850,000,000 plus, (b) an amount equal to the net proceeds raised by the Company"
one-nuclear-hvii-bridge-note-2025,amount,d9189515128a53bc91b96298fa6bc74ef94f74f624f89bcdb803e5ccbd5dcc4a,https://www.sec.gov/Archives/edgar/data/1846416/000149315226036762/form8-k.htm,,2026-10-05T18:57:15.036598+00:00,disclosed,"for loan advances up to an aggregate principal amount of $300,000"
one-nuclear-hvii-bridge-note-2025,announced_on,d9189515128a53bc91b96298fa6bc74ef94f74f624f89bcdb803e5ccbd5dcc4a,https://www.sec.gov/Archives/edgar/data/1846416/000149315226036762/form8-k.htm,,2026-10-05T18:57:15.036598+00:00,disclosed,"on December 19, 2025, ONE Nuclear issued a promissory note"
one-nuclear-hvii-bridge-note-2025:hennessy-capital-investment-corp-vii,participant,d9189515128a53bc91b96298fa6bc74ef94f74f624f89bcdb803e5ccbd5dcc4a,https://www.sec.gov/Archives/edgar/data/1846416/000149315226036762/form8-k.htm,,2026-10-05T18:57:15.036598+00:00,disclosed,"a promissory note (as amended on March 31, 2026, the “Promissory Note”) to HVII"
one-nuclear-spac-hvii-2026,announced_on,8b14fd4f9abec67561ed0fc912d6666b17d151ec8524d0aad307f23a9fe8cc22,https://www.sec.gov/Archives/edgar/data/1846416/000149315225019001/form8-k.htm,,2026-10-05T18:57:16.880567+00:00,disclosed,"On October 22, 2025, Hennessy Capital Investment Corp. VII"
one-nuclear-spac-hvii-2026,closed_on,c608c8b0d0853cbccad8ff7cd0c07c41c252b68db18fe3937e20d93fc1f676c4,https://www.sec.gov/Archives/edgar/data/1846416/000149315226044924/form8-k.htm,,2026-10-05T18:57:13.726287+00:00,disclosed,"On September 23, 2026 (the “Closing Date”), the registrant consummated the previously announced transactions"
openstar-2025-10-seed-soul-capital,announced_on,4952bd6cf3b99c67ed66b266b44078768a06cbd641bba75d3bffdc3b1cc563fd,https://www.soul.capital/openstar,,2026-10-05T18:51:08.565063+00:00,reported,Date Invested: October 2025 (Seed)
openstar-2025-10-seed-soul-capital,round_label,4952bd6cf3b99c67ed66b266b44078768a06cbd641bba75d3bffdc3b1cc563fd,https://www.soul.capital/openstar,,2026-10-05T18:51:08.565063+00:00,reported,Instrument: Equity Investment
openstar-2025-10-seed-soul-capital:soul-capital,participant,4952bd6cf3b99c67ed66b266b44078768a06cbd641bba75d3bffdc3b1cc563fd,https://www.soul.capital/openstar,,2026-10-05T18:51:08.565063+00:00,reported,Fund: Te Pae ki te Rangi Date Invested: October 2025 (Seed)
openstar-2025-kyoto-fusioneering-mou,agreement,dfcdf56c2449882feb4c6ea3e986f45113643be90be9df99998d7215d5bdaaa7,https://kyotofusioneering.com/en/news/2025/06/30/3240,,2026-10-05T18:51:22.404885+00:00,disclosed,Kyoto Fusioneering and OpenStar have entered into a Memorandum of Understanding (MOU)
openstar-2026-02-rif-loan,amount,cca5d77804ca499b2768a315ec2f890e421a7e27c3a2dd0398363d73e34ab25e,https://www.nucnet.org/news/new-zealand-joins-global-fusion-race-with-usd21-million-investment-in-openstar-2-3-2026,,2026-10-05T18:51:09.412186+00:00,reported,The government of New Zealand is investing up to NZD35m
openstar-2026-02-rif-loan,announced_on,cca5d77804ca499b2768a315ec2f890e421a7e27c3a2dd0398363d73e34ab25e,https://www.nucnet.org/news/new-zealand-joins-global-fusion-race-with-usd21-million-investment-in-openstar-2-3-2026,,2026-10-05T18:51:09.412186+00:00,reported,By David Dalton • 4 February 2026
openstar-2026-02-rif-loan,round_label,5ee1751030eaff5dcbe6bed6b127b80cd1f74b66e403bc1c54e5bd17f77f11ad,https://www.devdiscourse.com/article/law-order/3792830-35m-boost-puts-new-zealand-on-global-map-for-fusion-energy-research,,2026-10-05T18:51:11.614094+00:00,reported,confirming a loan through the Regional Infrastructure Fund
openstar-2026-02-rif-loan:nz-regional-infrastructure-fund,participant,5ee1751030eaff5dcbe6bed6b127b80cd1f74b66e403bc1c54e5bd17f77f11ad,https://www.devdiscourse.com/article/law-order/3792830-35m-boost-puts-new-zealand-on-global-map-for-fusion-energy-research,,2026-10-05T18:51:11.614094+00:00,reported,confirming a loan through the Regional Infrastructure Fund to support OpenStar Technologies
openstar-2026-pppl-mou,agreement,8af258a9c7f93697f7bda20f6f808e8609dee7c6cd951f855da05d69b76f1f57,https://www.pppl.gov/news/2026/openstar-technologies-and-pppl-are-building-partnership-advance-fusion-energy,,2026-10-05T18:50:45.451852+00:00,disclosed,"have signed a memorandum of understanding (MOU), formalizing a new partnership"
pf-albuquerque-incentive-2025,amount,7b912f6a339c5af9e9bf6cc0a69e854f9968e5b4da4561c4bbf8bcd58e0f6201,https://citydesk.org/2025/09/26/pacific-fusion-selects-abq-for-1-billion-fusion-research-campus/,,2026-10-05T18:57:16.641628+00:00,reported,Pacific Fusion (PF) will get $10 million in direct incentives and $776.6 million in tax breaks over 20 years.
pf-albuquerque-incentive-2025,amount_split,7b912f6a339c5af9e9bf6cc0a69e854f9968e5b4da4561c4bbf8bcd58e0f6201,https://citydesk.org/2025/09/26/pacific-fusion-selects-abq-for-1-billion-fusion-research-campus/,,2026-10-05T18:57:16.641628+00:00,reported,the $10 million in direct incentives includes $9 million from the state through the Local Economic Development Act and $1 million from the city
pf-albuquerque-incentive-2025,amount_state_part,c131a7351747e25e4de4015a18b6dfc52205489f1ece6284d3a5c49a533099b3,https://www.krqe.com/news/albuquerque-metro/billion-dollar-fusion-facility-coming-to-albuquerques-mesa-del-sol/,,2026-10-05T18:57:18.600043+00:00,reported,"“LEDA funds,” which would reimburse Pacific Fusion $9 million for expenses like land acquisition and infrastructure"
pf-albuquerque-incentive-2025,announced_on,7b912f6a339c5af9e9bf6cc0a69e854f9968e5b4da4561c4bbf8bcd58e0f6201,https://citydesk.org/2025/09/26/pacific-fusion-selects-abq-for-1-billion-fusion-research-campus/,,2026-10-05T18:57:16.641628+00:00,reported,"by Jesse Jones September 26, 2025"
pf-albuquerque-incentive-2025,conditions,7b912f6a339c5af9e9bf6cc0a69e854f9968e5b4da4561c4bbf8bcd58e0f6201,https://citydesk.org/2025/09/26/pacific-fusion-selects-abq-for-1-billion-fusion-research-campus/,,2026-10-05T18:57:16.641628+00:00,reported,"funds are released only when the company meets job creation milestones, with full repayment required if targets aren’t met"
pf-albuquerque-incentive-2025:city-of-albuquerque,participant,7b912f6a339c5af9e9bf6cc0a69e854f9968e5b4da4561c4bbf8bcd58e0f6201,https://citydesk.org/2025/09/26/pacific-fusion-selects-abq-for-1-billion-fusion-research-campus/,,2026-10-05T18:57:16.641628+00:00,reported,The Albuquerque City Council unanimously approved at the Sept. 15 council meeting on PF’s incentive package
pf-albuquerque-incentive-2025:city-of-albuquerque,participant_amount,7b912f6a339c5af9e9bf6cc0a69e854f9968e5b4da4561c4bbf8bcd58e0f6201,https://citydesk.org/2025/09/26/pacific-fusion-selects-abq-for-1-billion-fusion-research-campus/,,2026-10-05T18:57:16.641628+00:00,reported,$9 million from the state through the Local Economic Development Act and $1 million from the city
pf-albuquerque-incentive-2025:state-of-new-mexico,participant,7b912f6a339c5af9e9bf6cc0a69e854f9968e5b4da4561c4bbf8bcd58e0f6201,https://citydesk.org/2025/09/26/pacific-fusion-selects-abq-for-1-billion-fusion-research-campus/,,2026-10-05T18:57:16.641628+00:00,reported,$9 million from the state through the Local Economic Development Act and $1 million from the city
pf-albuquerque-site-2025,agreement,7749425029af6d93d250d79ed670d8cdfbc1b9a338ffbd6adaad77085028feb6,https://www.pacificfusion.com/resources/pacific-fusion-announces-expansion-to-new-mexico-with-new-research-and-manufacturing-campus,,2026-10-05T19:01:11.204128+00:00,disclosed,"Pacific Fusion has selected Albuquerque, New Mexico, as the site for our first Research and Manufacturing Campus"
pf-albuquerque-site-2025,announced_on,7749425029af6d93d250d79ed670d8cdfbc1b9a338ffbd6adaad77085028feb6,https://www.pacificfusion.com/resources/pacific-fusion-announces-expansion-to-new-mexico-with-new-research-and-manufacturing-campus,,2026-10-05T19:01:11.204128+00:00,disclosed,"September 26, 2025 Written by Keith LeChien Pacific Fusion announces expansion to New Mexico"
pf-llnl-crada-2025,agreement,120dadb88492bdb6fbd8f5863962cc22093c25c94e5fb6fe3a53e9997070d3ac,https://www.pacificfusion.com/resources/cooperative-research-and-development-agreement-with-lawrence-livermore-national-laboratory,,2026-10-05T19:01:09.140932+00:00,disclosed,We are happy to announce our Cooperative Research and Development Agreement (CRADA) with Lawrence Livermore National Laboratory (LLNL).
pf-llnl-crada-2025,announced_on,120dadb88492bdb6fbd8f5863962cc22093c25c94e5fb6fe3a53e9997070d3ac,https://www.pacificfusion.com/resources/cooperative-research-and-development-agreement-with-lawrence-livermore-national-laboratory,,2026-10-05T19:01:09.140932+00:00,disclosed,"January 28, 2025 Cooperative Research and Development Agreement with Lawrence Livermore National Laboratory"
pf-nnsa-mou-2026,agreement,6d6070cffd1aa8d0812721b703cd099518973538cc0bfde355533c1fc4ecf46d,https://www.pacificfusion.com/resources/pacific-fusion-breaks-ground-on-first-of-a-kind-fusion-facility-in-new-mexico,,2026-10-05T19:01:12.040188+00:00,disclosed,"announced a public-private partnership, the Memorandum of Understanding Regarding Collaboration on High-Yield Fusion"
pf-nnsa-mou-2026,announced_on,6d6070cffd1aa8d0812721b703cd099518973538cc0bfde355533c1fc4ecf46d,https://www.pacificfusion.com/resources/pacific-fusion-breaks-ground-on-first-of-a-kind-fusion-facility-in-new-mexico,,2026-10-05T19:01:12.040188+00:00,disclosed,"Albuquerque, NM (August 24th)"
pf-sandia-crada-2024,agreement,b335f54e906b308f670c2f6ca102a1d728241847a1519ba405f72af195cf6baf,https://www.pacificfusion.com/resources/crada-sandia-national-laboratories,,2026-10-05T19:01:10.342569+00:00,disclosed,today we are pleased to share that we have established a Cooperative Research and Development Agreement with Sandia National Laboratories
pf-sandia-crada-2024,announced_on,b335f54e906b308f670c2f6ca102a1d728241847a1519ba405f72af195cf6baf,https://www.pacificfusion.com/resources/crada-sandia-national-laboratories,,2026-10-05T19:01:10.342569+00:00,disclosed,"December 18, 2024 Cooperative Research and Development Agreement with Sandia National Laboratories"
pf-series-a-2024,amount,25d99872abe0bd05bec94f39a8b146e00a2bce4b9d0a7cad2f56238db97b7e50,https://www.pacificfusion.com/resources/founders-letter,,2026-10-05T18:57:51.239528+00:00,disclosed,We have secured more than $900 million in our Series A to date.
pf-series-a-2024,amount_corroboration,8e30b25da4965eaef25bfd9cdd76db32fdd3cc43b17327d1a8a9e96d035b8faf,https://www.energycentral.com/energy-biz/post/pacific-fusion-scores-900-million-series-funding-zxtaixkLJpbZeh1,,2026-10-05T18:56:18.178386+00:00,reported,The firm has secured more than $900 million in investor commitments.
pf-series-a-2024,announced_on,25d99872abe0bd05bec94f39a8b146e00a2bce4b9d0a7cad2f56238db97b7e50,https://www.pacificfusion.com/resources/founders-letter,,2026-10-05T18:57:51.239528+00:00,disclosed,"October 25, 2024 Introducing Pacific Fusion"
pf-series-a-2024,received_status,374ba6c4b3e5868edce5fe0c6ab76e5eccb6aa8a1d4eea81e87464ea81b1479d,https://www.powermag.com/pacific-fusion-touts-funding-technical-achievements-on-way-to-fusion-power/,,2026-10-05T18:57:14.169542+00:00,reported,"So far, we have achieved the first two sets of milestones gating our financing. The final set of milestones will unlock the remainder of the capital."
pf-series-a-2024,received_status,bb4ae1d3ca3ba4924fb951dbd722f5d6b33b2a815d4d6c845094f569dcbee9a0,https://techcrunch.com/2026/08/15/every-fusion-startup-that-has-raised-over-100m/,,2026-10-05T18:51:11.419589+00:00,reported,its investors will pay out in tranches when the company achieves specified milestones
pf-series-a-2024,round_label,25d99872abe0bd05bec94f39a8b146e00a2bce4b9d0a7cad2f56238db97b7e50,https://www.pacificfusion.com/resources/founders-letter,,2026-10-05T18:57:51.239528+00:00,disclosed,We have secured more than $900 million in our Series A to date.
pf-series-a-2024,structure,25d99872abe0bd05bec94f39a8b146e00a2bce4b9d0a7cad2f56238db97b7e50,https://www.pacificfusion.com/resources/founders-letter,,2026-10-05T18:57:51.239528+00:00,disclosed,"The funding is all committed upfront (to mitigate financing risk), and it’s unlocked as we achieve predefined milestones (to ensure accountability)."
pf-series-a-2024,use_of_proceeds,25d99872abe0bd05bec94f39a8b146e00a2bce4b9d0a7cad2f56238db97b7e50,https://www.pacificfusion.com/resources/founders-letter,,2026-10-05T18:57:51.239528+00:00,disclosed,Our immediate goal: Net facility gain.
pf-series-a-2024:andrew-forrest,participant,25d99872abe0bd05bec94f39a8b146e00a2bce4b9d0a7cad2f56238db97b7e50,https://www.pacificfusion.com/resources/founders-letter,,2026-10-05T18:57:51.239528+00:00,disclosed,"Alongside General Catalyst, a great mix of institutional VCs and individual company builders have participated, including: Andrew Forrest, Breakthrough Energy Ventures, Elad Gil, Eric Schmidt, John Doerr, Ken Griffin, Lachy Groom, Leitmotif, Lightspeed, Lowercarbon Capital, Mustafa Suleyman, Patrick Collison, Richard Merkin, and Trousdale Ventures."
pf-series-a-2024:breakthrough-energy-ventures,participant,25d99872abe0bd05bec94f39a8b146e00a2bce4b9d0a7cad2f56238db97b7e50,https://www.pacificfusion.com/resources/founders-letter,,2026-10-05T18:57:51.239528+00:00,disclosed,"Alongside General Catalyst, a great mix of institutional VCs and individual company builders have participated, including: Andrew Forrest, Breakthrough Energy Ventures, Elad Gil, Eric Schmidt, John Doerr, Ken Griffin, Lachy Groom, Leitmotif, Lightspeed, Lowercarbon Capital, Mustafa Suleyman, Patrick Collison, Richard Merkin, and Trousdale Ventures."
pf-series-a-2024:citadel-ken-griffin,participant,25d99872abe0bd05bec94f39a8b146e00a2bce4b9d0a7cad2f56238db97b7e50,https://www.pacificfusion.com/resources/founders-letter,,2026-10-05T18:57:51.239528+00:00,disclosed,"Alongside General Catalyst, a great mix of institutional VCs and individual company builders have participated, including: Andrew Forrest, Breakthrough Energy Ventures, Elad Gil, Eric Schmidt, John Doerr, Ken Griffin, Lachy Groom, Leitmotif, Lightspeed, Lowercarbon Capital, Mustafa Suleyman, Patrick Collison, Richard Merkin, and Trousdale Ventures."
pf-series-a-2024:elad-gil,participant,25d99872abe0bd05bec94f39a8b146e00a2bce4b9d0a7cad2f56238db97b7e50,https://www.pacificfusion.com/resources/founders-letter,,2026-10-05T18:57:51.239528+00:00,disclosed,"Alongside General Catalyst, a great mix of institutional VCs and individual company builders have participated, including: Andrew Forrest, Breakthrough Energy Ventures, Elad Gil, Eric Schmidt, John Doerr, Ken Griffin, Lachy Groom, Leitmotif, Lightspeed, Lowercarbon Capital, Mustafa Suleyman, Patrick Collison, Richard Merkin, and Trousdale Ventures."
pf-series-a-2024:eric-schmidt,participant,25d99872abe0bd05bec94f39a8b146e00a2bce4b9d0a7cad2f56238db97b7e50,https://www.pacificfusion.com/resources/founders-letter,,2026-10-05T18:57:51.239528+00:00,disclosed,"Alongside General Catalyst, a great mix of institutional VCs and individual company builders have participated, including: Andrew Forrest, Breakthrough Energy Ventures, Elad Gil, Eric Schmidt, John Doerr, Ken Griffin, Lachy Groom, Leitmotif, Lightspeed, Lowercarbon Capital, Mustafa Suleyman, Patrick Collison, Richard Merkin, and Trousdale Ventures."
pf-series-a-2024:general-catalyst,participant,25d99872abe0bd05bec94f39a8b146e00a2bce4b9d0a7cad2f56238db97b7e50,https://www.pacificfusion.com/resources/founders-letter,,2026-10-05T18:57:51.239528+00:00,disclosed,Hemant Taneja of General Catalyst led the round.
pf-series-a-2024:john-doerr,participant,25d99872abe0bd05bec94f39a8b146e00a2bce4b9d0a7cad2f56238db97b7e50,https://www.pacificfusion.com/resources/founders-letter,,2026-10-05T18:57:51.239528+00:00,disclosed,"Alongside General Catalyst, a great mix of institutional VCs and individual company builders have participated, including: Andrew Forrest, Breakthrough Energy Ventures, Elad Gil, Eric Schmidt, John Doerr, Ken Griffin, Lachy Groom, Leitmotif, Lightspeed, Lowercarbon Capital, Mustafa Suleyman, Patrick Collison, Richard Merkin, and Trousdale Ventures."
pf-series-a-2024:lachy-groom,participant,25d99872abe0bd05bec94f39a8b146e00a2bce4b9d0a7cad2f56238db97b7e50,https://www.pacificfusion.com/resources/founders-letter,,2026-10-05T18:57:51.239528+00:00,disclosed,"Alongside General Catalyst, a great mix of institutional VCs and individual company builders have participated, including: Andrew Forrest, Breakthrough Energy Ventures, Elad Gil, Eric Schmidt, John Doerr, Ken Griffin, Lachy Groom, Leitmotif, Lightspeed, Lowercarbon Capital, Mustafa Suleyman, Patrick Collison, Richard Merkin, and Trousdale Ventures."
pf-series-a-2024:leitmotif,participant,25d99872abe0bd05bec94f39a8b146e00a2bce4b9d0a7cad2f56238db97b7e50,https://www.pacificfusion.com/resources/founders-letter,,2026-10-05T18:57:51.239528+00:00,disclosed,"Alongside General Catalyst, a great mix of institutional VCs and individual company builders have participated, including: Andrew Forrest, Breakthrough Energy Ventures, Elad Gil, Eric Schmidt, John Doerr, Ken Griffin, Lachy Groom, Leitmotif, Lightspeed, Lowercarbon Capital, Mustafa Suleyman, Patrick Collison, Richard Merkin, and Trousdale Ventures."
pf-series-a-2024:lightspeed,participant,25d99872abe0bd05bec94f39a8b146e00a2bce4b9d0a7cad2f56238db97b7e50,https://www.pacificfusion.com/resources/founders-letter,,2026-10-05T18:57:51.239528+00:00,disclosed,"Alongside General Catalyst, a great mix of institutional VCs and individual company builders have participated, including: Andrew Forrest, Breakthrough Energy Ventures, Elad Gil, Eric Schmidt, John Doerr, Ken Griffin, Lachy Groom, Leitmotif, Lightspeed, Lowercarbon Capital, Mustafa Suleyman, Patrick Collison, Richard Merkin, and Trousdale Ventures."
pf-series-a-2024:lowercarbon-capital,participant,25d99872abe0bd05bec94f39a8b146e00a2bce4b9d0a7cad2f56238db97b7e50,https://www.pacificfusion.com/resources/founders-letter,,2026-10-05T18:57:51.239528+00:00,disclosed,"Alongside General Catalyst, a great mix of institutional VCs and individual company builders have participated, including: Andrew Forrest, Breakthrough Energy Ventures, Elad Gil, Eric Schmidt, John Doerr, Ken Griffin, Lachy Groom, Leitmotif, Lightspeed, Lowercarbon Capital, Mustafa Suleyman, Patrick Collison, Richard Merkin, and Trousdale Ventures."
pf-series-a-2024:mustafa-suleyman,participant,25d99872abe0bd05bec94f39a8b146e00a2bce4b9d0a7cad2f56238db97b7e50,https://www.pacificfusion.com/resources/founders-letter,,2026-10-05T18:57:51.239528+00:00,disclosed,"Alongside General Catalyst, a great mix of institutional VCs and individual company builders have participated, including: Andrew Forrest, Breakthrough Energy Ventures, Elad Gil, Eric Schmidt, John Doerr, Ken Griffin, Lachy Groom, Leitmotif, Lightspeed, Lowercarbon Capital, Mustafa Suleyman, Patrick Collison, Richard Merkin, and Trousdale Ventures."
pf-series-a-2024:patrick-collison,participant,25d99872abe0bd05bec94f39a8b146e00a2bce4b9d0a7cad2f56238db97b7e50,https://www.pacificfusion.com/resources/founders-letter,,2026-10-05T18:57:51.239528+00:00,disclosed,"Alongside General Catalyst, a great mix of institutional VCs and individual company builders have participated, including: Andrew Forrest, Breakthrough Energy Ventures, Elad Gil, Eric Schmidt, John Doerr, Ken Griffin, Lachy Groom, Leitmotif, Lightspeed, Lowercarbon Capital, Mustafa Suleyman, Patrick Collison, Richard Merkin, and Trousdale Ventures."
pf-series-a-2024:reid-hoffman,participant,8e30b25da4965eaef25bfd9cdd76db32fdd3cc43b17327d1a8a9e96d035b8faf,https://www.energycentral.com/energy-biz/post/pacific-fusion-scores-900-million-series-funding-zxtaixkLJpbZeh1,,2026-10-05T18:56:18.178386+00:00,reported,"Reid Hoffman, Richard Merkin, and Trousdale Ventures."
pf-series-a-2024:richard-merkin,participant,25d99872abe0bd05bec94f39a8b146e00a2bce4b9d0a7cad2f56238db97b7e50,https://www.pacificfusion.com/resources/founders-letter,,2026-10-05T18:57:51.239528+00:00,disclosed,"Alongside General Catalyst, a great mix of institutional VCs and individual company builders have participated, including: Andrew Forrest, Breakthrough Energy Ventures, Elad Gil, Eric Schmidt, John Doerr, Ken Griffin, Lachy Groom, Leitmotif, Lightspeed, Lowercarbon Capital, Mustafa Suleyman, Patrick Collison, Richard Merkin, and Trousdale Ventures."
pf-series-a-2024:trousdale-ventures,participant,25d99872abe0bd05bec94f39a8b146e00a2bce4b9d0a7cad2f56238db97b7e50,https://www.pacificfusion.com/resources/founders-letter,,2026-10-05T18:57:51.239528+00:00,disclosed,"Alongside General Catalyst, a great mix of institutional VCs and individual company builders have participated, including: Andrew Forrest, Breakthrough Energy Ventures, Elad Gil, Eric Schmidt, John Doerr, Ken Griffin, Lachy Groom, Leitmotif, Lightspeed, Lowercarbon Capital, Mustafa Suleyman, Patrick Collison, Richard Merkin, and Trousdale Ventures."
pf-series-a-cumulative-2026,amount,374ba6c4b3e5868edce5fe0c6ab76e5eccb6aa8a1d4eea81e87464ea81b1479d,https://www.powermag.com/pacific-fusion-touts-funding-technical-achievements-on-way-to-fusion-power/,,2026-10-05T18:57:14.169542+00:00,reported,We addressed that by raising a $1B Series A in a milestone-based structure.
pf-series-a-cumulative-2026,amount_corroboration,bb4ae1d3ca3ba4924fb951dbd722f5d6b33b2a815d4d6c845094f569dcbee9a0,https://techcrunch.com/2026/08/15/every-fusion-startup-that-has-raised-over-100m/,,2026-10-05T18:51:11.419589+00:00,reported,"Pacific Fusion burst out of the gate with a Series A that topped $1 billion, the startup has told TechCrunch."
pf-series-a-cumulative-2026,announced_on,374ba6c4b3e5868edce5fe0c6ab76e5eccb6aa8a1d4eea81e87464ea81b1479d,https://www.powermag.com/pacific-fusion-touts-funding-technical-achievements-on-way-to-fusion-power/,,2026-10-05T18:57:14.169542+00:00,reported,Pacific Fusion on June 2 said its core pulsed power technology is on track
princeton-fusion-systems-infuse-022a-1,announced_on,9021eb746452d65548805e9c90817d0f7536a4ef98fc6a7819c3ee73915ad7a7,https://infuse.ornl.gov/awards/page/8,,2026-10-05T18:58:29.145911+00:00,disclosed,"INFUSE 2022A - June 15, 2022 | Princeton Fusion Systems, Inc. | Princeton Plasma Physics Laboratory (PPPL)"
princeton-fusion-systems-infuse-022a-1,round_label,9021eb746452d65548805e9c90817d0f7536a4ef98fc6a7819c3ee73915ad7a7,https://infuse.ornl.gov/awards/page/8,,2026-10-05T18:58:29.145911+00:00,disclosed,"INFUSE 2022A - June 15, 2022 | Princeton Fusion Systems, Inc. | Princeton Plasma Physics Laboratory (PPPL)"
princeton-fusion-systems-infuse-022a-1,use_of_proceeds,9021eb746452d65548805e9c90817d0f7536a4ef98fc6a7819c3ee73915ad7a7,https://infuse.ornl.gov/awards/page/8,,2026-10-05T18:58:29.145911+00:00,disclosed,Evaluating RF antenna designs for PFRC plasma heating and sustainment
princeton-fusion-systems-infuse-022a-1:doe-gain-infuse,participant,9021eb746452d65548805e9c90817d0f7536a4ef98fc6a7819c3ee73915ad7a7,https://infuse.ornl.gov/awards/page/8,,2026-10-05T18:58:29.145911+00:00,disclosed,"INFUSE 2022A - June 15, 2022 | Princeton Fusion Systems, Inc. | Princeton Plasma Physics Laboratory (PPPL)"
princeton-fusion-systems-infuse-022a-2,announced_on,9021eb746452d65548805e9c90817d0f7536a4ef98fc6a7819c3ee73915ad7a7,https://infuse.ornl.gov/awards/page/8,,2026-10-05T18:58:29.145911+00:00,disclosed,"INFUSE 2022A - June 15, 2022 | Princeton Fusion Systems, Inc. | Princeton Plasma Physics Laboratory (PPPL)"
princeton-fusion-systems-infuse-022a-2,round_label,9021eb746452d65548805e9c90817d0f7536a4ef98fc6a7819c3ee73915ad7a7,https://infuse.ornl.gov/awards/page/8,,2026-10-05T18:58:29.145911+00:00,disclosed,"INFUSE 2022A - June 15, 2022 | Princeton Fusion Systems, Inc. | Princeton Plasma Physics Laboratory (PPPL)"
princeton-fusion-systems-infuse-022a-2,use_of_proceeds,9021eb746452d65548805e9c90817d0f7536a4ef98fc6a7819c3ee73915ad7a7,https://infuse.ornl.gov/awards/page/8,,2026-10-05T18:58:29.145911+00:00,disclosed,Stabilizing PFRC plasmas against macroscopic low-frequency modes
princeton-fusion-systems-infuse-022a-2:doe-gain-infuse,participant,9021eb746452d65548805e9c90817d0f7536a4ef98fc6a7819c3ee73915ad7a7,https://infuse.ornl.gov/awards/page/8,,2026-10-05T18:58:29.145911+00:00,disclosed,"INFUSE 2022A - June 15, 2022 | Princeton Fusion Systems, Inc. | Princeton Plasma Physics Laboratory (PPPL)"
princeton-fusion-systems-infuse-022a-3,announced_on,213f3f28e72d9f5a878ecb03ce0ff25d1b1f688c6b45fc9f7f3666442d8339d7,https://infuse.ornl.gov/awards/page/9,,2026-10-05T18:58:33.211532+00:00,disclosed,"INFUSE 2022A - June 15, 2022 | Princeton Fusion Systems, Inc. | UC-Davis"
princeton-fusion-systems-infuse-022a-3,round_label,213f3f28e72d9f5a878ecb03ce0ff25d1b1f688c6b45fc9f7f3666442d8339d7,https://infuse.ornl.gov/awards/page/9,,2026-10-05T18:58:33.211532+00:00,disclosed,"INFUSE 2022A - June 15, 2022 | Princeton Fusion Systems, Inc. | UC-Davis"
princeton-fusion-systems-infuse-022a-3,use_of_proceeds,213f3f28e72d9f5a878ecb03ce0ff25d1b1f688c6b45fc9f7f3666442d8339d7,https://infuse.ornl.gov/awards/page/9,,2026-10-05T18:58:33.211532+00:00,disclosed,Electron density profiles on PFRC with USPR
princeton-fusion-systems-infuse-022a-3:doe-gain-infuse,participant,213f3f28e72d9f5a878ecb03ce0ff25d1b1f688c6b45fc9f7f3666442d8339d7,https://infuse.ornl.gov/awards/page/9,,2026-10-05T18:58:33.211532+00:00,disclosed,"INFUSE 2022A - June 15, 2022 | Princeton Fusion Systems, Inc. | UC-Davis"
prometheus-hyperscale-loi,agreement,7ca433c6ed60b6539c7fb7739c8847a88cbf977cf40d3835059a3d4a0aadc8bf,https://www.sec.gov/Archives/edgar/data/1849056/000162828026018698/oklo-20251231.htm,,2026-10-05T18:53:13.718570+00:00,disclosed,"and Prometheus Hyperscale (formerly Wyoming Hyperscale White Box LLC) (""Prometheus Hyperscale"")"
proxima-bavaria-rwe-ipp-mou-2026,agreement,272cbe047478c5052acf87287f2af2e096fe565845cddf41f6aef1cc33654166,https://www.proximafusion.com/press-news/proxima-fusion-rwe-the-free-state-of-bavaria-and-max-planck-institute-for-plasma-physics-sign-agreement-to-build-the-worlds-first-commercial-fusion-power-plant-in-europe,,2026-10-05T18:49:26.730458+00:00,disclosed,"Subject to federal funding, the Free State of Bavaria has indicated a potential state co-financing contribution of 20 percent"
proxima-bavaria-rwe-ipp-mou-2026,agreement,223492519b56bfee4d15ed7ccf094db5585fc83cfd852288583b54371c962d84,https://www.proximafusion.com/press-news/europes-turning-point-for-fusion-why-bavarias-eu400m-bet-on-proxima-matters,,2026-10-05T18:49:24.412162+00:00,disclosed,Bavaria is committing €400 million in state funding towards the Alpha project
proxima-bmbf-ai-grant-2024,amount,4a850aa971f01b938471354ad4f2fce75e8ea15bb69c640553116462b21fd1d3,https://www.proximafusion.com/press-news/proxima-fusion-awarded-grant-from-bmbf-to-partner-with-the-university-of-bonn-forschungszentrum-julich-and-the-technical-university-of-munich-on-ai-for-fusion-engineering,,2026-10-05T18:49:25.808596+00:00,disclosed,has been awarded a grant of €6.5M from the German Federal Ministry of Education and Research (BMBF)
proxima-bmbf-ai-grant-2024,announced_on,4a850aa971f01b938471354ad4f2fce75e8ea15bb69c640553116462b21fd1d3,https://www.proximafusion.com/press-news/proxima-fusion-awarded-grant-from-bmbf-to-partner-with-the-university-of-bonn-forschungszentrum-julich-and-the-technical-university-of-munich-on-ai-for-fusion-engineering,,2026-10-05T18:49:25.808596+00:00,disclosed,"Munich, Germany, December 10, 2024"
proxima-bmbf-ai-grant-2024:bmftr,participant,4a850aa971f01b938471354ad4f2fce75e8ea15bb69c640553116462b21fd1d3,https://www.proximafusion.com/press-news/proxima-fusion-awarded-grant-from-bmbf-to-partner-with-the-university-of-bonn-forschungszentrum-julich-and-the-technical-university-of-munich-on-ai-for-fusion-engineering,,2026-10-05T18:49:25.808596+00:00,disclosed,from the German Federal Ministry of Education and Research (BMBF)
proxima-cumulative-650m-2026,amount,b1ff584f345df0d87ce9a9a83039edca37d5d1a19f7495cd11c0e0991cefc190,https://www.proximafusion.com/press-news/proxima-fusion-raises-eu411-million-to-build-europes-commercial-fusion-champion,,2026-10-05T17:52:51.913055+00:00,disclosed,"Proxima has secured more than €650 million ($740 million), including €95 million in public grants"
proxima-cumulative-650m-2026,announced_on,b1ff584f345df0d87ce9a9a83039edca37d5d1a19f7495cd11c0e0991cefc190,https://www.proximafusion.com/press-news/proxima-fusion-raises-eu411-million-to-build-europes-commercial-fusion-champion,,2026-10-05T17:52:51.913055+00:00,disclosed,"Munich, Oxford, Zurich (Europe), July 7, 2026"
proxima-eic-accelerator-grant-2024,amount,f523e6efa267254bcaac6893782adcdd1a54013604ece61cd12769c1666ae6ba,https://www.proximafusion.com/press-news/proxima-fusion-awarded-eic-accelerator-funding-by-european-innovation-council,,2026-10-05T18:49:25.537354+00:00,disclosed,Proxima will be awarded a €2.5M grant and an opportunity for €15M investment
proxima-eic-accelerator-grant-2024,announced_on,f523e6efa267254bcaac6893782adcdd1a54013604ece61cd12769c1666ae6ba,https://www.proximafusion.com/press-news/proxima-fusion-awarded-eic-accelerator-funding-by-european-innovation-council,,2026-10-05T18:49:25.537354+00:00,disclosed,"Munich, July 15, 2024"
proxima-eic-accelerator-grant-2024:eic,participant,f523e6efa267254bcaac6893782adcdd1a54013604ece61cd12769c1666ae6ba,https://www.proximafusion.com/press-news/proxima-fusion-awarded-eic-accelerator-funding-by-european-innovation-council,,2026-10-05T18:49:25.537354+00:00,disclosed,selected by the European Innovation Council and SMEs Executive Agency (EISMEA) as an awardee in its EIC Accelerator program
proxima-financing-2026,amount,b1ff584f345df0d87ce9a9a83039edca37d5d1a19f7495cd11c0e0991cefc190,https://www.proximafusion.com/press-news/proxima-fusion-raises-eu411-million-to-build-europes-commercial-fusion-champion,,2026-10-05T17:52:51.913055+00:00,disclosed,announced a €411 million ($468 million) financing round
proxima-financing-2026,announced_on,b1ff584f345df0d87ce9a9a83039edca37d5d1a19f7495cd11c0e0991cefc190,https://www.proximafusion.com/press-news/proxima-fusion-raises-eu411-million-to-build-europes-commercial-fusion-champion,,2026-10-05T17:52:51.913055+00:00,disclosed,"Munich, Oxford, Zurich (Europe), July 7, 2026"
proxima-financing-2026,round_label,b1ff584f345df0d87ce9a9a83039edca37d5d1a19f7495cd11c0e0991cefc190,https://www.proximafusion.com/press-news/proxima-fusion-raises-eu411-million-to-build-europes-commercial-fusion-champion,,2026-10-05T17:52:51.913055+00:00,disclosed,"announced a €411 million ($468 million) financing round, bringing the company’s valuation to €2.4 billion ($2.7 billion)"
proxima-financing-2026:alphabet,participant,b1ff584f345df0d87ce9a9a83039edca37d5d1a19f7495cd11c0e0991cefc190,https://www.proximafusion.com/press-news/proxima-fusion-raises-eu411-million-to-build-europes-commercial-fusion-champion,,2026-10-05T17:52:51.913055+00:00,disclosed,with RWE and Google as strategic investors
proxima-financing-2026:balderton,participant,b1ff584f345df0d87ce9a9a83039edca37d5d1a19f7495cd11c0e0991cefc190,https://www.proximafusion.com/press-news/proxima-fusion-raises-eu411-million-to-build-europes-commercial-fusion-champion,,2026-10-05T17:52:51.913055+00:00,disclosed,"returning investors including Plural, UVC Partners, Balderton, Cherry Ventures, DST Global Partners, Brevan Howard Macro Venture, Lightspeed, DTCF, redalpine, Leitmotif, Elaia, CDP Venture Capital, Bayern Kapital, and the EIC Fund"
proxima-financing-2026:bayern-kapital,participant,b1ff584f345df0d87ce9a9a83039edca37d5d1a19f7495cd11c0e0991cefc190,https://www.proximafusion.com/press-news/proxima-fusion-raises-eu411-million-to-build-europes-commercial-fusion-champion,,2026-10-05T17:52:51.913055+00:00,disclosed,"returning investors including Plural, UVC Partners, Balderton, Cherry Ventures, DST Global Partners, Brevan Howard Macro Venture, Lightspeed, DTCF, redalpine, Leitmotif, Elaia, CDP Venture Capital, Bayern Kapital, and the EIC Fund"
proxima-financing-2026:brevan-howard,participant,b1ff584f345df0d87ce9a9a83039edca37d5d1a19f7495cd11c0e0991cefc190,https://www.proximafusion.com/press-news/proxima-fusion-raises-eu411-million-to-build-europes-commercial-fusion-champion,,2026-10-05T17:52:51.913055+00:00,disclosed,"returning investors including Plural, UVC Partners, Balderton, Cherry Ventures, DST Global Partners, Brevan Howard Macro Venture, Lightspeed, DTCF, redalpine, Leitmotif, Elaia, CDP Venture Capital, Bayern Kapital, and the EIC Fund"
proxima-financing-2026:burda-principal,participant,b1ff584f345df0d87ce9a9a83039edca37d5d1a19f7495cd11c0e0991cefc190,https://www.proximafusion.com/press-news/proxima-fusion-raises-eu411-million-to-build-europes-commercial-fusion-champion,,2026-10-05T17:52:51.913055+00:00,disclosed,"KfW Capital, SPRIND and Burda Principal Investments joined the round"
proxima-financing-2026:cdp-venture,participant,b1ff584f345df0d87ce9a9a83039edca37d5d1a19f7495cd11c0e0991cefc190,https://www.proximafusion.com/press-news/proxima-fusion-raises-eu411-million-to-build-europes-commercial-fusion-champion,,2026-10-05T17:52:51.913055+00:00,disclosed,"returning investors including Plural, UVC Partners, Balderton, Cherry Ventures, DST Global Partners, Brevan Howard Macro Venture, Lightspeed, DTCF, redalpine, Leitmotif, Elaia, CDP Venture Capital, Bayern Kapital, and the EIC Fund"
proxima-financing-2026:cherry-ventures,participant,b1ff584f345df0d87ce9a9a83039edca37d5d1a19f7495cd11c0e0991cefc190,https://www.proximafusion.com/press-news/proxima-fusion-raises-eu411-million-to-build-europes-commercial-fusion-champion,,2026-10-05T17:52:51.913055+00:00,disclosed,"returning investors including Plural, UVC Partners, Balderton, Cherry Ventures, DST Global Partners, Brevan Howard Macro Venture, Lightspeed, DTCF, redalpine, Leitmotif, Elaia, CDP Venture Capital, Bayern Kapital, and the EIC Fund"
proxima-financing-2026:dst-global,participant,b1ff584f345df0d87ce9a9a83039edca37d5d1a19f7495cd11c0e0991cefc190,https://www.proximafusion.com/press-news/proxima-fusion-raises-eu411-million-to-build-europes-commercial-fusion-champion,,2026-10-05T17:52:51.913055+00:00,disclosed,"returning investors including Plural, UVC Partners, Balderton, Cherry Ventures, DST Global Partners, Brevan Howard Macro Venture, Lightspeed, DTCF, redalpine, Leitmotif, Elaia, CDP Venture Capital, Bayern Kapital, and the EIC Fund"
proxima-financing-2026:dtcf,participant,b1ff584f345df0d87ce9a9a83039edca37d5d1a19f7495cd11c0e0991cefc190,https://www.proximafusion.com/press-news/proxima-fusion-raises-eu411-million-to-build-europes-commercial-fusion-champion,,2026-10-05T17:52:51.913055+00:00,disclosed,"returning investors including Plural, UVC Partners, Balderton, Cherry Ventures, DST Global Partners, Brevan Howard Macro Venture, Lightspeed, DTCF, redalpine, Leitmotif, Elaia, CDP Venture Capital, Bayern Kapital, and the EIC Fund"
proxima-financing-2026:east-x-ventures,participant,b1ff584f345df0d87ce9a9a83039edca37d5d1a19f7495cd11c0e0991cefc190,https://www.proximafusion.com/press-news/proxima-fusion-raises-eu411-million-to-build-europes-commercial-fusion-champion,,2026-10-05T17:52:51.913055+00:00,disclosed,The round was led by XTX Ventures and East X Ventures
proxima-financing-2026:eic,participant,b1ff584f345df0d87ce9a9a83039edca37d5d1a19f7495cd11c0e0991cefc190,https://www.proximafusion.com/press-news/proxima-fusion-raises-eu411-million-to-build-europes-commercial-fusion-champion,,2026-10-05T17:52:51.913055+00:00,disclosed,"returning investors including Plural, UVC Partners, Balderton, Cherry Ventures, DST Global Partners, Brevan Howard Macro Venture, Lightspeed, DTCF, redalpine, Leitmotif, Elaia, CDP Venture Capital, Bayern Kapital, and the EIC Fund"
proxima-financing-2026:elaia,participant,b1ff584f345df0d87ce9a9a83039edca37d5d1a19f7495cd11c0e0991cefc190,https://www.proximafusion.com/press-news/proxima-fusion-raises-eu411-million-to-build-europes-commercial-fusion-champion,,2026-10-05T17:52:51.913055+00:00,disclosed,"returning investors including Plural, UVC Partners, Balderton, Cherry Ventures, DST Global Partners, Brevan Howard Macro Venture, Lightspeed, DTCF, redalpine, Leitmotif, Elaia, CDP Venture Capital, Bayern Kapital, and the EIC Fund"
proxima-financing-2026:kfw-capital,participant,b1ff584f345df0d87ce9a9a83039edca37d5d1a19f7495cd11c0e0991cefc190,https://www.proximafusion.com/press-news/proxima-fusion-raises-eu411-million-to-build-europes-commercial-fusion-champion,,2026-10-05T17:52:51.913055+00:00,disclosed,"KfW Capital, SPRIND and Burda Principal Investments joined the round"
proxima-financing-2026:leitmotif,participant,b1ff584f345df0d87ce9a9a83039edca37d5d1a19f7495cd11c0e0991cefc190,https://www.proximafusion.com/press-news/proxima-fusion-raises-eu411-million-to-build-europes-commercial-fusion-champion,,2026-10-05T17:52:51.913055+00:00,disclosed,"returning investors including Plural, UVC Partners, Balderton, Cherry Ventures, DST Global Partners, Brevan Howard Macro Venture, Lightspeed, DTCF, redalpine, Leitmotif, Elaia, CDP Venture Capital, Bayern Kapital, and the EIC Fund"
proxima-financing-2026:lightspeed,participant,b1ff584f345df0d87ce9a9a83039edca37d5d1a19f7495cd11c0e0991cefc190,https://www.proximafusion.com/press-news/proxima-fusion-raises-eu411-million-to-build-europes-commercial-fusion-champion,,2026-10-05T17:52:51.913055+00:00,disclosed,"returning investors including Plural, UVC Partners, Balderton, Cherry Ventures, DST Global Partners, Brevan Howard Macro Venture, Lightspeed, DTCF, redalpine, Leitmotif, Elaia, CDP Venture Capital, Bayern Kapital, and the EIC Fund"
proxima-financing-2026:plural,participant,b1ff584f345df0d87ce9a9a83039edca37d5d1a19f7495cd11c0e0991cefc190,https://www.proximafusion.com/press-news/proxima-fusion-raises-eu411-million-to-build-europes-commercial-fusion-champion,,2026-10-05T17:52:51.913055+00:00,disclosed,"returning investors including Plural, UVC Partners, Balderton, Cherry Ventures, DST Global Partners, Brevan Howard Macro Venture, Lightspeed, DTCF, redalpine, Leitmotif, Elaia, CDP Venture Capital, Bayern Kapital, and the EIC Fund"
proxima-financing-2026:redalpine,participant,b1ff584f345df0d87ce9a9a83039edca37d5d1a19f7495cd11c0e0991cefc190,https://www.proximafusion.com/press-news/proxima-fusion-raises-eu411-million-to-build-europes-commercial-fusion-champion,,2026-10-05T17:52:51.913055+00:00,disclosed,"returning investors including Plural, UVC Partners, Balderton, Cherry Ventures, DST Global Partners, Brevan Howard Macro Venture, Lightspeed, DTCF, redalpine, Leitmotif, Elaia, CDP Venture Capital, Bayern Kapital, and the EIC Fund"
proxima-financing-2026:rwe,participant,b1ff584f345df0d87ce9a9a83039edca37d5d1a19f7495cd11c0e0991cefc190,https://www.proximafusion.com/press-news/proxima-fusion-raises-eu411-million-to-build-europes-commercial-fusion-champion,,2026-10-05T17:52:51.913055+00:00,disclosed,with RWE and Google as strategic investors
proxima-financing-2026:sprind,participant,b1ff584f345df0d87ce9a9a83039edca37d5d1a19f7495cd11c0e0991cefc190,https://www.proximafusion.com/press-news/proxima-fusion-raises-eu411-million-to-build-europes-commercial-fusion-champion,,2026-10-05T17:52:51.913055+00:00,disclosed,"KfW Capital, SPRIND and Burda Principal Investments joined the round"
proxima-financing-2026:uvc-partners,participant,b1ff584f345df0d87ce9a9a83039edca37d5d1a19f7495cd11c0e0991cefc190,https://www.proximafusion.com/press-news/proxima-fusion-raises-eu411-million-to-build-europes-commercial-fusion-champion,,2026-10-05T17:52:51.913055+00:00,disclosed,"returning investors including Plural, UVC Partners, Balderton, Cherry Ventures, DST Global Partners, Brevan Howard Macro Venture, Lightspeed, DTCF, redalpine, Leitmotif, Elaia, CDP Venture Capital, Bayern Kapital, and the EIC Fund"
proxima-financing-2026:xtx-ventures,participant,b1ff584f345df0d87ce9a9a83039edca37d5d1a19f7495cd11c0e0991cefc190,https://www.proximafusion.com/press-news/proxima-fusion-raises-eu411-million-to-build-europes-commercial-fusion-champion,,2026-10-05T17:52:51.913055+00:00,disclosed,The round was led by XTX Ventures and East X Ventures
proxima-lower-saxony-hts-mou-2026,agreement,3f840f651d91f340c3ae021d59ff727a193820b54de5432fac8720b5c24fbf66,https://www.proximafusion.com/press-news/lower-saxony-sign-mou-first-large-scale-fusion-grade-hts-tape-facility,,2026-10-05T18:49:24.916687+00:00,disclosed,with the State of Lower Saxony providing €21 million
proxima-lower-saxony-hts-mou-2026,announced_on,3f840f651d91f340c3ae021d59ff727a193820b54de5432fac8720b5c24fbf66,https://www.proximafusion.com/press-news/lower-saxony-sign-mou-first-large-scale-fusion-grade-hts-tape-facility,,2026-10-05T18:49:24.916687+00:00,disclosed,"Hanover, 9 September 2026"
proxima-pre-seed-2023,amount,a1346d7ce107fc6139a62c8de26ae7be0b6b3f5a497a15b77bf291a114d66a27,https://fusionxinvest.com/news/2949/proxima-fusion-gains-e17-5m-accelerator-award-from-eic/,,2026-10-05T18:01:59.606604+00:00,reported,secured €7mn in a pre-seed round jointly led by Plural Platform and UVC Partners
proxima-pre-seed-2023,announced_on,a1346d7ce107fc6139a62c8de26ae7be0b6b3f5a497a15b77bf291a114d66a27,https://fusionxinvest.com/news/2949/proxima-fusion-gains-e17-5m-accelerator-award-from-eic/,,2026-10-05T18:01:59.606604+00:00,reported,Proxima Fusion closes Pre-Seed round 19 May 2023
proxima-pre-seed-2023,round_label,a1346d7ce107fc6139a62c8de26ae7be0b6b3f5a497a15b77bf291a114d66a27,https://fusionxinvest.com/news/2949/proxima-fusion-gains-e17-5m-accelerator-award-from-eic/,,2026-10-05T18:01:59.606604+00:00,reported,Proxima Fusion closes Pre-Seed round
proxima-pre-seed-2023:htgf,participant,a1346d7ce107fc6139a62c8de26ae7be0b6b3f5a497a15b77bf291a114d66a27,https://fusionxinvest.com/news/2949/proxima-fusion-gains-e17-5m-accelerator-award-from-eic/,,2026-10-05T18:01:59.606604+00:00,reported,with support from HTGF and the Wilbe Group
proxima-pre-seed-2023:plural,participant,a1346d7ce107fc6139a62c8de26ae7be0b6b3f5a497a15b77bf291a114d66a27,https://fusionxinvest.com/news/2949/proxima-fusion-gains-e17-5m-accelerator-award-from-eic/,,2026-10-05T18:01:59.606604+00:00,reported,jointly led by Plural Platform and UVC Partners
proxima-pre-seed-2023:uvc-partners,participant,a1346d7ce107fc6139a62c8de26ae7be0b6b3f5a497a15b77bf291a114d66a27,https://fusionxinvest.com/news/2949/proxima-fusion-gains-e17-5m-accelerator-award-from-eic/,,2026-10-05T18:01:59.606604+00:00,reported,jointly led by Plural Platform and UVC Partners
proxima-pre-seed-2023:wilbe,participant,a1346d7ce107fc6139a62c8de26ae7be0b6b3f5a497a15b77bf291a114d66a27,https://fusionxinvest.com/news/2949/proxima-fusion-gains-e17-5m-accelerator-award-from-eic/,,2026-10-05T18:01:59.606604+00:00,reported,with support from HTGF and the Wilbe Group
proxima-pre-seed-extension-2023,announced_on,a1346d7ce107fc6139a62c8de26ae7be0b6b3f5a497a15b77bf291a114d66a27,https://fusionxinvest.com/news/2949/proxima-fusion-gains-e17-5m-accelerator-award-from-eic/,,2026-10-05T18:01:59.606604+00:00,reported,Proxima Fusion extends Pre-Seed round 16 November 2023
proxima-pre-seed-extension-2023,round_label,a1346d7ce107fc6139a62c8de26ae7be0b6b3f5a497a15b77bf291a114d66a27,https://fusionxinvest.com/news/2949/proxima-fusion-gains-e17-5m-accelerator-award-from-eic/,,2026-10-05T18:01:59.606604+00:00,reported,Proxima Fusion extends Pre-Seed round
proxima-pre-seed-extension-2023:achleitner-ventures,participant,a1346d7ce107fc6139a62c8de26ae7be0b6b3f5a497a15b77bf291a114d66a27,https://fusionxinvest.com/news/2949/proxima-fusion-gains-e17-5m-accelerator-award-from-eic/,,2026-10-05T18:01:59.606604+00:00,reported,"New investors include Visionaries Tomorrow, Hummingbird Collective, and Achleitner Ventures"
proxima-pre-seed-extension-2023:hummingbird-collective,participant,a1346d7ce107fc6139a62c8de26ae7be0b6b3f5a497a15b77bf291a114d66a27,https://fusionxinvest.com/news/2949/proxima-fusion-gains-e17-5m-accelerator-award-from-eic/,,2026-10-05T18:01:59.606604+00:00,reported,"New investors include Visionaries Tomorrow, Hummingbird Collective, and Achleitner Ventures"
proxima-pre-seed-extension-2023:visionaries-club,participant,a1346d7ce107fc6139a62c8de26ae7be0b6b3f5a497a15b77bf291a114d66a27,https://fusionxinvest.com/news/2949/proxima-fusion-gains-e17-5m-accelerator-award-from-eic/,,2026-10-05T18:01:59.606604+00:00,reported,"New investors include Visionaries Tomorrow, Hummingbird Collective, and Achleitner Ventures"
proxima-seed-2024,amount,ded32f1971edc8533d8c9554c38321dc6aaeb504ee3f08401c3f6e1e17604021,https://www.proximafusion.com/press-news/proxima-fusion-raises-eu20m-seed-to-accelerate-timeline-to-fusion-power,,2026-10-05T18:49:26.432211+00:00,disclosed,has raised €20M ($21.7M) in seed funding
proxima-seed-2024,announced_on,ded32f1971edc8533d8c9554c38321dc6aaeb504ee3f08401c3f6e1e17604021,https://www.proximafusion.com/press-news/proxima-fusion-raises-eu20m-seed-to-accelerate-timeline-to-fusion-power,,2026-10-05T18:49:26.432211+00:00,disclosed,"Munich, Germany , April 10, 2024"
proxima-seed-2024,round_label,ded32f1971edc8533d8c9554c38321dc6aaeb504ee3f08401c3f6e1e17604021,https://www.proximafusion.com/press-news/proxima-fusion-raises-eu20m-seed-to-accelerate-timeline-to-fusion-power,,2026-10-05T18:49:26.432211+00:00,disclosed,Proxima Fusion Raises €20M Seed to Accelerate Timeline to Fusion Power
proxima-seed-2024:bayern-kapital,participant,ded32f1971edc8533d8c9554c38321dc6aaeb504ee3f08401c3f6e1e17604021,https://www.proximafusion.com/press-news/proxima-fusion-raises-eu20m-seed-to-accelerate-timeline-to-fusion-power,,2026-10-05T18:49:26.432211+00:00,disclosed,"participation from the Bavarian government-backed Bayern Kapital, German government-backed DeepTech & Climate Fonds, and the Max Planck Foundation"
proxima-seed-2024:dtcf,participant,ded32f1971edc8533d8c9554c38321dc6aaeb504ee3f08401c3f6e1e17604021,https://www.proximafusion.com/press-news/proxima-fusion-raises-eu20m-seed-to-accelerate-timeline-to-fusion-power,,2026-10-05T18:49:26.432211+00:00,disclosed,"participation from the Bavarian government-backed Bayern Kapital, German government-backed DeepTech & Climate Fonds, and the Max Planck Foundation"
proxima-seed-2024:htgf,participant,ded32f1971edc8533d8c9554c38321dc6aaeb504ee3f08401c3f6e1e17604021,https://www.proximafusion.com/press-news/proxima-fusion-raises-eu20m-seed-to-accelerate-timeline-to-fusion-power,,2026-10-05T18:49:26.432211+00:00,disclosed,"Existing investors, including Plural, UVC Partners, High-Tech Gründerfonds, Wilbe, and TOMORROW of Visionaries Club"
proxima-seed-2024:max-planck-foundation,participant,ded32f1971edc8533d8c9554c38321dc6aaeb504ee3f08401c3f6e1e17604021,https://www.proximafusion.com/press-news/proxima-fusion-raises-eu20m-seed-to-accelerate-timeline-to-fusion-power,,2026-10-05T18:49:26.432211+00:00,disclosed,"participation from the Bavarian government-backed Bayern Kapital, German government-backed DeepTech & Climate Fonds, and the Max Planck Foundation"
proxima-seed-2024:plural,participant,ded32f1971edc8533d8c9554c38321dc6aaeb504ee3f08401c3f6e1e17604021,https://www.proximafusion.com/press-news/proxima-fusion-raises-eu20m-seed-to-accelerate-timeline-to-fusion-power,,2026-10-05T18:49:26.432211+00:00,disclosed,"Existing investors, including Plural, UVC Partners, High-Tech Gründerfonds, Wilbe, and TOMORROW of Visionaries Club"
proxima-seed-2024:redalpine,participant,ded32f1971edc8533d8c9554c38321dc6aaeb504ee3f08401c3f6e1e17604021,https://www.proximafusion.com/press-news/proxima-fusion-raises-eu20m-seed-to-accelerate-timeline-to-fusion-power,,2026-10-05T18:49:26.432211+00:00,disclosed,"Proxima Fusion’s seed round, led by redalpine"
proxima-seed-2024:uvc-partners,participant,ded32f1971edc8533d8c9554c38321dc6aaeb504ee3f08401c3f6e1e17604021,https://www.proximafusion.com/press-news/proxima-fusion-raises-eu20m-seed-to-accelerate-timeline-to-fusion-power,,2026-10-05T18:49:26.432211+00:00,disclosed,"Existing investors, including Plural, UVC Partners, High-Tech Gründerfonds, Wilbe, and TOMORROW of Visionaries Club"
proxima-seed-2024:visionaries-club,participant,ded32f1971edc8533d8c9554c38321dc6aaeb504ee3f08401c3f6e1e17604021,https://www.proximafusion.com/press-news/proxima-fusion-raises-eu20m-seed-to-accelerate-timeline-to-fusion-power,,2026-10-05T18:49:26.432211+00:00,disclosed,"Existing investors, including Plural, UVC Partners, High-Tech Gründerfonds, Wilbe, and TOMORROW of Visionaries Club"
proxima-seed-2024:wilbe,participant,ded32f1971edc8533d8c9554c38321dc6aaeb504ee3f08401c3f6e1e17604021,https://www.proximafusion.com/press-news/proxima-fusion-raises-eu20m-seed-to-accelerate-timeline-to-fusion-power,,2026-10-05T18:49:26.432211+00:00,disclosed,"Existing investors, including Plural, UVC Partners, High-Tech Gründerfonds, Wilbe, and TOMORROW of Visionaries Club"
proxima-series-a-2025,amount,7f75ff59f977415498e4ba5771f5b63637d3b0c2e6b2ed6c0a4f8e486267442f,https://www.proximafusion.com/press-news/proxima-fusion-raises-eu130m-series-a-to-build-worlds-first-stellarator-based-fusion-power-plant-in-the-2030s,,2026-10-05T17:52:53.024812+00:00,disclosed,the close of its €130 million ($150 million) Series A financing
proxima-series-a-2025,announced_on,7f75ff59f977415498e4ba5771f5b63637d3b0c2e6b2ed6c0a4f8e486267442f,https://www.proximafusion.com/press-news/proxima-fusion-raises-eu130m-series-a-to-build-worlds-first-stellarator-based-fusion-power-plant-in-the-2030s,,2026-10-05T17:52:53.024812+00:00,disclosed,"Munich, Germany – June 11, 2025"
proxima-series-a-2025,round_label,7f75ff59f977415498e4ba5771f5b63637d3b0c2e6b2ed6c0a4f8e486267442f,https://www.proximafusion.com/press-news/proxima-fusion-raises-eu130m-series-a-to-build-worlds-first-stellarator-based-fusion-power-plant-in-the-2030s,,2026-10-05T17:52:53.024812+00:00,disclosed,Proxima Fusion raises €130M Series A
proxima-series-a-2025:balderton,participant,7f75ff59f977415498e4ba5771f5b63637d3b0c2e6b2ed6c0a4f8e486267442f,https://www.proximafusion.com/press-news/proxima-fusion-raises-eu130m-series-a-to-build-worlds-first-stellarator-based-fusion-power-plant-in-the-2030s,,2026-10-05T17:52:53.024812+00:00,disclosed,co-led by Cherry Ventures and Balderton Capital
proxima-series-a-2025:bayern-kapital,participant,7f75ff59f977415498e4ba5771f5b63637d3b0c2e6b2ed6c0a4f8e486267442f,https://www.proximafusion.com/press-news/proxima-fusion-raises-eu130m-series-a-to-build-worlds-first-stellarator-based-fusion-power-plant-in-the-2030s,,2026-10-05T17:52:53.024812+00:00,disclosed,"significant participation from UVC Partners, DeepTech & Climate Fonds (DTCF), Plural, Leitmotif, Lightspeed, Bayern Kapital, HTGF, Club degli Investitori, OMNES Capital, Elaia Partners, Visionaries Tomorrow, Wilbe, and redalpine"
proxima-series-a-2025:cherry-ventures,participant,7f75ff59f977415498e4ba5771f5b63637d3b0c2e6b2ed6c0a4f8e486267442f,https://www.proximafusion.com/press-news/proxima-fusion-raises-eu130m-series-a-to-build-worlds-first-stellarator-based-fusion-power-plant-in-the-2030s,,2026-10-05T17:52:53.024812+00:00,disclosed,co-led by Cherry Ventures and Balderton Capital
proxima-series-a-2025:club-degli-investitori,participant,7f75ff59f977415498e4ba5771f5b63637d3b0c2e6b2ed6c0a4f8e486267442f,https://www.proximafusion.com/press-news/proxima-fusion-raises-eu130m-series-a-to-build-worlds-first-stellarator-based-fusion-power-plant-in-the-2030s,,2026-10-05T17:52:53.024812+00:00,disclosed,"significant participation from UVC Partners, DeepTech & Climate Fonds (DTCF), Plural, Leitmotif, Lightspeed, Bayern Kapital, HTGF, Club degli Investitori, OMNES Capital, Elaia Partners, Visionaries Tomorrow, Wilbe, and redalpine"
proxima-series-a-2025:dtcf,participant,7f75ff59f977415498e4ba5771f5b63637d3b0c2e6b2ed6c0a4f8e486267442f,https://www.proximafusion.com/press-news/proxima-fusion-raises-eu130m-series-a-to-build-worlds-first-stellarator-based-fusion-power-plant-in-the-2030s,,2026-10-05T17:52:53.024812+00:00,disclosed,"significant participation from UVC Partners, DeepTech & Climate Fonds (DTCF), Plural, Leitmotif, Lightspeed, Bayern Kapital, HTGF, Club degli Investitori, OMNES Capital, Elaia Partners, Visionaries Tomorrow, Wilbe, and redalpine"
proxima-series-a-2025:elaia,participant,7f75ff59f977415498e4ba5771f5b63637d3b0c2e6b2ed6c0a4f8e486267442f,https://www.proximafusion.com/press-news/proxima-fusion-raises-eu130m-series-a-to-build-worlds-first-stellarator-based-fusion-power-plant-in-the-2030s,,2026-10-05T17:52:53.024812+00:00,disclosed,"significant participation from UVC Partners, DeepTech & Climate Fonds (DTCF), Plural, Leitmotif, Lightspeed, Bayern Kapital, HTGF, Club degli Investitori, OMNES Capital, Elaia Partners, Visionaries Tomorrow, Wilbe, and redalpine"
proxima-series-a-2025:htgf,participant,7f75ff59f977415498e4ba5771f5b63637d3b0c2e6b2ed6c0a4f8e486267442f,https://www.proximafusion.com/press-news/proxima-fusion-raises-eu130m-series-a-to-build-worlds-first-stellarator-based-fusion-power-plant-in-the-2030s,,2026-10-05T17:52:53.024812+00:00,disclosed,"significant participation from UVC Partners, DeepTech & Climate Fonds (DTCF), Plural, Leitmotif, Lightspeed, Bayern Kapital, HTGF, Club degli Investitori, OMNES Capital, Elaia Partners, Visionaries Tomorrow, Wilbe, and redalpine"
proxima-series-a-2025:leitmotif,participant,7f75ff59f977415498e4ba5771f5b63637d3b0c2e6b2ed6c0a4f8e486267442f,https://www.proximafusion.com/press-news/proxima-fusion-raises-eu130m-series-a-to-build-worlds-first-stellarator-based-fusion-power-plant-in-the-2030s,,2026-10-05T17:52:53.024812+00:00,disclosed,"significant participation from UVC Partners, DeepTech & Climate Fonds (DTCF), Plural, Leitmotif, Lightspeed, Bayern Kapital, HTGF, Club degli Investitori, OMNES Capital, Elaia Partners, Visionaries Tomorrow, Wilbe, and redalpine"
proxima-series-a-2025:lightspeed,participant,7f75ff59f977415498e4ba5771f5b63637d3b0c2e6b2ed6c0a4f8e486267442f,https://www.proximafusion.com/press-news/proxima-fusion-raises-eu130m-series-a-to-build-worlds-first-stellarator-based-fusion-power-plant-in-the-2030s,,2026-10-05T17:52:53.024812+00:00,disclosed,"significant participation from UVC Partners, DeepTech & Climate Fonds (DTCF), Plural, Leitmotif, Lightspeed, Bayern Kapital, HTGF, Club degli Investitori, OMNES Capital, Elaia Partners, Visionaries Tomorrow, Wilbe, and redalpine"
proxima-series-a-2025:omnes-capital,participant,7f75ff59f977415498e4ba5771f5b63637d3b0c2e6b2ed6c0a4f8e486267442f,https://www.proximafusion.com/press-news/proxima-fusion-raises-eu130m-series-a-to-build-worlds-first-stellarator-based-fusion-power-plant-in-the-2030s,,2026-10-05T17:52:53.024812+00:00,disclosed,"significant participation from UVC Partners, DeepTech & Climate Fonds (DTCF), Plural, Leitmotif, Lightspeed, Bayern Kapital, HTGF, Club degli Investitori, OMNES Capital, Elaia Partners, Visionaries Tomorrow, Wilbe, and redalpine"
proxima-series-a-2025:plural,participant,7f75ff59f977415498e4ba5771f5b63637d3b0c2e6b2ed6c0a4f8e486267442f,https://www.proximafusion.com/press-news/proxima-fusion-raises-eu130m-series-a-to-build-worlds-first-stellarator-based-fusion-power-plant-in-the-2030s,,2026-10-05T17:52:53.024812+00:00,disclosed,"significant participation from UVC Partners, DeepTech & Climate Fonds (DTCF), Plural, Leitmotif, Lightspeed, Bayern Kapital, HTGF, Club degli Investitori, OMNES Capital, Elaia Partners, Visionaries Tomorrow, Wilbe, and redalpine"
proxima-series-a-2025:redalpine,participant,7f75ff59f977415498e4ba5771f5b63637d3b0c2e6b2ed6c0a4f8e486267442f,https://www.proximafusion.com/press-news/proxima-fusion-raises-eu130m-series-a-to-build-worlds-first-stellarator-based-fusion-power-plant-in-the-2030s,,2026-10-05T17:52:53.024812+00:00,disclosed,"significant participation from UVC Partners, DeepTech & Climate Fonds (DTCF), Plural, Leitmotif, Lightspeed, Bayern Kapital, HTGF, Club degli Investitori, OMNES Capital, Elaia Partners, Visionaries Tomorrow, Wilbe, and redalpine"
proxima-series-a-2025:uvc-partners,participant,7f75ff59f977415498e4ba5771f5b63637d3b0c2e6b2ed6c0a4f8e486267442f,https://www.proximafusion.com/press-news/proxima-fusion-raises-eu130m-series-a-to-build-worlds-first-stellarator-based-fusion-power-plant-in-the-2030s,,2026-10-05T17:52:53.024812+00:00,disclosed,"significant participation from UVC Partners, DeepTech & Climate Fonds (DTCF), Plural, Leitmotif, Lightspeed, Bayern Kapital, HTGF, Club degli Investitori, OMNES Capital, Elaia Partners, Visionaries Tomorrow, Wilbe, and redalpine"
proxima-series-a-2025:visionaries-club,participant,7f75ff59f977415498e4ba5771f5b63637d3b0c2e6b2ed6c0a4f8e486267442f,https://www.proximafusion.com/press-news/proxima-fusion-raises-eu130m-series-a-to-build-worlds-first-stellarator-based-fusion-power-plant-in-the-2030s,,2026-10-05T17:52:53.024812+00:00,disclosed,"significant participation from UVC Partners, DeepTech & Climate Fonds (DTCF), Plural, Leitmotif, Lightspeed, Bayern Kapital, HTGF, Club degli Investitori, OMNES Capital, Elaia Partners, Visionaries Tomorrow, Wilbe, and redalpine"
proxima-series-a-2025:wilbe,participant,7f75ff59f977415498e4ba5771f5b63637d3b0c2e6b2ed6c0a4f8e486267442f,https://www.proximafusion.com/press-news/proxima-fusion-raises-eu130m-series-a-to-build-worlds-first-stellarator-based-fusion-power-plant-in-the-2030s,,2026-10-05T17:52:53.024812+00:00,disclosed,"significant participation from UVC Partners, DeepTech & Climate Fonds (DTCF), Plural, Leitmotif, Lightspeed, Bayern Kapital, HTGF, Club degli Investitori, OMNES Capital, Elaia Partners, Visionaries Tomorrow, Wilbe, and redalpine"
proxima-series-a-extension-2025,amount,59df53065b48398ecd2f864f04697857d470cb3be88d5170e68028dd84343471,https://www.proximafusion.com/press-news/proxima-fusion-extends-series-a-to-200m-total-funding-as-it-accelerates-into-hardware-execution,,2026-10-05T18:49:26.091192+00:00,disclosed,The €15 million Series A extension brings the company’s total funding to €200 million ($230M)
proxima-series-a-extension-2025,announced_on,59df53065b48398ecd2f864f04697857d470cb3be88d5170e68028dd84343471,https://www.proximafusion.com/press-news/proxima-fusion-extends-series-a-to-200m-total-funding-as-it-accelerates-into-hardware-execution,,2026-10-05T18:49:26.091192+00:00,disclosed,"Munich, Germany – September 9, 2025"
proxima-series-a-extension-2025,round_label,59df53065b48398ecd2f864f04697857d470cb3be88d5170e68028dd84343471,https://www.proximafusion.com/press-news/proxima-fusion-extends-series-a-to-200m-total-funding-as-it-accelerates-into-hardware-execution,,2026-10-05T18:49:26.091192+00:00,disclosed,Proxima Fusion Extends Series A to €200M Total Funding
proxima-series-a-extension-2025:brevan-howard,participant,59df53065b48398ecd2f864f04697857d470cb3be88d5170e68028dd84343471,https://www.proximafusion.com/press-news/proxima-fusion-extends-series-a-to-200m-total-funding-as-it-accelerates-into-hardware-execution,,2026-10-05T18:49:26.091192+00:00,disclosed,Brevan Howard Macro Venture Fund
proxima-series-a-extension-2025:cdp-venture,participant,59df53065b48398ecd2f864f04697857d470cb3be88d5170e68028dd84343471,https://www.proximafusion.com/press-news/proxima-fusion-extends-series-a-to-200m-total-funding-as-it-accelerates-into-hardware-execution,,2026-10-05T18:49:26.091192+00:00,disclosed,new funding from CDP Venture Capital (Cassa Depositi e Prestiti Group)
proxima-series-a-extension-2025:eic,participant,59df53065b48398ecd2f864f04697857d470cb3be88d5170e68028dd84343471,https://www.proximafusion.com/press-news/proxima-fusion-extends-series-a-to-200m-total-funding-as-it-accelerates-into-hardware-execution,,2026-10-05T18:49:26.091192+00:00,disclosed,the European Innovation Council Fund (EICF)
proxima-stride-fusion-hub-2026,agreement,4d4f0eb089055427aec267916b0a3f72841d8fec5eafff5a07c534babec48213,https://www.bmftr.bund.de/SharedDocs/Kurzmeldungen/DE/2026/07/290726-fusionshubs.html,,2026-10-05T18:01:55.449963+00:00,disclosed,"Der von Proxima Fusion, Gauss Fusion und dem Max-Planck-Institut für Plasmaphysik koordinierte Hub"
proxima-stride-fusion-hub-2026,announced_on,4d4f0eb089055427aec267916b0a3f72841d8fec5eafff5a07c534babec48213,https://www.bmftr.bund.de/SharedDocs/Kurzmeldungen/DE/2026/07/290726-fusionshubs.html,,2026-10-05T18:01:55.449963+00:00,disclosed,Mit der Vorstellung der Fusionshubs am 29. Juli beginnt der Aufbau der Hubs
radiant-army-750m-2026,agreement,6818c19405cceb10a16d26fcdc02168cdc55dba82800b4758a2de4ff04cd4bd3,https://www.dcvc.com/news-insights/radiant-receives-750-million-army-award/,,2026-10-05T18:56:37.140842+00:00,reported,"Radiant was just awarded $ 750 million to provide 15 microre­ac­tors to the U.S. Army, with first delivery in 2028"
radiant-doe-reactor-pilot,agreement,d92aed237e3d72eebae1422dcd91a89156bb7ec851d5eb319adbd1bf1c0d3730,https://www.energy.gov/articles/department-energy-announces-initial-selections-new-reactor-pilot-program,,2026-10-05T17:59:18.711506+00:00,disclosed,"Each company will be responsible for all costs associated with designing, manufacturing, constructing, operating, and decommissioning their test reactors."
radiant-doe-sttr-trisofuel,amount,f70913f45b2fa0164b81db71c6d4e3d18f6af0d82b87b62dec3b60f46f9c8550,https://api.usaspending.gov/api/v2/search/spending_by_award/,,2026-10-05T17:54:36.586545+00:00,disclosed,"""Award Amount"":1348048.0"
radiant-doe-sttr-trisofuel,announced_on,f70913f45b2fa0164b81db71c6d4e3d18f6af0d82b87b62dec3b60f46f9c8550,https://api.usaspending.gov/api/v2/search/spending_by_award/,,2026-10-05T17:54:36.586545+00:00,disclosed,"""Base Obligation Date"":""2022-07-18"""
radiant-doe-sttr-trisofuel:doe-office-of-science,participant,f70913f45b2fa0164b81db71c6d4e3d18f6af0d82b87b62dec3b60f46f9c8550,https://api.usaspending.gov/api/v2/search/spending_by_award/,,2026-10-05T17:54:36.586545+00:00,disclosed,"""Awarding Agency"":""Department of Energy"""
radiant-equinix-20-reactors,agreement,f8b9b3565d9e4521d26ffd3a31ce9405d1c2bf7c80c66e9f864f088e422df3ce,https://siliconangle.com/2025/12/18/radiant-raises-300m-make-mass-produced-nuclear-reactors-reality/,,2026-10-05T18:55:54.326723+00:00,reported,"The company has already secured a deal with Equinix Inc., a global data center and interconnection provider, to purchase 20 reactors."
radiant-series-a-2022,amount,c409fb8f3631e5498a61319a76f280b43ea5e3c9f7284767f7741032d7a27e07,https://www.sec.gov/Archives/edgar/data/1914078/000191407822000001/primary_doc.xml,,2026-10-05T17:51:13.967765+00:00,disclosed,0 12619987 12619987 0
radiant-series-a-2022,announced_on,373ad10cfb5165655a7e2aadb56ab74ed58cbbe4a6a28deb18bda8b3c4f71c0c,https://www.usv.com/writing/2022/03/radiant/,,2026-10-05T17:59:00.571922+00:00,reported,"By Fred Wilson — March 9, 2022"
radiant-series-a-2022,round_label,d2390a8a644b3054b7dab1ab27cb867f8d46dcc95914461f49bf9dbf7871e99b,https://startupintros.com/news/2022-03-01-radiant-series-a,,2026-10-05T18:57:07.182494+00:00,reported,Radiant - $13M Series A
radiant-series-a-2022:union-square-ventures,participant,373ad10cfb5165655a7e2aadb56ab74ed58cbbe4a6a28deb18bda8b3c4f71c0c,https://www.usv.com/writing/2022/03/radiant/,,2026-10-05T17:59:00.571922+00:00,reported,USV’s Climate Fund recently led a $10mm round that will take Radiant through a number of important milestones
radiant-series-b-2023,amount,006d51f52b2f377d01e8dbff0bf38ef829741ea08f14242120b80a962984c35a,https://www.sec.gov/Archives/edgar/data/1914078/000191407823000001/primary_doc.xml,,2026-10-05T17:51:12.626200+00:00,disclosed,45075413 40714963 4360450
radiant-series-b-2023,announced_on,006d51f52b2f377d01e8dbff0bf38ef829741ea08f14242120b80a962984c35a,https://www.sec.gov/Archives/edgar/data/1914078/000191407823000001/primary_doc.xml,,2026-10-05T17:51:12.626200+00:00,disclosed,Chief Executive Officer 2023-04-18
radiant-series-b-2023,round_label,c3cff89aa90103411bfd24e64f0e727a0986f9d592cf3adea3e6345c560a89f2,https://startupintros.com/news/2023-04-01-radiant-series-b,,2026-10-05T18:55:56.252379+00:00,reported,Radiant - $40M Series B
radiant-series-c-2024,amount,138f6d7a8b708b2e4fffb1377086550ee614c4b34325cafc43f6416d968a7224,https://www.dcvc.com/news-insights/radiant-industries-raises-100-million-dcvc-climate-led-series-c-to-speed-microreactors-to-market/,,2026-10-05T18:55:55.275379+00:00,reported,DCVC Climate has led a $ 100 million Series C funding round for the company
radiant-series-c-2024,amount,3178f30407c3f890708d8ebab97c78bc541f1af8afec258585431888aa7644f8,https://www.sec.gov/Archives/edgar/data/1914078/000191407824000003/primary_doc.xml,,2026-10-05T17:51:11.369186+00:00,disclosed,0 99999999 99999999 0
radiant-series-c-2024,announced_on,138f6d7a8b708b2e4fffb1377086550ee614c4b34325cafc43f6416d968a7224,https://www.dcvc.com/news-insights/radiant-industries-raises-100-million-dcvc-climate-led-series-c-to-speed-microreactors-to-market/,,2026-10-05T18:55:55.275379+00:00,reported,14 Nov 2024
radiant-series-c-2024,round_label,138f6d7a8b708b2e4fffb1377086550ee614c4b34325cafc43f6416d968a7224,https://www.dcvc.com/news-insights/radiant-industries-raises-100-million-dcvc-climate-led-series-c-to-speed-microreactors-to-market/,,2026-10-05T18:55:55.275379+00:00,reported,DCVC Climate has led a $ 100 million Series C funding round for the company
radiant-series-c-2024,use_of_proceeds,138f6d7a8b708b2e4fffb1377086550ee614c4b34325cafc43f6416d968a7224,https://www.dcvc.com/news-insights/radiant-industries-raises-100-million-dcvc-climate-led-series-c-to-speed-microreactors-to-market/,,2026-10-05T18:55:55.275379+00:00,reported,Radiant will complete its Kaleidos Development Unit reactor and will conduct fueled demon­stra­tion tests in 2026
radiant-series-c-2024:dcvc,participant,138f6d7a8b708b2e4fffb1377086550ee614c4b34325cafc43f6416d968a7224,https://www.dcvc.com/news-insights/radiant-industries-raises-100-million-dcvc-climate-led-series-c-to-speed-microreactors-to-market/,,2026-10-05T18:55:55.275379+00:00,reported,DCVC Climate has led a $ 100 million Series C funding round for the company
radiant-series-c-extension-2025,amount,34d3b7dcdb24586040cbc6a11849a2d370c865237f3f3fa30ac304b42b7dfc87,https://www.sec.gov/Archives/edgar/data/1914078/000191407825000002/primary_doc.xml,,2026-10-05T17:51:09.865489+00:00,disclosed,0 66049991 66049991 0
radiant-series-c-extension-2025,announced_on,34d3b7dcdb24586040cbc6a11849a2d370c865237f3f3fa30ac304b42b7dfc87,https://www.sec.gov/Archives/edgar/data/1914078/000191407825000002/primary_doc.xml,,2026-10-05T17:51:09.865489+00:00,disclosed,Chief Operating Officer 2025-06-10
radiant-series-d-2025,amount,0bc643c1ed44ad2a01f85d5f33f9d6c58e10c7de0fbc209df8d7029413e36254,https://www.orrick.com/en/News/2025/12/Radiant-Closes-Over-300-Million-in-Series-D-Funding,,2026-10-05T18:55:52.763806+00:00,reported,has successfully closed a Series D financing raising more than $300 million
radiant-series-d-2025,amount,f8b9b3565d9e4521d26ffd3a31ce9405d1c2bf7c80c66e9f864f088e422df3ce,https://siliconangle.com/2025/12/18/radiant-raises-300m-make-mass-produced-nuclear-reactors-reality/,,2026-10-05T18:55:54.326723+00:00,reported,said Wednesday it has raised more than $300 million in a late-stage funding round
radiant-series-d-2025,announced_on,0bc643c1ed44ad2a01f85d5f33f9d6c58e10c7de0fbc209df8d7029413e36254,https://www.orrick.com/en/News/2025/12/Radiant-Closes-Over-300-Million-in-Series-D-Funding,,2026-10-05T18:55:52.763806+00:00,reported,December.17.2025
radiant-series-d-2025,round_label,0bc643c1ed44ad2a01f85d5f33f9d6c58e10c7de0fbc209df8d7029413e36254,https://www.orrick.com/en/News/2025/12/Radiant-Closes-Over-300-Million-in-Series-D-Funding,,2026-10-05T18:55:52.763806+00:00,reported,has successfully closed a Series D financing
radiant-series-d-2025,use_of_proceeds,0bc643c1ed44ad2a01f85d5f33f9d6c58e10c7de0fbc209df8d7029413e36254,https://www.orrick.com/en/News/2025/12/Radiant-Closes-Over-300-Million-in-Series-D-Funding,,2026-10-05T18:55:52.763806+00:00,reported,"prepares to break ground early next year on its recently announced R-50 factory in Oak Ridge, Tennessee"
radiant-series-d-2025:boost-vc,participant,0bc643c1ed44ad2a01f85d5f33f9d6c58e10c7de0fbc209df8d7029413e36254,https://www.orrick.com/en/News/2025/12/Radiant-Closes-Over-300-Million-in-Series-D-Funding,,2026-10-05T18:55:52.763806+00:00,reported,The round was led by Draper Associates and Boost VC
radiant-series-d-2025:draper-associates,participant,0bc643c1ed44ad2a01f85d5f33f9d6c58e10c7de0fbc209df8d7029413e36254,https://www.orrick.com/en/News/2025/12/Radiant-Closes-Over-300-Million-in-Series-D-Funding,,2026-10-05T18:55:52.763806+00:00,reported,The round was led by Draper Associates and Boost VC
radiant-series-d-upsize-2026,amount,236446086830fe8dd2e3517eb12d3945722b7cd09a2167692734d907b6b86afd,https://www.axios.com/pro/climate-deals/2026/01/07/radiant-series-d-350-million-advanced-nuclear,,2026-10-05T20:32:33.925647+00:00,reported,"Microreactor maker Radiant increased its latest Series D round to $350 million, up from $300 million a few weeks ago."
radiant-series-d-upsize-2026,announced_on,236446086830fe8dd2e3517eb12d3945722b7cd09a2167692734d907b6b86afd,https://www.axios.com/pro/climate-deals/2026/01/07/radiant-series-d-350-million-advanced-nuclear,,2026-10-05T20:32:33.925647+00:00,reported,"Katie Fehrenbacher Jan 7, 2026"
radiant-series-d-upsize-2026,round_label,236446086830fe8dd2e3517eb12d3945722b7cd09a2167692734d907b6b86afd,https://www.axios.com/pro/climate-deals/2026/01/07/radiant-series-d-350-million-advanced-nuclear,,2026-10-05T20:32:33.925647+00:00,reported,"Radiant boosts Series D to $350M, up from $300M just weeks ago"
radiant-usaf-fa864921p1143,amount,fdde8207282a509ddee633feea023b9375c3136ed9696dc73e71eb3ec079a1e1,https://api.usaspending.gov/api/v2/search/spending_by_award/,,2026-10-05T17:54:33.284368+00:00,disclosed,"""Award Amount"":45299.0"
radiant-usaf-fa864921p1143,announced_on,fdde8207282a509ddee633feea023b9375c3136ed9696dc73e71eb3ec079a1e1,https://api.usaspending.gov/api/v2/search/spending_by_award/,,2026-10-05T17:54:33.284368+00:00,disclosed,"""Base Obligation Date"":""2021-04-16"""
radiant-usaf-fa864921p1143:dod-afrl,participant,fdde8207282a509ddee633feea023b9375c3136ed9696dc73e71eb3ec079a1e1,https://api.usaspending.gov/api/v2/search/spending_by_award/,,2026-10-05T17:54:33.284368+00:00,disclosed,"""Awarding Sub Agency"":""Department of the Air Force"""
radiant-usaf-fa864923p0464,amount,fdde8207282a509ddee633feea023b9375c3136ed9696dc73e71eb3ec079a1e1,https://api.usaspending.gov/api/v2/search/spending_by_award/,,2026-10-05T17:54:33.284368+00:00,disclosed,"""Award Amount"":1249967.0"
radiant-usaf-fa864923p0464,announced_on,fdde8207282a509ddee633feea023b9375c3136ed9696dc73e71eb3ec079a1e1,https://api.usaspending.gov/api/v2/search/spending_by_award/,,2026-10-05T17:54:33.284368+00:00,disclosed,"""Base Obligation Date"":""2023-02-08"""
radiant-usaf-fa864923p0464:dod-afrl,participant,fdde8207282a509ddee633feea023b9375c3136ed9696dc73e71eb3ec079a1e1,https://api.usaspending.gov/api/v2/search/spending_by_award/,,2026-10-05T17:54:33.284368+00:00,disclosed,"""Awarding Sub Agency"":""Department of the Air Force"""
realta-doe-fusion-award-2023,amount,47f1beaac3110fb224ac6c0263719799775da65b23fffd98eacf0a7bbf8a0f96,https://www.prweb.com/releases/Realta_Fusion_Launches_with_12_Million_in_Funding_to_Develop_Fusion_Energy/prweb19362971.htm,,2026-10-05T18:51:54.268432+00:00,disclosed,received an award of $3 million from the US Department of Energy’s Fusion Development Program
realta-doe-fusion-award-2023,announced_on,47f1beaac3110fb224ac6c0263719799775da65b23fffd98eacf0a7bbf8a0f96,https://www.prweb.com/releases/Realta_Fusion_Launches_with_12_Million_in_Funding_to_Develop_Fusion_Energy/prweb19362971.htm,,2026-10-05T18:51:54.268432+00:00,disclosed,"May 31, 2023"
realta-doe-fusion-award-2023:doe-fes,participant,47f1beaac3110fb224ac6c0263719799775da65b23fffd98eacf0a7bbf8a0f96,https://www.prweb.com/releases/Realta_Fusion_Launches_with_12_Million_in_Funding_to_Develop_Fusion_Energy/prweb19362971.htm,,2026-10-05T18:51:54.268432+00:00,disclosed,received an award of $3 million from the US Department of Energy’s Fusion Development Program
realta-doe-milestone-desc0024887,amount,68a662a61791601aae0c86fa680dd3d3ff291d72b8b952bbdb666191c5c569ef,https://api.usaspending.gov/api/v2/awards/ASST_NON_DESC0024887_089/,,2026-10-05T18:52:04.316728+00:00,disclosed,"""total_obligation"": 12467500.0"
realta-doe-milestone-desc0024887,announced_on,68a662a61791601aae0c86fa680dd3d3ff291d72b8b952bbdb666191c5c569ef,https://api.usaspending.gov/api/v2/awards/ASST_NON_DESC0024887_089/,,2026-10-05T18:52:04.316728+00:00,disclosed,"""date_signed"": ""2024-06-03"""
realta-doe-milestone-desc0024887:doe-fes,participant,68a662a61791601aae0c86fa680dd3d3ff291d72b8b952bbdb666191c5c569ef,https://api.usaspending.gov/api/v2/awards/ASST_NON_DESC0024887_089/,,2026-10-05T18:52:04.316728+00:00,disclosed,"""total_obligation"": 12467500.0"
realta-doe-sc-desc0026626,amount,3274b03dafeb6a0ff5e487634f7882f21bc5df6d16046db819ca219dc80e14b1,https://api.usaspending.gov/api/v2/awards/ASST_NON_DESC0026626_089/,,2026-10-05T18:52:10.606872+00:00,disclosed,"""total_obligation"": 350000.0"
realta-doe-sc-desc0026626,announced_on,3274b03dafeb6a0ff5e487634f7882f21bc5df6d16046db819ca219dc80e14b1,https://api.usaspending.gov/api/v2/awards/ASST_NON_DESC0026626_089/,,2026-10-05T18:52:10.606872+00:00,disclosed,"""date_signed"": ""2026-08-31"""
realta-doe-sc-desc0026626:doe-fes,participant,3274b03dafeb6a0ff5e487634f7882f21bc5df6d16046db819ca219dc80e14b1,https://api.usaspending.gov/api/v2/awards/ASST_NON_DESC0026626_089/,,2026-10-05T18:52:10.606872+00:00,disclosed,"""total_obligation"": 350000.0"
realta-seed-2023,amount,47f1beaac3110fb224ac6c0263719799775da65b23fffd98eacf0a7bbf8a0f96,https://www.prweb.com/releases/Realta_Fusion_Launches_with_12_Million_in_Funding_to_Develop_Fusion_Energy/prweb19362971.htm,,2026-10-05T18:51:54.268432+00:00,disclosed,The company raised a seed investment of $9 million led by Khosla Ventures
realta-seed-2023,announced_on,47f1beaac3110fb224ac6c0263719799775da65b23fffd98eacf0a7bbf8a0f96,https://www.prweb.com/releases/Realta_Fusion_Launches_with_12_Million_in_Funding_to_Develop_Fusion_Energy/prweb19362971.htm,,2026-10-05T18:51:54.268432+00:00,disclosed,"May 31, 2023"
realta-seed-2023,round_label,47f1beaac3110fb224ac6c0263719799775da65b23fffd98eacf0a7bbf8a0f96,https://www.prweb.com/releases/Realta_Fusion_Launches_with_12_Million_in_Funding_to_Develop_Fusion_Energy/prweb19362971.htm,,2026-10-05T18:51:54.268432+00:00,disclosed,The company raised a seed investment of $9 million led by Khosla Ventures
realta-seed-2023:khosla-ventures,participant,47f1beaac3110fb224ac6c0263719799775da65b23fffd98eacf0a7bbf8a0f96,https://www.prweb.com/releases/Realta_Fusion_Launches_with_12_Million_in_Funding_to_Develop_Fusion_Energy/prweb19362971.htm,,2026-10-05T18:51:54.268432+00:00,disclosed,The company raised a seed investment of $9 million led by Khosla Ventures
realta-seed-2023:wisconsin-alumni-research-foundation,participant,47f1beaac3110fb224ac6c0263719799775da65b23fffd98eacf0a7bbf8a0f96,https://www.prweb.com/releases/Realta_Fusion_Launches_with_12_Million_in_Funding_to_Develop_Fusion_Energy/prweb19362971.htm,,2026-10-05T18:51:54.268432+00:00,disclosed,"The Wisconsin Alumni Research Foundation (WARF), through which Realta licensed its core technology, also participated in the seed round."
realta-series-a-2025,amount,3a18e073c10da9a70fb8f28c18b37523c9881b32716a00aa7f4cf31449590d2b,https://www.prnewswire.com/news-releases/realta-fusion-raises-36-million-series-a-to-advance-compact-scalable-modular-fusion-energy-302452726.html,,2026-10-05T18:51:53.353096+00:00,disclosed,oversubscribed $36 million Series A round
realta-series-a-2025,amount,f8b07ae53dcd62b475d1cbb0c0da7a998d01edc5b3133ff593b172838b46955d,https://www.sec.gov/Archives/edgar/data/1978452/000197845225000002/primary_doc.xml,,2026-10-05T17:55:15.869921+00:00,disclosed,35510568 35510568
realta-series-a-2025,announced_on,3a18e073c10da9a70fb8f28c18b37523c9881b32716a00aa7f4cf31449590d2b,https://www.prnewswire.com/news-releases/realta-fusion-raises-36-million-series-a-to-advance-compact-scalable-modular-fusion-energy-302452726.html,,2026-10-05T18:51:53.353096+00:00,disclosed,"May 13, 2025, 08:00 ET"
realta-series-a-2025,round_label,3a18e073c10da9a70fb8f28c18b37523c9881b32716a00aa7f4cf31449590d2b,https://www.prnewswire.com/news-releases/realta-fusion-raises-36-million-series-a-to-advance-compact-scalable-modular-fusion-energy-302452726.html,,2026-10-05T18:51:53.353096+00:00,disclosed,oversubscribed $36 million Series A round
realta-series-a-2025:avila-vc,participant,3a18e073c10da9a70fb8f28c18b37523c9881b32716a00aa7f4cf31449590d2b,https://www.prnewswire.com/news-releases/realta-fusion-raises-36-million-series-a-to-advance-compact-scalable-modular-fusion-energy-302452726.html,,2026-10-05T18:51:53.353096+00:00,disclosed,"Future Ventures led the round with participation from Mayfield, GSBackers, SiteGround, Avila VC, and other investors."
realta-series-a-2025:future-ventures,participant,3a18e073c10da9a70fb8f28c18b37523c9881b32716a00aa7f4cf31449590d2b,https://www.prnewswire.com/news-releases/realta-fusion-raises-36-million-series-a-to-advance-compact-scalable-modular-fusion-energy-302452726.html,,2026-10-05T18:51:53.353096+00:00,disclosed,"Future Ventures led the round with participation from Mayfield, GSBackers, SiteGround, Avila VC, and other investors."
realta-series-a-2025:gsbackers,participant,3a18e073c10da9a70fb8f28c18b37523c9881b32716a00aa7f4cf31449590d2b,https://www.prnewswire.com/news-releases/realta-fusion-raises-36-million-series-a-to-advance-compact-scalable-modular-fusion-energy-302452726.html,,2026-10-05T18:51:53.353096+00:00,disclosed,"Future Ventures led the round with participation from Mayfield, GSBackers, SiteGround, Avila VC, and other investors."
realta-series-a-2025:khosla-ventures,participant,3a18e073c10da9a70fb8f28c18b37523c9881b32716a00aa7f4cf31449590d2b,https://www.prnewswire.com/news-releases/realta-fusion-raises-36-million-series-a-to-advance-compact-scalable-modular-fusion-energy-302452726.html,,2026-10-05T18:51:53.353096+00:00,disclosed,"Existing Realta Fusion investors Khosla Ventures, Wisconsin Alumni Research Foundation, and TitletownTech also participated in the round."
realta-series-a-2025:mayfield,participant,3a18e073c10da9a70fb8f28c18b37523c9881b32716a00aa7f4cf31449590d2b,https://www.prnewswire.com/news-releases/realta-fusion-raises-36-million-series-a-to-advance-compact-scalable-modular-fusion-energy-302452726.html,,2026-10-05T18:51:53.353096+00:00,disclosed,"Future Ventures led the round with participation from Mayfield, GSBackers, SiteGround, Avila VC, and other investors."
realta-series-a-2025:siteground,participant,3a18e073c10da9a70fb8f28c18b37523c9881b32716a00aa7f4cf31449590d2b,https://www.prnewswire.com/news-releases/realta-fusion-raises-36-million-series-a-to-advance-compact-scalable-modular-fusion-energy-302452726.html,,2026-10-05T18:51:53.353096+00:00,disclosed,"Future Ventures led the round with participation from Mayfield, GSBackers, SiteGround, Avila VC, and other investors."
realta-series-a-2025:titletowntech,participant,3a18e073c10da9a70fb8f28c18b37523c9881b32716a00aa7f4cf31449590d2b,https://www.prnewswire.com/news-releases/realta-fusion-raises-36-million-series-a-to-advance-compact-scalable-modular-fusion-energy-302452726.html,,2026-10-05T18:51:53.353096+00:00,disclosed,"Existing Realta Fusion investors Khosla Ventures, Wisconsin Alumni Research Foundation, and TitletownTech also participated in the round."
realta-series-a-2025:wisconsin-alumni-research-foundation,participant,3a18e073c10da9a70fb8f28c18b37523c9881b32716a00aa7f4cf31449590d2b,https://www.prnewswire.com/news-releases/realta-fusion-raises-36-million-series-a-to-advance-compact-scalable-modular-fusion-energy-302452726.html,,2026-10-05T18:51:53.353096+00:00,disclosed,"Existing Realta Fusion investors Khosla Ventures, Wisconsin Alumni Research Foundation, and TitletownTech also participated in the round."
realta-svb-facility-2026,amount,5f641b493fa49f9cc98acfb01ca32b0c6db37c0c06a9e82121464278f5dde121,https://www.svb.com/news/client-news/realta-fusion-secures-$9.5-million-growth-capital-facility-from-silicon-valley-bank-a-division-of-first-citizens-bank/,,2026-10-05T18:50:58.124611+00:00,disclosed,has provided a growth capital facility of $9.5 million to fusion energy startup Realta Fusion
realta-svb-facility-2026,announced_on,5f641b493fa49f9cc98acfb01ca32b0c6db37c0c06a9e82121464278f5dde121,https://www.svb.com/news/client-news/realta-fusion-secures-$9.5-million-growth-capital-facility-from-silicon-valley-bank-a-division-of-first-citizens-bank/,,2026-10-05T18:50:58.124611+00:00,disclosed,"Published February 17, 2026"
realta-svb-facility-2026:silicon-valley-bank,participant,5f641b493fa49f9cc98acfb01ca32b0c6db37c0c06a9e82121464278f5dde121,https://www.svb.com/news/client-news/realta-fusion-secures-$9.5-million-growth-capital-facility-from-silicon-valley-bank-a-division-of-first-citizens-bank/,,2026-10-05T18:50:58.124611+00:00,disclosed,has provided a growth capital facility of $9.5 million to fusion energy startup Realta Fusion
renaissance-fusion-2023-seed,amount,e336a56a06d8c40ca9708a6f43b9b39befdacef273b2f6ea6e30341ecf15844e,https://www.lejournaldesentreprises.com/breve/renaissance-fusion-decroche-une-subvention-de-10-millions-deuros-dans-le-cadre-de-france-2030-2078531,,2026-10-05T18:49:45.114392+00:00,reported,Après avoir levé 15 millions d’euros début 2023
renaissance-fusion-2023-seed,announced_on,8d8dbd24ad28e04c8bc644ebb62fdb806fc94cba76762a4836b02147d4586855,https://www.lejournaldesentreprises.com/article/renaissance-fusion-leve-32-millions-deuros-2114998,,2026-10-05T18:49:11.753761+00:00,reported,lors d’un tour de table annoncé en janvier 2023
renaissance-fusion-2023-seed:lowercarbon-capital,participant,8d8dbd24ad28e04c8bc644ebb62fdb806fc94cba76762a4836b02147d4586855,https://www.lejournaldesentreprises.com/article/renaissance-fusion-leve-32-millions-deuros-2114998,,2026-10-05T18:49:11.753761+00:00,reported,aux côtés du fonds américain Lowercarbon Capital qui avait déjà investi lors d’un tour de table annoncé en janvier 2023
renaissance-fusion-2024-france2030-grant,amount,e336a56a06d8c40ca9708a6f43b9b39befdacef273b2f6ea6e30341ecf15844e,https://www.lejournaldesentreprises.com/breve/renaissance-fusion-decroche-une-subvention-de-10-millions-deuros-dans-le-cadre-de-france-2030-2078531,,2026-10-05T18:49:45.114392+00:00,reported,bénéficie d’une subvention de 10 millions d’euros de la part de Bpifrance
renaissance-fusion-2024-france2030-grant,announced_on,e336a56a06d8c40ca9708a6f43b9b39befdacef273b2f6ea6e30341ecf15844e,https://www.lejournaldesentreprises.com/breve/renaissance-fusion-decroche-une-subvention-de-10-millions-deuros-dans-le-cadre-de-france-2030-2078531,,2026-10-05T18:49:45.114392+00:00,reported,Publié le 12 janvier 2024
renaissance-fusion-2024-france2030-grant:bpifrance,participant,e336a56a06d8c40ca9708a6f43b9b39befdacef273b2f6ea6e30341ecf15844e,https://www.lejournaldesentreprises.com/breve/renaissance-fusion-decroche-une-subvention-de-10-millions-deuros-dans-le-cadre-de-france-2030-2078531,,2026-10-05T18:49:45.114392+00:00,reported,subvention de 10 millions d’euros de la part de Bpifrance
renaissance-fusion-2025-series-a1,amount,8d8dbd24ad28e04c8bc644ebb62fdb806fc94cba76762a4836b02147d4586855,https://www.lejournaldesentreprises.com/article/renaissance-fusion-leve-32-millions-deuros-2114998,,2026-10-05T18:49:11.753761+00:00,reported,a levé 32 millions d’euros auprès du Crédit Mutuel et du fonds américain Lowercarbon Capital
renaissance-fusion-2025-series-a1,announced_on,8d8dbd24ad28e04c8bc644ebb62fdb806fc94cba76762a4836b02147d4586855,https://www.lejournaldesentreprises.com/article/renaissance-fusion-leve-32-millions-deuros-2114998,,2026-10-05T18:49:11.753761+00:00,reported,Publié le 7 mars 2025
renaissance-fusion-2025-series-a1,round_label,8d8dbd24ad28e04c8bc644ebb62fdb806fc94cba76762a4836b02147d4586855,https://www.lejournaldesentreprises.com/article/renaissance-fusion-leve-32-millions-deuros-2114998,,2026-10-05T18:49:11.753761+00:00,reported,Une série A2 pourrait venir compléter cette opération
renaissance-fusion-2025-series-a1:credit-mutuel-alliance-federale,participant,8d8dbd24ad28e04c8bc644ebb62fdb806fc94cba76762a4836b02147d4586855,https://www.lejournaldesentreprises.com/article/renaissance-fusion-leve-32-millions-deuros-2114998,,2026-10-05T18:49:11.753761+00:00,reported,abondé par le dividende sociétal du Crédit Mutuel Alliance Fédérale a mené ce tour de table
renaissance-fusion-2025-series-a1:lowercarbon-capital,participant,8d8dbd24ad28e04c8bc644ebb62fdb806fc94cba76762a4836b02147d4586855,https://www.lejournaldesentreprises.com/article/renaissance-fusion-leve-32-millions-deuros-2114998,,2026-10-05T18:49:11.753761+00:00,reported,aux côtés du fonds américain Lowercarbon Capital
rr-smr-2021-equity,amount,310d59a431f8d1deb22ade48348e19cf9e656db98faf5ff48b7cc68aab7ca438,https://www.world-nuclear-news.org/Articles/Rolls-Royce-secures-funding-for-SMR-deployment,,2026-10-05T18:59:08.047214+00:00,reported,"Rolls-Royce Group, BNF Resources UK Limited and Exelon Generation Limited will invest GBP195 million over about three years in the new business"
rr-smr-2021-equity,announced_on,310d59a431f8d1deb22ade48348e19cf9e656db98faf5ff48b7cc68aab7ca438,https://www.world-nuclear-news.org/Articles/Rolls-Royce-secures-funding-for-SMR-deployment,,2026-10-05T18:59:08.047214+00:00,reported,"Rolls-Royce secures funding for SMR deployment Tuesday, 9 November 2021"
rr-smr-2021-equity:bnf-resources,participant,310d59a431f8d1deb22ade48348e19cf9e656db98faf5ff48b7cc68aab7ca438,https://www.world-nuclear-news.org/Articles/Rolls-Royce-secures-funding-for-SMR-deployment,,2026-10-05T18:59:08.047214+00:00,reported,"Rolls-Royce Group, BNF Resources UK Limited and Exelon Generation Limited will invest GBP195 million"
rr-smr-2021-equity:exelon,participant,310d59a431f8d1deb22ade48348e19cf9e656db98faf5ff48b7cc68aab7ca438,https://www.world-nuclear-news.org/Articles/Rolls-Royce-secures-funding-for-SMR-deployment,,2026-10-05T18:59:08.047214+00:00,reported,"Rolls-Royce Group, BNF Resources UK Limited and Exelon Generation Limited will invest GBP195 million"
rr-smr-2021-equity:rolls-royce-group,participant,310d59a431f8d1deb22ade48348e19cf9e656db98faf5ff48b7cc68aab7ca438,https://www.world-nuclear-news.org/Articles/Rolls-Royce-secures-funding-for-SMR-deployment,,2026-10-05T18:59:08.047214+00:00,reported,"Rolls-Royce Group, BNF Resources UK Limited and Exelon Generation Limited will invest GBP195 million"
rr-smr-2021-ukri-grant,amount,4e3ca7766b7b23879e0ed7190aa535024d44cbc038864cf1ee7bea3f936b4f52,https://www.gov.uk/government/news/uk-backs-new-small-nuclear-technology-with-210-million,,2026-10-05T18:59:07.417148+00:00,disclosed,has been backed by £210 million in new government funding for Rolls-Royce SMR
rr-smr-2021-ukri-grant,announced_on,4e3ca7766b7b23879e0ed7190aa535024d44cbc038864cf1ee7bea3f936b4f52,https://www.gov.uk/government/news/uk-backs-new-small-nuclear-technology-with-210-million,,2026-10-05T18:59:07.417148+00:00,disclosed,Published: 9 November 2021
rr-smr-2021-ukri-grant:innovate-uk,participant,2102492e833e34419c5aa8710e0bcb9f287ef4d473edbb062ccc27eb6386199f,https://www.rolls-royce-smr.com/our-investors,,2026-10-05T18:53:56.091171+00:00,disclosed,Rolls-Royce SMR is supported by £210million grant funding from UKRI
rr-smr-2024-cez-stake,announced_on,da16d810ab42f9c6e1b6990061160845c9b107079a57ff90bba08bc76b4804a5,https://www.world-nuclear-news.org/articles/cez-takes-rolls-royce-smr-stake-plans-to-deploy-3gw-fleet,,2026-10-05T18:59:09.205750+00:00,reported,"Tuesday, 29 October 2024 Czech Republic nuclear power operator ČEZ Group has taken a 20% stake in Rolls-Royce SMR"
rr-smr-2024-cez-stake:cez,participant,da16d810ab42f9c6e1b6990061160845c9b107079a57ff90bba08bc76b4804a5,https://www.world-nuclear-news.org/articles/cez-takes-rolls-royce-smr-stake-plans-to-deploy-3gw-fleet,,2026-10-05T18:59:09.205750+00:00,reported,ČEZ Group has taken a 20% stake in Rolls-Royce SMR
rr-smr-2026-nwf-loan,amount,9a00c2ac2d6fbfbdd477f74f28b55d63f4df43fc855eb76326a19aa2c99d92c2,https://www.newcivilengineer.com/latest/rolls-royce-smr-secures-wylfa-contract-and-599m-government-loan-13-04-2026/,,2026-10-05T18:51:09.387160+00:00,reported,National Wealth Fund also announced it was making a loan of up to £599M available to Rolls-Royce SMR for its generic design work
rr-smr-2026-nwf-loan,announced_on,9a00c2ac2d6fbfbdd477f74f28b55d63f4df43fc855eb76326a19aa2c99d92c2,https://www.newcivilengineer.com/latest/rolls-royce-smr-secures-wylfa-contract-and-599m-government-loan-13-04-2026/,,2026-10-05T18:51:09.387160+00:00,reported,"Rolls-Royce SMR secures Wylfa contract and £599M government loan 13 Apr, 2026"
rr-smr-2026-nwf-loan:nwf,participant,9a00c2ac2d6fbfbdd477f74f28b55d63f4df43fc855eb76326a19aa2c99d92c2,https://www.newcivilengineer.com/latest/rolls-royce-smr-secures-wylfa-contract-and-599m-government-loan-13-04-2026/,,2026-10-05T18:51:09.387160+00:00,reported,National Wealth Fund also announced it was making a loan of up to £599M
rr-smr-gbe-n-contract-2026,agreement,bbe467088d7bc6e59e1d546d2733d71546d0569494df2783cfed148feb0a19d0,https://www.gov.uk/government/news/great-british-energy-nuclear-and-rolls-royce-smr-sign-contract,,2026-10-05T18:01:56.790982+00:00,disclosed,"has signed a contract with Rolls‑Royce SMR, formally commencing technology design activities"
rr-smr-gbe-n-contract-2026,announced_on,bbe467088d7bc6e59e1d546d2733d71546d0569494df2783cfed148feb0a19d0,https://www.gov.uk/government/news/great-british-energy-nuclear-and-rolls-royce-smr-sign-contract,,2026-10-05T18:01:56.790982+00:00,disclosed,Published: 13 April 2026
rr-smr-gbe-n-contract-2026,capacity_mw,9a00c2ac2d6fbfbdd477f74f28b55d63f4df43fc855eb76326a19aa2c99d92c2,https://www.newcivilengineer.com/latest/rolls-royce-smr-secures-wylfa-contract-and-599m-government-loan-13-04-2026/,,2026-10-05T18:51:09.387160+00:00,reported,its three 470MW small modular reactors (SMRs) at Wylfa in North Wales
safe-2024-q1,amount,b102927bb4983e092b60728911bf3d111aaa04782aff97cd2e504e29e08db2c5,https://www.sec.gov/Archives/edgar/data/1849056/000110465924052980/tm2324337-23_424b3.htm,,2026-10-05T17:54:33.441542+00:00,disclosed,"the issuance of $10,232,000 ($1,864,800 at $300 million valuation cap and $8,367,200 at $500 million valuation cap) SAFE Notes between January 2024 through March 14, 2024"
safe-2024-q1,announced_on,b102927bb4983e092b60728911bf3d111aaa04782aff97cd2e504e29e08db2c5,https://www.sec.gov/Archives/edgar/data/1849056/000110465924052980/tm2324337-23_424b3.htm,,2026-10-05T17:54:33.441542+00:00,disclosed,"SAFE Notes between January 2024 through March 14, 2024"
safe-dcvc-2022-07,amount,b102927bb4983e092b60728911bf3d111aaa04782aff97cd2e504e29e08db2c5,https://www.sec.gov/Archives/edgar/data/1849056/000110465924052980/tm2324337-23_424b3.htm,,2026-10-05T17:54:33.441542+00:00,disclosed,"In July 2022, Oklo issued and sold $2,000,000 of Oklo SAFEs in a private financing round to Data Collective IV, L.P."
safe-dcvc-2022-07,announced_on,b102927bb4983e092b60728911bf3d111aaa04782aff97cd2e504e29e08db2c5,https://www.sec.gov/Archives/edgar/data/1849056/000110465924052980/tm2324337-23_424b3.htm,,2026-10-05T17:54:33.441542+00:00,disclosed,"In July 2022, Oklo issued and sold $2,000,000 of Oklo SAFEs"
safe-dcvc-2022-07:dcvc,participant,b102927bb4983e092b60728911bf3d111aaa04782aff97cd2e504e29e08db2c5,https://www.sec.gov/Archives/edgar/data/1849056/000110465924052980/tm2324337-23_424b3.htm,,2026-10-05T17:54:33.441542+00:00,disclosed,"In July 2022, Oklo issued and sold $2,000,000 of Oklo SAFEs in a private financing round to Data Collective IV, L.P."
safe-liberty-2023-07,amount,b102927bb4983e092b60728911bf3d111aaa04782aff97cd2e504e29e08db2c5,https://www.sec.gov/Archives/edgar/data/1849056/000110465924052980/tm2324337-23_424b3.htm,,2026-10-05T17:54:33.441542+00:00,disclosed,"In July 2023, Oklo issued and sold $10,000,000 of Oklo SAFEs in a private financing round to Liberty Oilfield Services LLC"
safe-liberty-2023-07,announced_on,b102927bb4983e092b60728911bf3d111aaa04782aff97cd2e504e29e08db2c5,https://www.sec.gov/Archives/edgar/data/1849056/000110465924052980/tm2324337-23_424b3.htm,,2026-10-05T17:54:33.441542+00:00,disclosed,"In July 2023, Oklo issued and sold $10,000,000 of Oklo SAFEs"
safe-liberty-2023-07:liberty-energy,participant,b102927bb4983e092b60728911bf3d111aaa04782aff97cd2e504e29e08db2c5,https://www.sec.gov/Archives/edgar/data/1849056/000110465924052980/tm2324337-23_424b3.htm,,2026-10-05T17:54:33.441542+00:00,disclosed,"In July 2023, Oklo issued and sold $10,000,000 of Oklo SAFEs in a private financing round to Liberty Oilfield Services LLC"
samsung-ct-strategic-investment-2026,amount,2c8f52b501c32a52d90900ce956e434f4c213f73607e2ea3c1f0a8c51d264662,https://kairospower.com/updates/kairos-power-and-samsung-c-t-agree-to-pursue-strategic-investment-and-collaboration-for-kp-fhr-deployment,,2026-10-05T17:52:53.951306+00:00,disclosed,"Samsung C&T has agreed to provide up to $100 million through a combination of direct investment and in-kind engineering services, subject to regulatory approvals"
samsung-ct-strategic-investment-2026,announced_on,2c8f52b501c32a52d90900ce956e434f4c213f73607e2ea3c1f0a8c51d264662,https://kairospower.com/updates/kairos-power-and-samsung-c-t-agree-to-pursue-strategic-investment-and-collaboration-for-kp-fhr-deployment,,2026-10-05T17:52:53.951306+00:00,disclosed,"Strategic Investment and Collaboration for KP-FHR Deployment September 21, 2026"
samsung-ct-strategic-investment-2026,round_label,2c8f52b501c32a52d90900ce956e434f4c213f73607e2ea3c1f0a8c51d264662,https://kairospower.com/updates/kairos-power-and-samsung-c-t-agree-to-pursue-strategic-investment-and-collaboration-for-kp-fhr-deployment,,2026-10-05T17:52:53.951306+00:00,disclosed,the signing of a binding term sheet for Samsung C&T to make a strategic investment in Kairos Power
samsung-ct-strategic-investment-2026:samsung-ct,participant,2c8f52b501c32a52d90900ce956e434f4c213f73607e2ea3c1f0a8c51d264662,https://kairospower.com/updates/kairos-power-and-samsung-c-t-agree-to-pursue-strategic-investment-and-collaboration-for-kp-fhr-deployment,,2026-10-05T17:52:53.951306+00:00,disclosed,Kairos Power and Samsung C&T Engineering & Construction Group (“Samsung C&T”) today announced the signing of a binding term sheet
series-c1-2024,amount,db86c83fcbef8023e810745e7dedfcbc8704e21ac346c0f6ef6efef96fc5f87f,https://www.sec.gov/Archives/edgar/data/2088896/000110465926049515/tm2527015-22_424b4.htm,,2026-10-05T17:52:28.012718+00:00,disclosed,"During the year ended December 31, 2024, we successfully raised $626.5 million from issuance of Series C-1 Preferred Units"
series-c1-2024,amount,db86c83fcbef8023e810745e7dedfcbc8704e21ac346c0f6ef6efef96fc5f87f,https://www.sec.gov/Archives/edgar/data/2088896/000110465926049515/tm2527015-22_424b4.htm,,2026-10-05T17:52:28.012718+00:00,disclosed,receipt of gross cash proceeds of approximately $626.5 million from various investors
series-c1-2024,announced_on,db86c83fcbef8023e810745e7dedfcbc8704e21ac346c0f6ef6efef96fc5f87f,https://www.sec.gov/Archives/edgar/data/2088896/000110465926049515/tm2527015-22_424b4.htm,,2026-10-05T17:52:28.012718+00:00,disclosed,"On October 11, 2024, in conjunction with the Series C-1 Preferred Units financing"
series-c1-2024:amazon,participant,db86c83fcbef8023e810745e7dedfcbc8704e21ac346c0f6ef6efef96fc5f87f,https://www.sec.gov/Archives/edgar/data/2088896/000110465926049515/tm2527015-22_424b4.htm,,2026-10-05T17:52:28.012718+00:00,disclosed,Amazon made an equity investment in X-energy in 2024
series-c1-2024:ares-management,participant,f2d85e1bc5eaabffb867aa868016a7ee11bc2e52c97f4e585f3b63086d307b9b,https://web.archive.org/web/2/https://x-energy.com/news/amazon-invests-in-x-energy-to-support-advanced-small-modular-nuclear-reactors-and-expand-carbon-free-power/,https://x-energy.com/news/amazon-invests-in-x-energy-to-support-advanced-small-modular-nuclear-reactors-and-expand-carbon-free-power/,2026-10-05T20:33:03.318786+00:00,disclosed,"Citadel Founder and CEO Ken Griffin, affiliates of Ares Management Corporation (“Ares”), NGP, and the University of Michigan join Amazon’s Climate Pledge Fund in the financing round."
series-c1-2024:ken-griffin,participant,f2d85e1bc5eaabffb867aa868016a7ee11bc2e52c97f4e585f3b63086d307b9b,https://web.archive.org/web/2/https://x-energy.com/news/amazon-invests-in-x-energy-to-support-advanced-small-modular-nuclear-reactors-and-expand-carbon-free-power/,https://x-energy.com/news/amazon-invests-in-x-energy-to-support-advanced-small-modular-nuclear-reactors-and-expand-carbon-free-power/,2026-10-05T20:33:03.318786+00:00,disclosed,"Citadel Founder and CEO Ken Griffin, affiliates of Ares Management Corporation (“Ares”), NGP, and the University of Michigan join Amazon’s Climate Pledge Fund in the financing round."
series-c1-2024:ngp,participant,f2d85e1bc5eaabffb867aa868016a7ee11bc2e52c97f4e585f3b63086d307b9b,https://web.archive.org/web/2/https://x-energy.com/news/amazon-invests-in-x-energy-to-support-advanced-small-modular-nuclear-reactors-and-expand-carbon-free-power/,https://x-energy.com/news/amazon-invests-in-x-energy-to-support-advanced-small-modular-nuclear-reactors-and-expand-carbon-free-power/,2026-10-05T20:33:03.318786+00:00,disclosed,"Citadel Founder and CEO Ken Griffin, affiliates of Ares Management Corporation (“Ares”), NGP, and the University of Michigan join Amazon’s Climate Pledge Fund in the financing round."
series-c1-2024:university-of-michigan,participant,f2d85e1bc5eaabffb867aa868016a7ee11bc2e52c97f4e585f3b63086d307b9b,https://web.archive.org/web/2/https://x-energy.com/news/amazon-invests-in-x-energy-to-support-advanced-small-modular-nuclear-reactors-and-expand-carbon-free-power/,https://x-energy.com/news/amazon-invests-in-x-energy-to-support-advanced-small-modular-nuclear-reactors-and-expand-carbon-free-power/,2026-10-05T20:33:03.318786+00:00,disclosed,"Citadel Founder and CEO Ken Griffin, affiliates of Ares Management Corporation (“Ares”), NGP, and the University of Michigan join Amazon’s Climate Pledge Fund in the financing round."
series-c1-extension-2025,amount,db86c83fcbef8023e810745e7dedfcbc8704e21ac346c0f6ef6efef96fc5f87f,https://www.sec.gov/Archives/edgar/data/2088896/000110465926049515/tm2527015-22_424b4.htm,,2026-10-05T17:52:28.012718+00:00,disclosed,receiving gross cash proceeds of approximately $53.4 million from various investors
series-c1-extension-2025,announced_on,db86c83fcbef8023e810745e7dedfcbc8704e21ac346c0f6ef6efef96fc5f87f,https://www.sec.gov/Archives/edgar/data/2088896/000110465926049515/tm2527015-22_424b4.htm,,2026-10-05T17:52:28.012718+00:00,disclosed,"On January 24, 2025, the Company completed additional financing rounds of Series C-1 Preferred Units"
series-d-2025,amount,db86c83fcbef8023e810745e7dedfcbc8704e21ac346c0f6ef6efef96fc5f87f,https://www.sec.gov/Archives/edgar/data/2088896/000110465926049515/tm2527015-22_424b4.htm,,2026-10-05T17:52:28.012718+00:00,disclosed,"issuing 48,154,955 Series D Preferred Units and receiving gross cash proceeds of approximately $700.0 million"
series-d-2025,announced_on,db86c83fcbef8023e810745e7dedfcbc8704e21ac346c0f6ef6efef96fc5f87f,https://www.sec.gov/Archives/edgar/data/2088896/000110465926049515/tm2527015-22_424b4.htm,,2026-10-05T17:52:28.012718+00:00,disclosed,"On November 21, 2025, the Company completed a financing round of Series D Preferred Units"
series-d-2025,round_label,db86c83fcbef8023e810745e7dedfcbc8704e21ac346c0f6ef6efef96fc5f87f,https://www.sec.gov/Archives/edgar/data/2088896/000110465926049515/tm2527015-22_424b4.htm,,2026-10-05T17:52:28.012718+00:00,disclosed,"Series D Preferred Units On November 21, 2025"
shine-technologies-70m-2023,amount,faf98f4795ba09ab69b307c3bbcd1368407a5b19899dd8cdd412cb5732d7feb2,https://www.wisbusiness.com/2023/shine-raises-70m-in-states-largest-deal-of-the-year-so-far/,,2026-10-05T20:33:02.388537+00:00,reported,SHINE Technologies has completed a $70 million funding round
shine-technologies-70m-2023,announced_on,faf98f4795ba09ab69b307c3bbcd1368407a5b19899dd8cdd412cb5732d7feb2,https://www.wisbusiness.com/2023/shine-raises-70m-in-states-largest-deal-of-the-year-so-far/,,2026-10-05T20:33:02.388537+00:00,reported,"October 12, 2023"
shine-technologies-70m-2023:baillie-gifford,participant,faf98f4795ba09ab69b307c3bbcd1368407a5b19899dd8cdd412cb5732d7feb2,https://www.wisbusiness.com/2023/shine-raises-70m-in-states-largest-deal-of-the-year-so-far/,,2026-10-05T20:33:02.388537+00:00,reported,"led by existing investors, including UK-based Baillie Gifford and Boston’s Fidelity Management & Research Company"
shine-technologies-70m-2023:fidelity,participant,faf98f4795ba09ab69b307c3bbcd1368407a5b19899dd8cdd412cb5732d7feb2,https://www.wisbusiness.com/2023/shine-raises-70m-in-states-largest-deal-of-the-year-so-far/,,2026-10-05T20:33:02.388537+00:00,reported,"led by existing investors, including UK-based Baillie Gifford and Boston’s Fidelity Management & Research Company"
shine-technologies-dear0002077,amount,2cfdafc6d729bdbe03215196e33efa0ea94e93dbec7f8a968a49ac4d41278169,https://api.usaspending.gov/api/v2/search/spending_by_award/,,2026-10-05T19:02:16.515944+00:00,disclosed,"""Award ID"": ""DEAR0002077"", ""Recipient Name"": ""SHINE TECHNOLOGIES, LLC"", ""Recipient UEI"": ""ULJNHSVK5AP8"", ""Award Amount"": 3780306.0"
shine-technologies-dear0002077,announced_on,2cfdafc6d729bdbe03215196e33efa0ea94e93dbec7f8a968a49ac4d41278169,https://api.usaspending.gov/api/v2/search/spending_by_award/,,2026-10-05T19:02:16.515944+00:00,disclosed,"""Base Obligation Date"": ""2025-09-15"", ""generated_internal_id"": ""ASST_NON_DEAR0002077_089"""
shine-technologies-dear0002077,obligated_usd,7c643b434dd640b3a0847df6148a0254e3ecebe1b137181dab58306e61eebbc2,https://api.usaspending.gov/api/v2/awards/ASST_NON_DEAR0002077_089/,,2026-10-05T19:35:27.440633+00:00,disclosed,"""total_obligation"":3780306.0"
shine-technologies-dear0002077,round_label,2cfdafc6d729bdbe03215196e33efa0ea94e93dbec7f8a968a49ac4d41278169,https://api.usaspending.gov/api/v2/search/spending_by_award/,,2026-10-05T19:02:16.515944+00:00,disclosed,"""Award ID"": ""DEAR0002077"", ""Recipient Name"": ""SHINE TECHNOLOGIES, LLC"""
shine-technologies-dear0002077,use_of_proceeds,2cfdafc6d729bdbe03215196e33efa0ea94e93dbec7f8a968a49ac4d41278169,https://api.usaspending.gov/api/v2/search/spending_by_award/,,2026-10-05T19:02:16.515944+00:00,disclosed,"""Description"": ""THIS COMPETITIVE COOPERATIVE AGREEMENT FOR A RESEARCH AND DEVELOPMENT PROJECT ENTITLED, ''REDUCE: R"
shine-technologies-dear0002077:arpa-e,participant,7c643b434dd640b3a0847df6148a0254e3ecebe1b137181dab58306e61eebbc2,https://api.usaspending.gov/api/v2/awards/ASST_NON_DEAR0002077_089/,,2026-10-05T19:35:27.440633+00:00,disclosed,"""cfda_title"":""Advanced Research Projects Agency - Energy"""
shine-technologies-delp0000207,amount,60adfb9a17a0266501e89e9e35ecbb34d30a360b61f1efbb1ed3fdcd3c72aece,https://api.usaspending.gov/api/v2/search/spending_by_award/,,2026-10-05T19:02:23.758257+00:00,disclosed,"""Award ID"": ""DELP0000207"", ""Recipient Name"": ""SHINE TECHNOLOGIES, LLC"", ""Recipient UEI"": ""ULJNHSVK5AP8"", ""Loan Value"": 262881867.11"
shine-technologies-delp0000207,announced_on,60adfb9a17a0266501e89e9e35ecbb34d30a360b61f1efbb1ed3fdcd3c72aece,https://api.usaspending.gov/api/v2/search/spending_by_award/,,2026-10-05T19:02:23.758257+00:00,disclosed,"""Base Obligation Date"": ""2026-04-03"", ""generated_internal_id"": ""ASST_NON_DELP0000207_089"""
shine-technologies-delp0000207,obligated_usd,3c689bb420b987efb377b81f9e95c65d15414293d0c22586cd3a34505abc3c19,https://api.usaspending.gov/api/v2/awards/ASST_NON_DELP0000207_089/,,2026-10-05T19:35:28.434185+00:00,disclosed,"""total_obligation"":0.0"
shine-technologies-delp0000207,round_label,60adfb9a17a0266501e89e9e35ecbb34d30a360b61f1efbb1ed3fdcd3c72aece,https://api.usaspending.gov/api/v2/search/spending_by_award/,,2026-10-05T19:02:23.758257+00:00,disclosed,THE PURPOSE OF THIS ACTION IS TO ISSUE A CONDITIONAL COMMITMENT FOR LO
shine-technologies-delp0000207,use_of_proceeds,60adfb9a17a0266501e89e9e35ecbb34d30a360b61f1efbb1ed3fdcd3c72aece,https://api.usaspending.gov/api/v2/search/spending_by_award/,,2026-10-05T19:02:23.758257+00:00,disclosed,"""Description"": ""THE PURPOSE OF THIS ACTION IS TO ISSUE A CONDITIONAL COMMITMENT FOR LOAN NUMBER 1512 (SHINE TECHNOL"
shine-technologies-delp0000207:doe-edf,participant,3c689bb420b987efb377b81f9e95c65d15414293d0c22586cd3a34505abc3c19,https://api.usaspending.gov/api/v2/awards/ASST_NON_DELP0000207_089/,,2026-10-05T19:35:28.434185+00:00,disclosed,"""office_agency_name"":""LOAN PROGRAMS OFFICE"""
shine-technologies-dena0002598,amount,2cfdafc6d729bdbe03215196e33efa0ea94e93dbec7f8a968a49ac4d41278169,https://api.usaspending.gov/api/v2/search/spending_by_award/,,2026-10-05T19:02:16.515944+00:00,disclosed,"""Award ID"": ""DENA0002598"", ""Recipient Name"": ""SHINE TECHNOLOGIES, LLC"", ""Recipient UEI"": ""ULJNHSVK5AP8"", ""Award Amount"": 14313535.68"
shine-technologies-dena0002598,announced_on,2cfdafc6d729bdbe03215196e33efa0ea94e93dbec7f8a968a49ac4d41278169,https://api.usaspending.gov/api/v2/search/spending_by_award/,,2026-10-05T19:02:16.515944+00:00,disclosed,"""Base Obligation Date"": ""2014-09-18"", ""generated_internal_id"": ""ASST_NON_DENA0002598_089"""
shine-technologies-dena0002598,obligated_usd,60eff9c2b367239e1ab1bf8e68e69ae1b5c884edbe00e924fb5647e575ebded5,https://api.usaspending.gov/api/v2/awards/ASST_NON_DENA0002598_089/,,2026-10-05T19:35:21.277910+00:00,disclosed,"""total_obligation"":14313535.68"
shine-technologies-dena0002598,round_label,2cfdafc6d729bdbe03215196e33efa0ea94e93dbec7f8a968a49ac4d41278169,https://api.usaspending.gov/api/v2/search/spending_by_award/,,2026-10-05T19:02:16.515944+00:00,disclosed,"""Award ID"": ""DENA0002598"", ""Recipient Name"": ""SHINE TECHNOLOGIES, LLC"""
shine-technologies-dena0002598,use_of_proceeds,2cfdafc6d729bdbe03215196e33efa0ea94e93dbec7f8a968a49ac4d41278169,https://api.usaspending.gov/api/v2/search/spending_by_award/,,2026-10-05T19:02:16.515944+00:00,disclosed,"""Description"": ""MOLYBDENUM-99 DEMONSTRATION PROJECT-PHASE 1C"""
shine-technologies-dena0002598:doe-nnsa,participant,60eff9c2b367239e1ab1bf8e68e69ae1b5c884edbe00e924fb5647e575ebded5,https://api.usaspending.gov/api/v2/awards/ASST_NON_DENA0002598_089/,,2026-10-05T19:35:21.277910+00:00,disclosed,"""cfda_title"":""Defense Nuclear Nonproliferation Research"""
shine-technologies-dena0003923,amount,2cfdafc6d729bdbe03215196e33efa0ea94e93dbec7f8a968a49ac4d41278169,https://api.usaspending.gov/api/v2/search/spending_by_award/,,2026-10-05T19:02:16.515944+00:00,disclosed,"""Award ID"": ""DENA0003923"", ""Recipient Name"": ""SHINE TECHNOLOGIES, LLC"", ""Recipient UEI"": ""ULJNHSVK5AP8"", ""Award Amount"": 15000000.0"
shine-technologies-dena0003923,announced_on,2cfdafc6d729bdbe03215196e33efa0ea94e93dbec7f8a968a49ac4d41278169,https://api.usaspending.gov/api/v2/search/spending_by_award/,,2026-10-05T19:02:16.515944+00:00,disclosed,"""Base Obligation Date"": ""2019-07-22"", ""generated_internal_id"": ""ASST_NON_DENA0003923_089"""
shine-technologies-dena0003923,obligated_usd,af60d90ed8d7344a11b5548c7ba1cff8729ef11f1d8d2ec0bbe8ef352c758b64,https://api.usaspending.gov/api/v2/awards/ASST_NON_DENA0003923_089/,,2026-10-05T19:35:24.341358+00:00,disclosed,"""total_obligation"":15000000.0"
shine-technologies-dena0003923,round_label,2cfdafc6d729bdbe03215196e33efa0ea94e93dbec7f8a968a49ac4d41278169,https://api.usaspending.gov/api/v2/search/spending_by_award/,,2026-10-05T19:02:16.515944+00:00,disclosed,"""Award ID"": ""DENA0003923"", ""Recipient Name"": ""SHINE TECHNOLOGIES, LLC"""
shine-technologies-dena0003923,use_of_proceeds,2cfdafc6d729bdbe03215196e33efa0ea94e93dbec7f8a968a49ac4d41278169,https://api.usaspending.gov/api/v2/search/spending_by_award/,,2026-10-05T19:02:16.515944+00:00,disclosed,"""Description"": ""SHINE MEDICAL TECHNOLOGIES, INC.\n\nBASE MOD:  FULLY FUNDS ALL 3 YEARS OF THE PERIOD OF PERFORMANCE"
shine-technologies-dena0003923:doe-nnsa,participant,af60d90ed8d7344a11b5548c7ba1cff8729ef11f1d8d2ec0bbe8ef352c758b64,https://api.usaspending.gov/api/v2/awards/ASST_NON_DENA0003923_089/,,2026-10-05T19:35:24.341358+00:00,disclosed,"""office_agency_name"":""NNSA NON-MO CNTRCTNG OPS DIV"""
shine-technologies-dena0004010,amount,2cfdafc6d729bdbe03215196e33efa0ea94e93dbec7f8a968a49ac4d41278169,https://api.usaspending.gov/api/v2/search/spending_by_award/,,2026-10-05T19:02:16.515944+00:00,disclosed,"""Award ID"": ""DENA0004010"", ""Recipient Name"": ""SHINE TECHNOLOGIES, LLC"", ""Recipient UEI"": ""ULJNHSVK5AP8"", ""Award Amount"": 87274431.5"
shine-technologies-dena0004010,announced_on,2cfdafc6d729bdbe03215196e33efa0ea94e93dbec7f8a968a49ac4d41278169,https://api.usaspending.gov/api/v2/search/spending_by_award/,,2026-10-05T19:02:16.515944+00:00,disclosed,"""Base Obligation Date"": ""2021-10-18"", ""generated_internal_id"": ""ASST_NON_DENA0004010_089"""
shine-technologies-dena0004010,obligated_usd,35da58a32da8c427db1be3d51ccac6c9b8af9adf00de859d8b762539453afd6d,https://api.usaspending.gov/api/v2/awards/ASST_NON_DENA0004010_089/,,2026-10-05T19:35:25.358516+00:00,disclosed,"""total_obligation"":87274431.5"
shine-technologies-dena0004010,round_label,2cfdafc6d729bdbe03215196e33efa0ea94e93dbec7f8a968a49ac4d41278169,https://api.usaspending.gov/api/v2/search/spending_by_award/,,2026-10-05T19:02:16.515944+00:00,disclosed,"""Award ID"": ""DENA0004010"", ""Recipient Name"": ""SHINE TECHNOLOGIES, LLC"""
shine-technologies-dena0004010,use_of_proceeds,2cfdafc6d729bdbe03215196e33efa0ea94e93dbec7f8a968a49ac4d41278169,https://api.usaspending.gov/api/v2/search/spending_by_award/,,2026-10-05T19:02:16.515944+00:00,disclosed,"""Description"": ""SHINE WAS FOUNDED IN 2010 WITH THE GOAL OF BECOMING THE WORLD LEADER IN THE SAFE, CLEAN, AFFORDABLE"
shine-technologies-dena0004010:doe-nnsa,participant,35da58a32da8c427db1be3d51ccac6c9b8af9adf00de859d8b762539453afd6d,https://api.usaspending.gov/api/v2/awards/ASST_NON_DENA0004010_089/,,2026-10-05T19:35:25.358516+00:00,disclosed,"""office_agency_name"":""NNSA NON-MO CNTRCTNG OPS DIV"""
shine-technologies-desc0024023,amount,2cfdafc6d729bdbe03215196e33efa0ea94e93dbec7f8a968a49ac4d41278169,https://api.usaspending.gov/api/v2/search/spending_by_award/,,2026-10-05T19:02:16.515944+00:00,disclosed,"""Award ID"": ""DESC0024023"", ""Recipient Name"": ""SHINE TECHNOLOGIES, LLC"", ""Recipient UEI"": ""ULJNHSVK5AP8"", ""Award Amount"": 1129412.0"
shine-technologies-desc0024023,announced_on,2cfdafc6d729bdbe03215196e33efa0ea94e93dbec7f8a968a49ac4d41278169,https://api.usaspending.gov/api/v2/search/spending_by_award/,,2026-10-05T19:02:16.515944+00:00,disclosed,"""Base Obligation Date"": ""2023-09-15"", ""generated_internal_id"": ""ASST_NON_DESC0024023_089"""
shine-technologies-desc0024023,obligated_usd,e54339e1730a7dbbac079ff454dcc465f7c6646875ce91d96c53de4753c69034,https://api.usaspending.gov/api/v2/awards/ASST_NON_DESC0024023_089/,,2026-10-05T19:35:26.403257+00:00,disclosed,"""total_obligation"":1129412.0"
shine-technologies-desc0024023,round_label,2cfdafc6d729bdbe03215196e33efa0ea94e93dbec7f8a968a49ac4d41278169,https://api.usaspending.gov/api/v2/search/spending_by_award/,,2026-10-05T19:02:16.515944+00:00,disclosed,"""Award ID"": ""DESC0024023"", ""Recipient Name"": ""SHINE TECHNOLOGIES, LLC"""
shine-technologies-desc0024023,use_of_proceeds,2cfdafc6d729bdbe03215196e33efa0ea94e93dbec7f8a968a49ac4d41278169,https://api.usaspending.gov/api/v2/search/spending_by_award/,,2026-10-05T19:02:16.515944+00:00,disclosed,"""Description"": ""POTENTIAL TECHNIQUES FOR KRYPTON AND XENON CAPTURE PROCESSING AND STORAGE IN SOLID MATRICES"""
shine-technologies-desc0024023:doe-office-of-science,participant,e54339e1730a7dbbac079ff454dcc465f7c6646875ce91d96c53de4753c69034,https://api.usaspending.gov/api/v2/awards/ASST_NON_DESC0024023_089/,,2026-10-05T19:35:26.403257+00:00,disclosed,"""cfda_title"":""Office of Science Financial Assistance Program"""
spring-valley-iii-ipo-2025,amount,5885530d6367517d28eaa4f85731e82130054e487f07c41d493b6bdc142912fd,https://www.sec.gov/Archives/edgar/data/2074850/000110465925088292/tm2525462d1_8k.htm,,2026-10-05T18:59:31.325260+00:00,disclosed,"generating gross proceeds to the Company of $230,000,000"
spring-valley-iii-ipo-2025,amount_kind,ddfef197d3bac4f14c6e5b5bfeba53c47bc7ff9624fa6483225a0f2f57b4b894,https://www.sec.gov/Archives/edgar/data/2074850/000110465926084015/tm2620136d1_20f.htm,,2026-10-05T18:59:35.629820+00:00,disclosed,"Reflects redemptions of 21,075,896 General Fusion Class A common shares in connection with the Business Combination"
spring-valley-iii-ipo-2025,amount_kind,1d6fe522a9a3c4609360951a87b02c1217567a1a99f065504d4ced71ae819190,https://www.sec.gov/Archives/edgar/data/2074850/000110465926005601/tm263812d1_ex99-1.htm,,2026-10-05T18:59:55.964203+00:00,disclosed,US$230 million of SVAC's trust capital (assuming no redemptions)
spring-valley-iii-ipo-2025,announced_on,5885530d6367517d28eaa4f85731e82130054e487f07c41d493b6bdc142912fd,https://www.sec.gov/Archives/edgar/data/2074850/000110465925088292/tm2525462d1_8k.htm,,2026-10-05T18:59:31.325260+00:00,disclosed,"On September 3, 2025, the registration statement on Form S-1"
spring-valley-iii-ipo-2025,closed_on,ea0db30c00c175571b43becde22c17c4d6aa5e27fe49aeb9bcb324246d6fcd67,https://www.sec.gov/Archives/edgar/data/2074850/000110465926073425/tm266688-18_424b3.htm,,2026-10-05T19:00:22.166604+00:00,disclosed,"On September 5, 2025, we completed the Initial Public Offering of 23,000,000 Units"
spring-valley-iii-ipo-2025,round_label,ea0db30c00c175571b43becde22c17c4d6aa5e27fe49aeb9bcb324246d6fcd67,https://www.sec.gov/Archives/edgar/data/2074850/000110465926073425/tm266688-18_424b3.htm,,2026-10-05T19:00:22.166604+00:00,disclosed,"Initial Public Offering of 23,000,000 Units"
standard-nuclear-antares-fsa-2026,agreement,8e0af469a4aff9cda59a681cc0a46522b94f816dd5ea22685b93ac879b4587fa,https://www.sec.gov/Archives/edgar/data/2086716/000162828026059165/stdn-20260827.htm,,2026-10-05T19:02:52.088060+00:00,disclosed,"announced the execution of a binding fuel supply agreement for supply of TRISO fuel with Antares Nuclear, Inc."
standard-nuclear-antares-fsa-2026,announced_on,8e0af469a4aff9cda59a681cc0a46522b94f816dd5ea22685b93ac879b4587fa,https://www.sec.gov/Archives/edgar/data/2086716/000162828026059165/stdn-20260827.htm,,2026-10-05T19:02:52.088060+00:00,disclosed,"On August 27, 2026"
standard-nuclear-doe-fuel-line-pilot-2025,agreement,c6e1189365d25bee9e706fa934f06ef96142385b2866eebce86ad3e04d1e797c,https://www.sec.gov/Archives/edgar/data/2086716/000121390026078747/ea0276071-13.htm,,2026-10-05T18:58:56.156796+00:00,disclosed,"In August 2025, we were selected as a supplier for the DOE Office of Nuclear Energy’s previously announced Fuel Line Pilot Program"
standard-nuclear-doe-fuel-line-pilot-2025,announced_on,110fc929dfc9b8039cc440256fb3f3efedcacc9fb82777c8bdd18a8c6fbec524,https://standardnuclear.com/news,,2026-10-05T19:02:58.630296+00:00,disclosed,08/05/2025 Standard Nuclear Selected for DOE Office of Nuclear Energy Fuel Line Pilot Program
standard-nuclear-doe-haleu-2025,agreement,04760c24bff772de19acc9870d2680a98b63d8b8c78042cf9d106abef0227793,https://www.energy.gov/articles/us-department-energy-distribute-next-round-haleu-us-nuclear-industry,,2026-10-05T17:59:17.069024+00:00,disclosed,"Standard Nuclear, Inc., to establish TRISO fuel lines"
standard-nuclear-doe-haleu-2025,announced_on,04760c24bff772de19acc9870d2680a98b63d8b8c78042cf9d106abef0227793,https://www.energy.gov/articles/us-department-energy-distribute-next-round-haleu-us-nuclear-industry,,2026-10-05T17:59:17.069024+00:00,disclosed,"August 26, 2025"
standard-nuclear-doe-ota-2025,agreement,c6e1189365d25bee9e706fa934f06ef96142385b2866eebce86ad3e04d1e797c,https://www.sec.gov/Archives/edgar/data/2086716/000121390026078747/ea0276071-13.htm,,2026-10-05T18:58:56.156796+00:00,disclosed,"we entered into the OTA as a prime contractor to the DOE in September 2025 to build, operate, and commission advanced fuel fabrication facilities"
standard-nuclear-doe-ota-2025,announced_on,c6e1189365d25bee9e706fa934f06ef96142385b2866eebce86ad3e04d1e797c,https://www.sec.gov/Archives/edgar/data/2086716/000121390026078747/ea0276071-13.htm,,2026-10-05T18:58:56.156796+00:00,disclosed,"dated as of September 26, 2025, between the Company and the DOE"
standard-nuclear-doe-plutonium-2026,agreement,c6e1189365d25bee9e706fa934f06ef96142385b2866eebce86ad3e04d1e797c,https://www.sec.gov/Archives/edgar/data/2086716/000121390026078747/ea0276071-13.htm,,2026-10-05T18:58:56.156796+00:00,disclosed,"In June 2026, we were selected by the DOE for advanced negotiations under the Surplus Plutonium Utilization Program"
standard-nuclear-doe-plutonium-2026,announced_on,110fc929dfc9b8039cc440256fb3f3efedcacc9fb82777c8bdd18a8c6fbec524,https://standardnuclear.com/news,,2026-10-05T19:02:58.630296+00:00,disclosed,06/03/2026 Standard Nuclear Selected by U.S. Department of Energy for Advanced Negotiations Under Surplus Plutonium Utilization Program
standard-nuclear-framatome-jv-2025,agreement,c6e1189365d25bee9e706fa934f06ef96142385b2866eebce86ad3e04d1e797c,https://www.sec.gov/Archives/edgar/data/2086716/000121390026078747/ea0276071-13.htm,,2026-10-05T18:58:56.156796+00:00,disclosed,We have formed a joint venture with Framatome
standard-nuclear-framatome-jv-2025,announced_on,110fc929dfc9b8039cc440256fb3f3efedcacc9fb82777c8bdd18a8c6fbec524,https://standardnuclear.com/news,,2026-10-05T19:02:58.630296+00:00,disclosed,"09/30/2025 Standard Nuclear, Framatome Announce a U.S.-based TRISO Nuclear Fuel Production Joint Venture"
standard-nuclear-ipo-2026,amount,c6e1189365d25bee9e706fa934f06ef96142385b2866eebce86ad3e04d1e797c,https://www.sec.gov/Archives/edgar/data/2086716/000121390026078747/ea0276071-13.htm,,2026-10-05T18:58:56.156796+00:00,disclosed,"Initial public offering price $ 15.00 $ 150,000,000"
standard-nuclear-ipo-2026,announced_on,c6e1189365d25bee9e706fa934f06ef96142385b2866eebce86ad3e04d1e797c,https://www.sec.gov/Archives/edgar/data/2086716/000121390026078747/ea0276071-13.htm,,2026-10-05T18:58:56.156796+00:00,disclosed,"Prospectus dated July 15, 2026"
standard-nuclear-ipo-2026,closed_on,d7f1eff7742cea74f421288ec33d1200685c5de544910cbbd0dbd3aee3a9c14d,https://www.sec.gov/Archives/edgar/data/2086716/000162828026048932/stdn-20260717.htm,,2026-10-05T19:14:03.720781+00:00,disclosed,in connection with the closing of the initial public offering of shares of the Company’s Class A common stock
standard-nuclear-ipo-2026,closed_on,d7f1eff7742cea74f421288ec33d1200685c5de544910cbbd0dbd3aee3a9c14d,https://www.sec.gov/Archives/edgar/data/2086716/000162828026048932/stdn-20260717.htm,,2026-10-05T19:14:03.720781+00:00,disclosed,"On July 17, 2026, Standard Nuclear, Inc. (the “Company”) filed its sixth amended and restated certificate of incorporation"
standard-nuclear-ipo-2026,round_label,c6e1189365d25bee9e706fa934f06ef96142385b2866eebce86ad3e04d1e797c,https://www.sec.gov/Archives/edgar/data/2086716/000121390026078747/ea0276071-13.htm,,2026-10-05T18:58:56.156796+00:00,disclosed,We have been approved to list our Class A common stock on the New York Stock Exchange under the symbol “STDN.”
standard-nuclear-oklo-alliance-2026,agreement,110fc929dfc9b8039cc440256fb3f3efedcacc9fb82777c8bdd18a8c6fbec524,https://standardnuclear.com/news,,2026-10-05T19:02:58.630296+00:00,disclosed,06/16/2026 Oklo and Standard Nuclear Form Strategic Alliance to Strengthen Advanced Nuclear Fuel Supply Chain
standard-nuclear-oklo-alliance-2026,announced_on,110fc929dfc9b8039cc440256fb3f3efedcacc9fb82777c8bdd18a8c6fbec524,https://standardnuclear.com/news,,2026-10-05T19:02:58.630296+00:00,disclosed,06/16/2026 Oklo and Standard Nuclear Form Strategic Alliance to Strengthen Advanced Nuclear Fuel Supply Chain
standard-nuclear-radiant-fsa-2026,agreement,f7b605bf7ec4d9ee826a82506733667454f346228b265abab1fa6b8befc005a0,https://www.sec.gov/Archives/edgar/data/2086716/000162828026058139/stdn-20260820.htm,,2026-10-05T19:02:52.615355+00:00,disclosed,"announced the execution of a new binding fuel supply agreement with Radiant Industries, Inc."
standard-nuclear-radiant-fsa-2026,announced_on,f7b605bf7ec4d9ee826a82506733667454f346228b265abab1fa6b8befc005a0,https://www.sec.gov/Archives/edgar/data/2086716/000162828026058139/stdn-20260820.htm,,2026-10-05T19:02:52.615355+00:00,disclosed,"On August 20, 2026"
standard-nuclear-safe-2024,amount,c6e1189365d25bee9e706fa934f06ef96142385b2866eebce86ad3e04d1e797c,https://www.sec.gov/Archives/edgar/data/2086716/000121390026078747/ea0276071-13.htm,,2026-10-05T18:58:56.156796+00:00,disclosed,"In 2024, we raised $33.5 million in gross proceeds through SAFE Note investments"
standard-nuclear-safe-2024,announced_on,c6e1189365d25bee9e706fa934f06ef96142385b2866eebce86ad3e04d1e797c,https://www.sec.gov/Archives/edgar/data/2086716/000121390026078747/ea0276071-13.htm,,2026-10-05T18:58:56.156796+00:00,disclosed,"In 2024, we raised $33.5 million in gross proceeds through SAFE Note investments"
standard-nuclear-safe-2024,round_label,c6e1189365d25bee9e706fa934f06ef96142385b2866eebce86ad3e04d1e797c,https://www.sec.gov/Archives/edgar/data/2086716/000121390026078747/ea0276071-13.htm,,2026-10-05T18:58:56.156796+00:00,disclosed,our outstanding SAFE Notes converted into Series Seed -1 preferred stock
standard-nuclear-seed-2025,amount,c6e1189365d25bee9e706fa934f06ef96142385b2866eebce86ad3e04d1e797c,https://www.sec.gov/Archives/edgar/data/2086716/000121390026078747/ea0276071-13.htm,,2026-10-05T18:58:56.156796+00:00,disclosed,"resulting in total gross proceeds of approximately $10.0 million. Further, on February 13, 2025"
standard-nuclear-seed-2025,announced_on,c6e1189365d25bee9e706fa934f06ef96142385b2866eebce86ad3e04d1e797c,https://www.sec.gov/Archives/edgar/data/2086716/000121390026078747/ea0276071-13.htm,,2026-10-05T18:58:56.156796+00:00,disclosed,"On February 13, 2025, we entered into a Series Seed Preferred Stock Purchase Agreement"
standard-nuclear-seed-2025,round_label,c6e1189365d25bee9e706fa934f06ef96142385b2866eebce86ad3e04d1e797c,https://www.sec.gov/Archives/edgar/data/2086716/000121390026078747/ea0276071-13.htm,,2026-10-05T18:58:56.156796+00:00,disclosed,Series Seed Preferred Stock Financing
standard-nuclear-series-a-2025,amount,c6e1189365d25bee9e706fa934f06ef96142385b2866eebce86ad3e04d1e797c,https://www.sec.gov/Archives/edgar/data/2086716/000121390026078747/ea0276071-13.htm,,2026-10-05T18:58:56.156796+00:00,disclosed,"investors purchased an aggregate of 26,948,464 shares of Series A Preferred Stock, resulting in total gross proceeds of approximately $70.0 million"
standard-nuclear-series-a-2025,announced_on,c6e1189365d25bee9e706fa934f06ef96142385b2866eebce86ad3e04d1e797c,https://www.sec.gov/Archives/edgar/data/2086716/000121390026078747/ea0276071-13.htm,,2026-10-05T18:58:56.156796+00:00,disclosed,"On August 14, 2025, we entered into a Series A Preferred Stock Purchase Agreement"
standard-nuclear-series-a-2025,round_label,c6e1189365d25bee9e706fa934f06ef96142385b2866eebce86ad3e04d1e797c,https://www.sec.gov/Archives/edgar/data/2086716/000121390026078747/ea0276071-13.htm,,2026-10-05T18:58:56.156796+00:00,disclosed,Series A Preferred Stock Financing
standard-nuclear-series-a-announced-140m-2026,amount,a9124f821d4d6c8c3cb0122a395d784fd1511a326716551c49f46a7874cdaddc,https://www.bloomberg.com/news/articles/2026-01-26/nuclear-startup-raises-140-million-to-boost-uranium-fuel-supply,,2026-10-05T19:03:15.981559+00:00,reported,raised $140 million to boost production of fuel for advanced reactors
standard-nuclear-series-a-announced-140m-2026,amount,49df46cf4975b58b0f1f16650ab83d2a157f88f8c6acad9174b79954ba2e63ec,https://web.archive.org/web/2/https://www.businesswire.com/news/home/20260126420607/en/Standard-Nuclear-Begins-Production-of-Advanced-HALEU-Fuel-and-Raises-$140-Million-in-Series-A-Funding,https://www.businesswire.com/news/home/20260126420607/en/Standard-Nuclear-Begins-Production-of-Advanced-HALEU-Fuel-and-Raises-$140-Million-in-Series-A-Funding,2026-10-05T19:14:28.445168+00:00,disclosed,today announced it has secured $140M in Series A funding
standard-nuclear-series-a-announced-140m-2026,announced_on,a9124f821d4d6c8c3cb0122a395d784fd1511a326716551c49f46a7874cdaddc,https://www.bloomberg.com/news/articles/2026-01-26/nuclear-startup-raises-140-million-to-boost-uranium-fuel-supply,,2026-10-05T19:03:15.981559+00:00,reported,"January 26, 2026"
standard-nuclear-series-a-announced-140m-2026,round_label,110fc929dfc9b8039cc440256fb3f3efedcacc9fb82777c8bdd18a8c6fbec524,https://standardnuclear.com/news,,2026-10-05T19:02:58.630296+00:00,disclosed,01/26/2026 Standard Nuclear Begins Production of Advanced HALEU Fuel and Raises $140 Million in Series A Funding
standard-nuclear-series-a-announced-140m-2026:andreessen-horowitz,participant,a9124f821d4d6c8c3cb0122a395d784fd1511a326716551c49f46a7874cdaddc,https://www.bloomberg.com/news/articles/2026-01-26/nuclear-startup-raises-140-million-to-boost-uranium-fuel-supply,,2026-10-05T19:03:15.981559+00:00,reported,as well as existing backers Andreessen Horowitz
standard-nuclear-series-a-announced-140m-2026:andreessen-horowitz,participant,49df46cf4975b58b0f1f16650ab83d2a157f88f8c6acad9174b79954ba2e63ec,https://web.archive.org/web/2/https://www.businesswire.com/news/home/20260126420607/en/Standard-Nuclear-Begins-Production-of-Advanced-HALEU-Fuel-and-Raises-$140-Million-in-Series-A-Funding,https://www.businesswire.com/news/home/20260126420607/en/Standard-Nuclear-Begins-Production-of-Advanced-HALEU-Fuel-and-Raises-$140-Million-in-Series-A-Funding,2026-10-05T19:14:28.445168+00:00,disclosed,"today announced it has secured $140M in Series A funding from investors led by Decisive Point with participation from new investors Chevron Technology Ventures, StepStone Group, XTX Ventures, and existing investors Welara, Fundomo, Andreessen Horowitz, Washington Harbour Partners, and Crucible Capital"
standard-nuclear-series-a-announced-140m-2026:chevron-technology-ventures,participant,a9124f821d4d6c8c3cb0122a395d784fd1511a326716551c49f46a7874cdaddc,https://www.bloomberg.com/news/articles/2026-01-26/nuclear-startup-raises-140-million-to-boost-uranium-fuel-supply,,2026-10-05T19:03:15.981559+00:00,reported,led by Decisive Point and included new investors Chevron Technology Ventures and StepStone Group
standard-nuclear-series-a-announced-140m-2026:chevron-technology-ventures,participant,49df46cf4975b58b0f1f16650ab83d2a157f88f8c6acad9174b79954ba2e63ec,https://web.archive.org/web/2/https://www.businesswire.com/news/home/20260126420607/en/Standard-Nuclear-Begins-Production-of-Advanced-HALEU-Fuel-and-Raises-$140-Million-in-Series-A-Funding,https://www.businesswire.com/news/home/20260126420607/en/Standard-Nuclear-Begins-Production-of-Advanced-HALEU-Fuel-and-Raises-$140-Million-in-Series-A-Funding,2026-10-05T19:14:28.445168+00:00,disclosed,"today announced it has secured $140M in Series A funding from investors led by Decisive Point with participation from new investors Chevron Technology Ventures, StepStone Group, XTX Ventures, and existing investors Welara, Fundomo, Andreessen Horowitz, Washington Harbour Partners, and Crucible Capital"
standard-nuclear-series-a-announced-140m-2026:crucible-capital,participant,49df46cf4975b58b0f1f16650ab83d2a157f88f8c6acad9174b79954ba2e63ec,https://web.archive.org/web/2/https://www.businesswire.com/news/home/20260126420607/en/Standard-Nuclear-Begins-Production-of-Advanced-HALEU-Fuel-and-Raises-$140-Million-in-Series-A-Funding,https://www.businesswire.com/news/home/20260126420607/en/Standard-Nuclear-Begins-Production-of-Advanced-HALEU-Fuel-and-Raises-$140-Million-in-Series-A-Funding,2026-10-05T19:14:28.445168+00:00,disclosed,"today announced it has secured $140M in Series A funding from investors led by Decisive Point with participation from new investors Chevron Technology Ventures, StepStone Group, XTX Ventures, and existing investors Welara, Fundomo, Andreessen Horowitz, Washington Harbour Partners, and Crucible Capital"
standard-nuclear-series-a-announced-140m-2026:decisive-point,participant,a9124f821d4d6c8c3cb0122a395d784fd1511a326716551c49f46a7874cdaddc,https://www.bloomberg.com/news/articles/2026-01-26/nuclear-startup-raises-140-million-to-boost-uranium-fuel-supply,,2026-10-05T19:03:15.981559+00:00,reported,led by Decisive Point and included new investors Chevron Technology Ventures and StepStone Group
standard-nuclear-series-a-announced-140m-2026:decisive-point,participant,49df46cf4975b58b0f1f16650ab83d2a157f88f8c6acad9174b79954ba2e63ec,https://web.archive.org/web/2/https://www.businesswire.com/news/home/20260126420607/en/Standard-Nuclear-Begins-Production-of-Advanced-HALEU-Fuel-and-Raises-$140-Million-in-Series-A-Funding,https://www.businesswire.com/news/home/20260126420607/en/Standard-Nuclear-Begins-Production-of-Advanced-HALEU-Fuel-and-Raises-$140-Million-in-Series-A-Funding,2026-10-05T19:14:28.445168+00:00,disclosed,secured $140M in Series A funding from investors led by Decisive Point
standard-nuclear-series-a-announced-140m-2026:fundomo,participant,49df46cf4975b58b0f1f16650ab83d2a157f88f8c6acad9174b79954ba2e63ec,https://web.archive.org/web/2/https://www.businesswire.com/news/home/20260126420607/en/Standard-Nuclear-Begins-Production-of-Advanced-HALEU-Fuel-and-Raises-$140-Million-in-Series-A-Funding,https://www.businesswire.com/news/home/20260126420607/en/Standard-Nuclear-Begins-Production-of-Advanced-HALEU-Fuel-and-Raises-$140-Million-in-Series-A-Funding,2026-10-05T19:14:28.445168+00:00,disclosed,"today announced it has secured $140M in Series A funding from investors led by Decisive Point with participation from new investors Chevron Technology Ventures, StepStone Group, XTX Ventures, and existing investors Welara, Fundomo, Andreessen Horowitz, Washington Harbour Partners, and Crucible Capital"
standard-nuclear-series-a-announced-140m-2026:stepstone-group,participant,a9124f821d4d6c8c3cb0122a395d784fd1511a326716551c49f46a7874cdaddc,https://www.bloomberg.com/news/articles/2026-01-26/nuclear-startup-raises-140-million-to-boost-uranium-fuel-supply,,2026-10-05T19:03:15.981559+00:00,reported,led by Decisive Point and included new investors Chevron Technology Ventures and StepStone Group
standard-nuclear-series-a-announced-140m-2026:stepstone-group,participant,49df46cf4975b58b0f1f16650ab83d2a157f88f8c6acad9174b79954ba2e63ec,https://web.archive.org/web/2/https://www.businesswire.com/news/home/20260126420607/en/Standard-Nuclear-Begins-Production-of-Advanced-HALEU-Fuel-and-Raises-$140-Million-in-Series-A-Funding,https://www.businesswire.com/news/home/20260126420607/en/Standard-Nuclear-Begins-Production-of-Advanced-HALEU-Fuel-and-Raises-$140-Million-in-Series-A-Funding,2026-10-05T19:14:28.445168+00:00,disclosed,"today announced it has secured $140M in Series A funding from investors led by Decisive Point with participation from new investors Chevron Technology Ventures, StepStone Group, XTX Ventures, and existing investors Welara, Fundomo, Andreessen Horowitz, Washington Harbour Partners, and Crucible Capital"
standard-nuclear-series-a-announced-140m-2026:washington-harbour-partners,participant,49df46cf4975b58b0f1f16650ab83d2a157f88f8c6acad9174b79954ba2e63ec,https://web.archive.org/web/2/https://www.businesswire.com/news/home/20260126420607/en/Standard-Nuclear-Begins-Production-of-Advanced-HALEU-Fuel-and-Raises-$140-Million-in-Series-A-Funding,https://www.businesswire.com/news/home/20260126420607/en/Standard-Nuclear-Begins-Production-of-Advanced-HALEU-Fuel-and-Raises-$140-Million-in-Series-A-Funding,2026-10-05T19:14:28.445168+00:00,disclosed,"today announced it has secured $140M in Series A funding from investors led by Decisive Point with participation from new investors Chevron Technology Ventures, StepStone Group, XTX Ventures, and existing investors Welara, Fundomo, Andreessen Horowitz, Washington Harbour Partners, and Crucible Capital"
standard-nuclear-series-a-announced-140m-2026:welara,participant,49df46cf4975b58b0f1f16650ab83d2a157f88f8c6acad9174b79954ba2e63ec,https://web.archive.org/web/2/https://www.businesswire.com/news/home/20260126420607/en/Standard-Nuclear-Begins-Production-of-Advanced-HALEU-Fuel-and-Raises-$140-Million-in-Series-A-Funding,https://www.businesswire.com/news/home/20260126420607/en/Standard-Nuclear-Begins-Production-of-Advanced-HALEU-Fuel-and-Raises-$140-Million-in-Series-A-Funding,2026-10-05T19:14:28.445168+00:00,disclosed,"today announced it has secured $140M in Series A funding from investors led by Decisive Point with participation from new investors Chevron Technology Ventures, StepStone Group, XTX Ventures, and existing investors Welara, Fundomo, Andreessen Horowitz, Washington Harbour Partners, and Crucible Capital"
standard-nuclear-series-a-announced-140m-2026:xtx-ventures,participant,49df46cf4975b58b0f1f16650ab83d2a157f88f8c6acad9174b79954ba2e63ec,https://web.archive.org/web/2/https://www.businesswire.com/news/home/20260126420607/en/Standard-Nuclear-Begins-Production-of-Advanced-HALEU-Fuel-and-Raises-$140-Million-in-Series-A-Funding,https://www.businesswire.com/news/home/20260126420607/en/Standard-Nuclear-Begins-Production-of-Advanced-HALEU-Fuel-and-Raises-$140-Million-in-Series-A-Funding,2026-10-05T19:14:28.445168+00:00,disclosed,"today announced it has secured $140M in Series A funding from investors led by Decisive Point with participation from new investors Chevron Technology Ventures, StepStone Group, XTX Ventures, and existing investors Welara, Fundomo, Andreessen Horowitz, Washington Harbour Partners, and Crucible Capital"
standard-nuclear-series-a2-2026,amount,c6e1189365d25bee9e706fa934f06ef96142385b2866eebce86ad3e04d1e797c,https://www.sec.gov/Archives/edgar/data/2086716/000121390026078747/ea0276071-13.htm,,2026-10-05T18:58:56.156796+00:00,disclosed,"Investors purchased an aggregate of 14,193,030 shares of Series A-2 Preferred Stock, resulting in total gross proceeds of approximately $70.0 million"
standard-nuclear-series-a2-2026,announced_on,c6e1189365d25bee9e706fa934f06ef96142385b2866eebce86ad3e04d1e797c,https://www.sec.gov/Archives/edgar/data/2086716/000121390026078747/ea0276071-13.htm,,2026-10-05T18:58:56.156796+00:00,disclosed,"On January 23, 2026, we entered into a Series A-2 Preferred Stock Purchase Agreement"
standard-nuclear-series-a2-2026,round_label,c6e1189365d25bee9e706fa934f06ef96142385b2866eebce86ad3e04d1e797c,https://www.sec.gov/Archives/edgar/data/2086716/000121390026078747/ea0276071-13.htm,,2026-10-05T18:58:56.156796+00:00,disclosed,Series A-2 Preferred Stock Financing
standard-nuclear-stealth-42m-2025,amount,110fc929dfc9b8039cc440256fb3f3efedcacc9fb82777c8bdd18a8c6fbec524,https://standardnuclear.com/news,,2026-10-05T19:02:58.630296+00:00,disclosed,06/11/2025 Standard Nuclear Emerges from Stealth with $42 Million in Funding
standard-nuclear-stealth-42m-2025,announced_on,110fc929dfc9b8039cc440256fb3f3efedcacc9fb82777c8bdd18a8c6fbec524,https://standardnuclear.com/news,,2026-10-05T19:02:58.630296+00:00,disclosed,06/11/2025 Standard Nuclear Emerges from Stealth with $42 Million in Funding
startorus-series-a-plus-plus-2026-08,amount,c77f7a14a954341833117b51a0941ec54028e6bdc2581c0222e538c3089ade9c,https://www.startorus.com/company-news/484.html,,2026-10-05T18:49:33.376531+00:00,disclosed,"has completed its A++ round financing, raising 880 million RMB"
startorus-series-a-plus-plus-2026-08,announced_on,c77f7a14a954341833117b51a0941ec54028e6bdc2581c0222e538c3089ade9c,https://www.startorus.com/company-news/484.html,,2026-10-05T18:49:33.376531+00:00,disclosed,Startorus Fusion Completes A New Round of Financing of 880 Million Yuan to Advance the Engineering Progress of Fusion Energy Company News 2026-08-08
startorus-series-a-plus-plus-2026-08,round_label,c77f7a14a954341833117b51a0941ec54028e6bdc2581c0222e538c3089ade9c,https://www.startorus.com/company-news/484.html,,2026-10-05T18:49:33.376531+00:00,disclosed,has completed its A++ round financing
startorus-series-a-plus-plus-2026-08,use_of_proceeds,c77f7a14a954341833117b51a0941ec54028e6bdc2581c0222e538c3089ade9c,https://www.startorus.com/company-news/484.html,,2026-10-05T18:49:33.376531+00:00,disclosed,"will fund the construction of the Shanghai Jiading Experimental Base, the build-out and operation of NTST"
startorus-series-a-plus-plus-2026-08:abc-capital,participant,c77f7a14a954341833117b51a0941ec54028e6bdc2581c0222e538c3089ade9c,https://www.startorus.com/company-news/484.html,,2026-10-05T18:49:33.376531+00:00,disclosed,"Shenzhen Credit Guarantee Venture Capital, ABC Capital, BOCOM International Ventures"
startorus-series-a-plus-plus-2026-08:bocom-international-ventures,participant,c77f7a14a954341833117b51a0941ec54028e6bdc2581c0222e538c3089ade9c,https://www.startorus.com/company-news/484.html,,2026-10-05T18:49:33.376531+00:00,disclosed,"ABC Capital, BOCOM International Ventures, GGV Capital"
startorus-series-a-plus-plus-2026-08:cococapital,participant,c77f7a14a954341833117b51a0941ec54028e6bdc2581c0222e538c3089ade9c,https://www.startorus.com/company-news/484.html,,2026-10-05T18:49:33.376531+00:00,disclosed,"Yongxin Fangzhou Capital, COCOCAPITAL Corporation and PreIPO Capital"
startorus-series-a-plus-plus-2026-08:ggv-capital,participant,c77f7a14a954341833117b51a0941ec54028e6bdc2581c0222e538c3089ade9c,https://www.startorus.com/company-news/484.html,,2026-10-05T18:49:33.376531+00:00,disclosed,"BOCOM International Ventures, GGV Capital, Yongxin Fangzhou Capital"
startorus-series-a-plus-plus-2026-08:preipo-capital,participant,c77f7a14a954341833117b51a0941ec54028e6bdc2581c0222e538c3089ade9c,https://www.startorus.com/company-news/484.html,,2026-10-05T18:49:33.376531+00:00,disclosed,COCOCAPITAL Corporation and PreIPO Capital
startorus-series-a-plus-plus-2026-08:shanghai-st-venture-capital,participant,c77f7a14a954341833117b51a0941ec54028e6bdc2581c0222e538c3089ade9c,https://www.startorus.com/company-news/484.html,,2026-10-05T18:49:33.376531+00:00,disclosed,"Previous investors such as the intellectual property fund under Shanghai S&T Venture Capital (Group) Co., Ltd."
startorus-series-a-plus-plus-2026-08:shenzhen-credit-guarantee-venture-capital,participant,c77f7a14a954341833117b51a0941ec54028e6bdc2581c0222e538c3089ade9c,https://www.startorus.com/company-news/484.html,,2026-10-05T18:49:33.376531+00:00,disclosed,"Shenzhen Credit Guarantee Venture Capital, ABC Capital"
startorus-series-a-plus-plus-2026-08:shenzhen-investment-holding-capital,participant,c77f7a14a954341833117b51a0941ec54028e6bdc2581c0222e538c3089ade9c,https://www.startorus.com/company-news/484.html,,2026-10-05T18:49:33.376531+00:00,disclosed,This financing round brings together investment institutions including Shenzhen Investment Holding Capital
startorus-series-a-plus-plus-2026-08:yongxin-fangzhou-capital,participant,c77f7a14a954341833117b51a0941ec54028e6bdc2581c0222e538c3089ade9c,https://www.startorus.com/company-news/484.html,,2026-10-05T18:49:33.376531+00:00,disclosed,"GGV Capital, Yongxin Fangzhou Capital, COCOCAPITAL Corporation"
steady-2024-seed,amount,09812e7d80a7970cdeba164bf6a2c323b26be34d67c539276f93aa4685702e71,https://www.steadyenergy.com/news-article/steady-energy-raises-2-million-euros-to-decarbonise-residential-heating-with-small-modular-nuclear-reactors,,2026-10-05T20:36:08.293442+00:00,disclosed,Steady Energy raises 2 million euros to decarbonise residential heating with small modular nuclear reactors
steady-2024-seed,announced_on,09812e7d80a7970cdeba164bf6a2c323b26be34d67c539276f93aa4685702e71,https://www.steadyenergy.com/news-article/steady-energy-raises-2-million-euros-to-decarbonise-residential-heating-with-small-modular-nuclear-reactors,,2026-10-05T20:36:08.293442+00:00,disclosed,"August 22, 2024 Steady Energy raises 2 million euros"
steady-2025-series-b-close,amount,da76a163a6a406482492c9fcce22e83d0971c804f6119089ac8fbb7074df0ebf,https://www.steadyenergy.com/news-article/steady-energy-completes-eu32-million-funding-round-accelerates-towards-worlds-first-commercial-smr-constructs-pilot-plant-in-helsinki-city-centre,,2026-10-05T18:01:56.180700+00:00,disclosed,successfully secured the target of its €32 million funding round
steady-2025-series-b-close,announced_on,da76a163a6a406482492c9fcce22e83d0971c804f6119089ac8fbb7074df0ebf,https://www.steadyenergy.com/news-article/steady-energy-completes-eu32-million-funding-round-accelerates-towards-worlds-first-commercial-smr-constructs-pilot-plant-in-helsinki-city-centre,,2026-10-05T18:01:56.180700+00:00,disclosed,"July 1, 2025 Steady Energy completes €32 million funding round"
steady-2025-series-b-close,round_label,da76a163a6a406482492c9fcce22e83d0971c804f6119089ac8fbb7074df0ebf,https://www.steadyenergy.com/news-article/steady-energy-completes-eu32-million-funding-round-accelerates-towards-worlds-first-commercial-smr-constructs-pilot-plant-in-helsinki-city-centre,,2026-10-05T18:01:56.180700+00:00,disclosed,"reaching the round’s halfway target in March, led by 92 Ventures"
steady-2025-series-b-close:92-capital,participant,da76a163a6a406482492c9fcce22e83d0971c804f6119089ac8fbb7074df0ebf,https://www.steadyenergy.com/news-article/steady-energy-completes-eu32-million-funding-round-accelerates-towards-worlds-first-commercial-smr-constructs-pilot-plant-in-helsinki-city-centre,,2026-10-05T18:01:56.180700+00:00,disclosed,"reaching the round’s halfway target in March, led by 92 Ventures, now 92 Capital"
steady-2025-series-b-close:localtapiola,participant,da76a163a6a406482492c9fcce22e83d0971c804f6119089ac8fbb7074df0ebf,https://www.steadyenergy.com/news-article/steady-energy-completes-eu32-million-funding-round-accelerates-towards-worlds-first-commercial-smr-constructs-pilot-plant-in-helsinki-city-centre,,2026-10-05T18:01:56.180700+00:00,disclosed,"Major Finnish investors include LocalTapiola, a mutual insurance company, and Tesi (Finnish Industry Investment)"
steady-2025-series-b-close:move-energy,participant,da76a163a6a406482492c9fcce22e83d0971c804f6119089ac8fbb7074df0ebf,https://www.steadyenergy.com/news-article/steady-energy-completes-eu32-million-funding-round-accelerates-towards-worlds-first-commercial-smr-constructs-pilot-plant-in-helsinki-city-centre,,2026-10-05T18:01:56.180700+00:00,disclosed,An investment by the Amsterdam-based venture capital firm Move Energy is among the new private equity
steady-2025-series-b-close:tesi,participant,da76a163a6a406482492c9fcce22e83d0971c804f6119089ac8fbb7074df0ebf,https://www.steadyenergy.com/news-article/steady-energy-completes-eu32-million-funding-round-accelerates-towards-worlds-first-commercial-smr-constructs-pilot-plant-in-helsinki-city-centre,,2026-10-05T18:01:56.180700+00:00,disclosed,"Major Finnish investors include LocalTapiola, a mutual insurance company, and Tesi (Finnish Industry Investment)"
steady-2025-series-b-close:valo-ventures,participant,da76a163a6a406482492c9fcce22e83d0971c804f6119089ac8fbb7074df0ebf,https://www.steadyenergy.com/news-article/steady-energy-completes-eu32-million-funding-round-accelerates-towards-worlds-first-commercial-smr-constructs-pilot-plant-in-helsinki-city-centre,,2026-10-05T18:01:56.180700+00:00,disclosed,Managing Partner at Valo Ventures and a new investor in Steady Energy
steady-2025-series-b-first-close,amount,470119c02a131695c0f42bde953f8c75d81dab175ec7bac00e59a77e67db6e80,https://www.steadyenergy.com/news-article/steady-energy-secures-eu22m-in-funding-led-by-copenhagen-based-92-ventures-to-accelerate-pioneering-small-nuclear-reactor-technology,,2026-10-05T18:53:44.980162+00:00,disclosed,has secured €22 million in funding and will commence constructing a full-scale pilot plant
steady-2025-series-b-first-close,announced_on,470119c02a131695c0f42bde953f8c75d81dab175ec7bac00e59a77e67db6e80,https://www.steadyenergy.com/news-article/steady-energy-secures-eu22m-in-funding-led-by-copenhagen-based-92-ventures-to-accelerate-pioneering-small-nuclear-reactor-technology,,2026-10-05T18:53:44.980162+00:00,disclosed,"March 10, 2025 Steady Energy secures €22M in funding"
steady-2025-series-b-first-close,round_label,470119c02a131695c0f42bde953f8c75d81dab175ec7bac00e59a77e67db6e80,https://www.steadyenergy.com/news-article/steady-energy-secures-eu22m-in-funding-led-by-copenhagen-based-92-ventures-to-accelerate-pioneering-small-nuclear-reactor-technology,,2026-10-05T18:53:44.980162+00:00,disclosed,brings the company very close to completing its B-round
steady-2025-series-b-first-close:92-capital,participant,470119c02a131695c0f42bde953f8c75d81dab175ec7bac00e59a77e67db6e80,https://www.steadyenergy.com/news-article/steady-energy-secures-eu22m-in-funding-led-by-copenhagen-based-92-ventures-to-accelerate-pioneering-small-nuclear-reactor-technology,,2026-10-05T18:53:44.980162+00:00,disclosed,a €22M funding milestone led by 92 Ventures
steady-2025-series-b-first-close:lifeline-ventures,participant,470119c02a131695c0f42bde953f8c75d81dab175ec7bac00e59a77e67db6e80,https://www.steadyenergy.com/news-article/steady-energy-secures-eu22m-in-funding-led-by-copenhagen-based-92-ventures-to-accelerate-pioneering-small-nuclear-reactor-technology,,2026-10-05T18:53:44.980162+00:00,disclosed,"Lifeline Ventures, an investor in Steady Energy since its beginning, also participated in the recent funding round"
steady-2026-business-finland-loan,amount,cea33c83d8b628a8037a3fc747b06769dab911f56d5f9babcdbdbaa43cfde48b,https://www.steadyenergy.com/news-article/steady-energy-secures-10-5-million-euros-in-financing-for-pilot-plant-in-helsinki,,2026-10-05T18:01:56.180573+00:00,disclosed,has been granted a loan of 10.5-million euros by Innovation Funding Agency Business Finland
steady-2026-business-finland-loan,announced_on,cea33c83d8b628a8037a3fc747b06769dab911f56d5f9babcdbdbaa43cfde48b,https://www.steadyenergy.com/news-article/steady-energy-secures-10-5-million-euros-in-financing-for-pilot-plant-in-helsinki,,2026-10-05T18:01:56.180573+00:00,disclosed,"June 18, 2026 Steady Energy secures 10.5 million euros in financing for pilot plant in Helsinki"
steady-2026-business-finland-loan:business-finland,participant,cea33c83d8b628a8037a3fc747b06769dab911f56d5f9babcdbdbaa43cfde48b,https://www.steadyenergy.com/news-article/steady-energy-secures-10-5-million-euros-in-financing-for-pilot-plant-in-helsinki,,2026-10-05T18:01:56.180573+00:00,disclosed,"Steady Energy Oy, the Finnish small nuclear power developer, has been granted a loan of 10.5-million euros by Innovation Funding Agency Business Finland"
steady-2026-eib-convertible,amount,2f07f96e70d93e1b992ae7946386104fdf22c8e21390e3ee8756713544a8bd9b,https://www.steadyenergy.com/news-article/eib-backs-steady-energy-with-eu40-million-financing,,2026-10-05T18:53:45.401591+00:00,disclosed,is providing Steady Energy with up to €40 million in financing
steady-2026-eib-convertible,announced_on,9c4dd4abcd49080c89bff51516e2ff0220b0a4d131c4100d326f654f9e3f90b7,https://www.world-nuclear-news.org/articles/first-smr-investment-by-european-investment-bank,,2026-10-05T18:49:49.582526+00:00,reported,"Tuesday, 15 September 2026"
steady-2026-eib-convertible,round_label,9c4dd4abcd49080c89bff51516e2ff0220b0a4d131c4100d326f654f9e3f90b7,https://www.world-nuclear-news.org/articles/first-smr-investment-by-european-investment-bank,,2026-10-05T18:49:49.582526+00:00,reported,The EIB investment is in the form of a senior unsecured convertible loan
steady-2026-eib-convertible:eib,participant,2f07f96e70d93e1b992ae7946386104fdf22c8e21390e3ee8756713544a8bd9b,https://www.steadyenergy.com/news-article/eib-backs-steady-energy-with-eu40-million-financing,,2026-10-05T18:53:45.401591+00:00,disclosed,The European Investment Bank (EIB) is providing Steady Energy with up to €40 million in financing
steady-2026-first-north-ipo,amount,450ad2ad2db83e595e46fab3dce4d9ad9101ebae613343024be521ebb3aed65e,https://investors.steadyenergy.com/en/ipo,,2026-10-05T18:01:56.554636+00:00,disclosed,3North Partners aims to collect gross proceeds of up to EUR 5 million in the initial public offering
steady-2026-first-north-ipo,announced_on,450ad2ad2db83e595e46fab3dce4d9ad9101ebae613343024be521ebb3aed65e,https://investors.steadyenergy.com/en/ipo,,2026-10-05T18:01:56.554636+00:00,disclosed,15 September 2026 Announcement of the transactions
steady-2026-first-north-ipo,closed_on,450ad2ad2db83e595e46fab3dce4d9ad9101ebae613343024be521ebb3aed65e,https://investors.steadyenergy.com/en/ipo,,2026-10-05T18:01:56.554636+00:00,disclosed,the offering was oversubscribed and trading in the series A shares started on 2 October 2026
steady-2026-private-placement,amount,450ad2ad2db83e595e46fab3dce4d9ad9101ebae613343024be521ebb3aed65e,https://investors.steadyenergy.com/en/ipo,,2026-10-05T18:01:56.554636+00:00,disclosed,to subscribe for new series A shares in a Private Placement for the aggregate amount of approximately EUR 69.8 million
steady-2026-private-placement,announced_on,450ad2ad2db83e595e46fab3dce4d9ad9101ebae613343024be521ebb3aed65e,https://investors.steadyenergy.com/en/ipo,,2026-10-05T18:01:56.554636+00:00,disclosed,15 September 2026 Announcement of the transactions
steady-2026-private-placement,round_label,450ad2ad2db83e595e46fab3dce4d9ad9101ebae613343024be521ebb3aed65e,https://investors.steadyenergy.com/en/ipo,,2026-10-05T18:01:56.554636+00:00,disclosed,"3North Partners has received, subject to certain conditions, irrevocable investor commitments"
steady-2026-private-placement:elo-mutual-pension,participant,450ad2ad2db83e595e46fab3dce4d9ad9101ebae613343024be521ebb3aed65e,https://investors.steadyenergy.com/en/ipo,,2026-10-05T18:01:56.554636+00:00,disclosed,"from Elo Mutual Pension Insurance Company, Fortum Energy Holding B.V., Ilmarinen Mutual Pension Insurance Company, Mininvest Oy, Move Energy SMR Holding B.V., Orlen VC sp. z o.o., Finnish Industry Investment Ltd (Tesi), Varma Mutual Pension Insurance Company and Yes VC Select LP"
steady-2026-private-placement:fortum,participant,450ad2ad2db83e595e46fab3dce4d9ad9101ebae613343024be521ebb3aed65e,https://investors.steadyenergy.com/en/ipo,,2026-10-05T18:01:56.554636+00:00,disclosed,"from Elo Mutual Pension Insurance Company, Fortum Energy Holding B.V., Ilmarinen Mutual Pension Insurance Company, Mininvest Oy, Move Energy SMR Holding B.V., Orlen VC sp. z o.o., Finnish Industry Investment Ltd (Tesi), Varma Mutual Pension Insurance Company and Yes VC Select LP"
steady-2026-private-placement:ilmarinen,participant,450ad2ad2db83e595e46fab3dce4d9ad9101ebae613343024be521ebb3aed65e,https://investors.steadyenergy.com/en/ipo,,2026-10-05T18:01:56.554636+00:00,disclosed,"from Elo Mutual Pension Insurance Company, Fortum Energy Holding B.V., Ilmarinen Mutual Pension Insurance Company, Mininvest Oy, Move Energy SMR Holding B.V., Orlen VC sp. z o.o., Finnish Industry Investment Ltd (Tesi), Varma Mutual Pension Insurance Company and Yes VC Select LP"
steady-2026-private-placement:mininvest,participant,450ad2ad2db83e595e46fab3dce4d9ad9101ebae613343024be521ebb3aed65e,https://investors.steadyenergy.com/en/ipo,,2026-10-05T18:01:56.554636+00:00,disclosed,"from Elo Mutual Pension Insurance Company, Fortum Energy Holding B.V., Ilmarinen Mutual Pension Insurance Company, Mininvest Oy, Move Energy SMR Holding B.V., Orlen VC sp. z o.o., Finnish Industry Investment Ltd (Tesi), Varma Mutual Pension Insurance Company and Yes VC Select LP"
steady-2026-private-placement:move-energy,participant,450ad2ad2db83e595e46fab3dce4d9ad9101ebae613343024be521ebb3aed65e,https://investors.steadyenergy.com/en/ipo,,2026-10-05T18:01:56.554636+00:00,disclosed,"from Elo Mutual Pension Insurance Company, Fortum Energy Holding B.V., Ilmarinen Mutual Pension Insurance Company, Mininvest Oy, Move Energy SMR Holding B.V., Orlen VC sp. z o.o., Finnish Industry Investment Ltd (Tesi), Varma Mutual Pension Insurance Company and Yes VC Select LP"
steady-2026-private-placement:orlen-vc,participant,450ad2ad2db83e595e46fab3dce4d9ad9101ebae613343024be521ebb3aed65e,https://investors.steadyenergy.com/en/ipo,,2026-10-05T18:01:56.554636+00:00,disclosed,"from Elo Mutual Pension Insurance Company, Fortum Energy Holding B.V., Ilmarinen Mutual Pension Insurance Company, Mininvest Oy, Move Energy SMR Holding B.V., Orlen VC sp. z o.o., Finnish Industry Investment Ltd (Tesi), Varma Mutual Pension Insurance Company and Yes VC Select LP"
steady-2026-private-placement:tesi,participant,450ad2ad2db83e595e46fab3dce4d9ad9101ebae613343024be521ebb3aed65e,https://investors.steadyenergy.com/en/ipo,,2026-10-05T18:01:56.554636+00:00,disclosed,"from Elo Mutual Pension Insurance Company, Fortum Energy Holding B.V., Ilmarinen Mutual Pension Insurance Company, Mininvest Oy, Move Energy SMR Holding B.V., Orlen VC sp. z o.o., Finnish Industry Investment Ltd (Tesi), Varma Mutual Pension Insurance Company and Yes VC Select LP"
steady-2026-private-placement:varma,participant,450ad2ad2db83e595e46fab3dce4d9ad9101ebae613343024be521ebb3aed65e,https://investors.steadyenergy.com/en/ipo,,2026-10-05T18:01:56.554636+00:00,disclosed,"from Elo Mutual Pension Insurance Company, Fortum Energy Holding B.V., Ilmarinen Mutual Pension Insurance Company, Mininvest Oy, Move Energy SMR Holding B.V., Orlen VC sp. z o.o., Finnish Industry Investment Ltd (Tesi), Varma Mutual Pension Insurance Company and Yes VC Select LP"
steady-2026-private-placement:yes-vc-select,participant,450ad2ad2db83e595e46fab3dce4d9ad9101ebae613343024be521ebb3aed65e,https://investors.steadyenergy.com/en/ipo,,2026-10-05T18:01:56.554636+00:00,disclosed,"from Elo Mutual Pension Insurance Company, Fortum Energy Holding B.V., Ilmarinen Mutual Pension Insurance Company, Mininvest Oy, Move Energy SMR Holding B.V., Orlen VC sp. z o.o., Finnish Industry Investment Ltd (Tesi), Varma Mutual Pension Insurance Company and Yes VC Select LP"
steady-fortum-2025-apros,agreement,b8f656b87cd07a98aff1c870c811a7d84e015d4dc77c38ff4707bdc09a548241,https://www.steadyenergy.com/news-article/fortum-to-support-steady-energy-ldr-50-reactor,,2026-10-05T20:36:10.024295+00:00,disclosed,Fortum and the Finnish technology company Steady Energy have agreed on cooperation in which Fortum will support the development
steady-helen-2024-loi,agreement,ff486c0e48826ab28748a49bbb37c9d892f8f0260acf1f4b1d2f0ff17451410d,https://www.steadyenergy.com/news-article/helen-and-steady-energy-aim-to-introduce-nuclear-heat-production-in-finland,,2026-10-05T20:36:08.678634+00:00,disclosed,Helen and Steady Energy have signed a letter of intent with the aim of enabling an investment in a small-scale nuclear power plant for heat production.
steady-helen-2024-loi,announced_on,d2be07a6fc4304f70b312eb1d9586a3e4e5ac1a1e78ee2e5a248957942e447df,https://www.steadyenergy.com/news-article/nuclear-pioneers-steady-energy-and-karnfull-next-partner-for-sustainable-swedish-district-heating,,2026-10-05T20:36:09.701060+00:00,disclosed,Steady Energy has previously signed letters of intent for the delivery of up to 15 reactors with Helsinki's local utility Helen and Kuopio Energy
steady-karnfull-2024-partnership,agreement,d2be07a6fc4304f70b312eb1d9586a3e4e5ac1a1e78ee2e5a248957942e447df,https://www.steadyenergy.com/news-article/nuclear-pioneers-steady-energy-and-karnfull-next-partner-for-sustainable-swedish-district-heating,,2026-10-05T20:36:09.701060+00:00,disclosed,announced a strategic partnership to introduce small modular reactors (SMRs) for district heating in Sweden
steady-kdhc-2025-cooperation,agreement,a09ce96c54f188b8a996f8d5546188f2286bc4dcb4989e23d99674c39a531f14,https://www.steadyenergy.com/news-article/finnish-steady-energy-signs-first-international-deal-with-korea-district-heating-corp-underground-heating-reactor-attracts-interest-in-south-korea,,2026-10-05T20:36:09.409897+00:00,disclosed,announce an agreement on cooperation in the field of heat-only small modular reactors (SMR) today
steady-kuopion-energia-2024-preplanning,agreement,c0c9bae2151dd413d801d9d9aa2fa0c01d0bab48dfb0f49a822db07799b06f9b,https://www.steadyenergy.com/news-article/steady-energy-and-kuopion-energia-have-signed-a-pre-planning-agreement,,2026-10-05T20:36:09.103124+00:00,disclosed,Kuopion Energia and Steady Energy have signed a one-year pre-planning agreement.
stellarex-infuse-2023-1,announced_on,c0aec09f6ea1ac078ae490ef74d8c35852e93d620682bf4c1f727ea6c98cf0e1,https://infuse.ornl.gov/awards/page/5,,2026-10-05T18:58:18.564077+00:00,disclosed,"INFUSE 2023 - July 25, 2023 | Stellarex, Inc. | Savannah River National Laboratory (SRNL)"
stellarex-infuse-2023-1,round_label,c0aec09f6ea1ac078ae490ef74d8c35852e93d620682bf4c1f727ea6c98cf0e1,https://infuse.ornl.gov/awards/page/5,,2026-10-05T18:58:18.564077+00:00,disclosed,"INFUSE 2023 - July 25, 2023 | Stellarex, Inc. | Savannah River National Laboratory (SRNL)"
stellarex-infuse-2023-1,use_of_proceeds,c0aec09f6ea1ac078ae490ef74d8c35852e93d620682bf4c1f727ea6c98cf0e1,https://infuse.ornl.gov/awards/page/5,,2026-10-05T18:58:18.564077+00:00,disclosed,Efficient Tritium Extraction from Liquid Lithium
stellarex-infuse-2023-1:doe-gain-infuse,participant,c0aec09f6ea1ac078ae490ef74d8c35852e93d620682bf4c1f727ea6c98cf0e1,https://infuse.ornl.gov/awards/page/5,,2026-10-05T18:58:18.564077+00:00,disclosed,"INFUSE 2023 - July 25, 2023 | Stellarex, Inc. | Savannah River National Laboratory (SRNL)"
stellaria-2025-round,amount,b4557b7bef203d1607f64b178dce505241c11c959875709897e87d4b7efb4484,https://www.stellaria.fr/levee-de-fonds-stellaria-2025/,,2026-10-05T19:00:42.837154+00:00,disclosed,annonce une levée de fonds d’un montant total de 23 millions d’euros
stellaria-2025-round,announced_on,b4557b7bef203d1607f64b178dce505241c11c959875709897e87d4b7efb4484,https://www.stellaria.fr/levee-de-fonds-stellaria-2025/,,2026-10-05T19:00:42.837154+00:00,disclosed,"juillet 17, 2025"
stellaria-2025-round,round_label,b4557b7bef203d1607f64b178dce505241c11c959875709897e87d4b7efb4484,https://www.stellaria.fr/levee-de-fonds-stellaria-2025/,,2026-10-05T19:00:42.837154+00:00,disclosed,Cette levée de fonds intervient deux ans après une première levée de fonds réussie en 2023
stellaria-2025-round:at-one-ventures,participant,b4557b7bef203d1607f64b178dce505241c11c959875709897e87d4b7efb4484,https://www.stellaria.fr/levee-de-fonds-stellaria-2025/,,2026-10-05T19:00:42.837154+00:00,disclosed,mené par le fonds américain à impact At One Ventures et Supernova Invest en tant qu’investisseurs principaux
stellaria-2025-round:cea-investissement,participant,b4557b7bef203d1607f64b178dce505241c11c959875709897e87d4b7efb4484,https://www.stellaria.fr/levee-de-fonds-stellaria-2025/,,2026-10-05T19:00:42.837154+00:00,disclosed,"les investisseurs historiques de Stellaria : CEA Investissement, Schneider-Electric, Exergon et Technip Energies"
stellaria-2025-round:exergon,participant,b4557b7bef203d1607f64b178dce505241c11c959875709897e87d4b7efb4484,https://www.stellaria.fr/levee-de-fonds-stellaria-2025/,,2026-10-05T19:00:42.837154+00:00,disclosed,"les investisseurs historiques de Stellaria : CEA Investissement, Schneider-Electric, Exergon et Technip Energies"
stellaria-2025-round:schneider-electric,participant,b4557b7bef203d1607f64b178dce505241c11c959875709897e87d4b7efb4484,https://www.stellaria.fr/levee-de-fonds-stellaria-2025/,,2026-10-05T19:00:42.837154+00:00,disclosed,"les investisseurs historiques de Stellaria : CEA Investissement, Schneider-Electric, Exergon et Technip Energies"
stellaria-2025-round:supernova-invest,participant,b4557b7bef203d1607f64b178dce505241c11c959875709897e87d4b7efb4484,https://www.stellaria.fr/levee-de-fonds-stellaria-2025/,,2026-10-05T19:00:42.837154+00:00,disclosed,mené par le fonds américain à impact At One Ventures et Supernova Invest en tant qu’investisseurs principaux
stellaria-2025-round:technip-energies,participant,b4557b7bef203d1607f64b178dce505241c11c959875709897e87d4b7efb4484,https://www.stellaria.fr/levee-de-fonds-stellaria-2025/,,2026-10-05T19:00:42.837154+00:00,disclosed,"les investisseurs historiques de Stellaria : CEA Investissement, Schneider-Electric, Exergon et Technip Energies"
stellaria-cea-2026-inb-alpha-loi,agreement,cccf9919fc8174e946845204b48dea4e3d33e6efd0ee92105292886dbf9046b5,https://www.stellaria.fr/lettre-d-intention-inb-alpha-stellaria/,,2026-10-05T19:00:37.797438+00:00,disclosed,Stellaria et le CEA annoncent la signature d’une Lettre d’Intention (LOI) relative à l’étude de l’implantation d’une INB
stellaria-cea-2026-inb-alpha-loi,announced_on,cccf9919fc8174e946845204b48dea4e3d33e6efd0ee92105292886dbf9046b5,https://www.stellaria.fr/lettre-d-intention-inb-alpha-stellaria/,,2026-10-05T19:00:37.797438+00:00,disclosed,"avril 23, 2026"
stellaria-equinix-2025-preorder,agreement,b46c3d646496628615eae3cbb78993fabc39507185f88b4d895de60ddbe995ed,https://www.stellaria.fr/accord-de-precommande-equinix/,,2026-10-05T20:37:04.360627+00:00,disclosed,Un accord de précommande à hauteur de 500 Mwe de puissance
stellaria-equinix-2025-preorder,announced_on,b46c3d646496628615eae3cbb78993fabc39507185f88b4d895de60ddbe995ed,https://www.stellaria.fr/accord-de-precommande-equinix/,,2026-10-05T20:37:04.360627+00:00,disclosed,"novembre 26, 2025"
stellaria-france-2030-grant,amount,b4557b7bef203d1607f64b178dce505241c11c959875709897e87d4b7efb4484,https://www.stellaria.fr/levee-de-fonds-stellaria-2025/,,2026-10-05T19:00:42.837154+00:00,disclosed,financement non dilutif de 10 millions d’euros obtenu par Stellaria en étant lauréat de l’appel à projets « Réacteurs innovants » du plan France 2030
stellaria-france-2030-grant,announced_on,b4557b7bef203d1607f64b178dce505241c11c959875709897e87d4b7efb4484,https://www.stellaria.fr/levee-de-fonds-stellaria-2025/,,2026-10-05T19:00:42.837154+00:00,disclosed,"juillet 17, 2025"
stellaria-france-2030-grant:france-2030,participant,b4557b7bef203d1607f64b178dce505241c11c959875709897e87d4b7efb4484,https://www.stellaria.fr/levee-de-fonds-stellaria-2025/,,2026-10-05T19:00:42.837154+00:00,disclosed,lauréat de l’appel à projets « Réacteurs innovants » du plan France 2030
stellaria-unitel-2026-fos-hub-mou,agreement,e502eab1cfc64ed0db7d912f18f60bdbd5a2c8b28bd6d3cf6ed5ae0140990f62,https://www.stellaria.fr/hub-energetique-integre-fos-sur-mer/,,2026-10-05T19:00:35.694797+00:00,disclosed,"annoncent la signature, le 16 juillet 2026, d’un mémorandum d’entente visant à développer un projet de hub énergétique"
stellaria-unitel-2026-fos-hub-mou,announced_on,e502eab1cfc64ed0db7d912f18f60bdbd5a2c8b28bd6d3cf6ed5ae0140990f62,https://www.stellaria.fr/hub-energetique-integre-fos-sur-mer/,,2026-10-05T19:00:35.694797+00:00,disclosed,"juillet 20, 2026"
switch-mpa-12gw,agreement,7ca433c6ed60b6539c7fb7739c8847a88cbf977cf40d3835059a3d4a0aadc8bf,https://www.sec.gov/Archives/edgar/data/1849056/000162828026018698/oklo-20251231.htm,,2026-10-05T18:53:13.718570+00:00,disclosed,"In December 2024, we signed a 12 gigawatt (GW) Master Power Agreement with Switch, Ltd. (""Switch"")"
tae-2007-vc-round,amount,2e0c3e1965f20980fafc85e58193087f60671c26f36adc5aa222f1d3dfb69d5a,https://en.wikipedia.org/wiki/TAE_Technologies,,2026-10-05T17:56:35.093481+00:00,reported,"Michael Kanellos (21 May 2007). ""Nuclear fusion firm draws $40 million from VCs"""
tae-2007-vc-round,announced_on,2e0c3e1965f20980fafc85e58193087f60671c26f36adc5aa222f1d3dfb69d5a,https://en.wikipedia.org/wiki/TAE_Technologies,,2026-10-05T17:56:35.093481+00:00,reported,"Michael Kanellos (21 May 2007). ""Nuclear fusion firm draws $40 million from VCs"""
tae-2021-04-raise-280m,amount,f1ced9cdc9fbb04b2113ca303beadc8d6d8a97433c52192312597fe23c8f5341,https://techcrunch.com/2021/04/08/claiming-a-landmark-in-fusion-energy-tae-technologies-sees-commercialization-by-2030/,,2026-10-05T18:01:49.168287+00:00,reported,"TAE was able to raise an additional $280 million in financing, bringing its total up to $880 million"
tae-2021-04-raise-280m,announced_on,f1ced9cdc9fbb04b2113ca303beadc8d6d8a97433c52192312597fe23c8f5341,https://techcrunch.com/2021/04/08/claiming-a-landmark-in-fusion-energy-tae-technologies-sees-commercialization-by-2030/,,2026-10-05T18:01:49.168287+00:00,reported,"12:00 PM PDT · April 8, 2021"
tae-2021-04-raise-280m,announced_on,2e0c3e1965f20980fafc85e58193087f60671c26f36adc5aa222f1d3dfb69d5a,https://en.wikipedia.org/wiki/TAE_Technologies,,2026-10-05T17:56:35.093481+00:00,reported,"raises $280 million from new, existing investors"" . Reuters . 8 April 2021."
tae-2022-07-series-g2,amount,45ca6617d56204df9ee9bccda2d70fca7378b22a61fa9f6de194653203ad5507,https://web.archive.org/web/2/https://tae.com/tae-technologies-exceeds-fusion-reactor-performance-goals-by-250-as-company-closes-250-million-financing-round-totaling-1-2-billion-to-date/,https://tae.com/tae-technologies-exceeds-fusion-reactor-performance-goals-by-250-as-company-closes-250-million-financing-round-totaling-1-2-billion-to-date/,2026-10-05T18:52:49.929739+00:00,disclosed,"In its recently closed Series G-2 financing round, TAE secured $250 million from investors"
tae-2022-07-series-g2,amount,cb41875ae5c4d11e330a5214b31db296898ff3e2945ef939e65b4459ba06d4c0,https://www.cnbc.com/2022/07/19/google-chevron-invest-in-fusion-startup-tae-technologies.html,,2026-10-05T17:56:43.548846+00:00,reported,Google and Chevron were part of a $250 million funding raise announced Tuesday for TAE Technologies
tae-2022-07-series-g2,announced_on,cb41875ae5c4d11e330a5214b31db296898ff3e2945ef939e65b4459ba06d4c0,https://www.cnbc.com/2022/07/19/google-chevron-invest-in-fusion-startup-tae-technologies.html,,2026-10-05T17:56:43.548846+00:00,reported,"Published Tue, Jul 19 2022 1:57 PM EDT"
tae-2022-07-series-g2,round_label,45ca6617d56204df9ee9bccda2d70fca7378b22a61fa9f6de194653203ad5507,https://web.archive.org/web/2/https://tae.com/tae-technologies-exceeds-fusion-reactor-performance-goals-by-250-as-company-closes-250-million-financing-round-totaling-1-2-billion-to-date/,https://tae.com/tae-technologies-exceeds-fusion-reactor-performance-goals-by-250-as-company-closes-250-million-financing-round-totaling-1-2-billion-to-date/,2026-10-05T18:52:49.929739+00:00,disclosed,In its recently closed Series G-2 financing round
tae-2022-07-series-g2,use_of_proceeds,45ca6617d56204df9ee9bccda2d70fca7378b22a61fa9f6de194653203ad5507,https://web.archive.org/web/2/https://tae.com/tae-technologies-exceeds-fusion-reactor-performance-goals-by-250-as-company-closes-250-million-financing-round-totaling-1-2-billion-to-date/,https://tae.com/tae-technologies-exceeds-fusion-reactor-performance-goals-by-250-as-company-closes-250-million-financing-round-totaling-1-2-billion-to-date/,2026-10-05T18:52:49.929739+00:00,disclosed,to fund the construction of the company’s sixth-generation research reactor
tae-2022-07-series-g2:alphabet,participant,45ca6617d56204df9ee9bccda2d70fca7378b22a61fa9f6de194653203ad5507,https://web.archive.org/web/2/https://tae.com/tae-technologies-exceeds-fusion-reactor-performance-goals-by-250-as-company-closes-250-million-financing-round-totaling-1-2-billion-to-date/,https://tae.com/tae-technologies-exceeds-fusion-reactor-performance-goals-by-250-as-company-closes-250-million-financing-round-totaling-1-2-billion-to-date/,2026-10-05T18:52:49.929739+00:00,disclosed,"Chevron, Google, Reimagined Ventures, Sumitomo Corporation of Americas, and TIFF Investment Management are among the company’s most recent investors"
tae-2022-07-series-g2:chevron-technology-ventures,participant,45ca6617d56204df9ee9bccda2d70fca7378b22a61fa9f6de194653203ad5507,https://web.archive.org/web/2/https://tae.com/tae-technologies-exceeds-fusion-reactor-performance-goals-by-250-as-company-closes-250-million-financing-round-totaling-1-2-billion-to-date/,https://tae.com/tae-technologies-exceeds-fusion-reactor-performance-goals-by-250-as-company-closes-250-million-financing-round-totaling-1-2-billion-to-date/,2026-10-05T18:52:49.929739+00:00,disclosed,"Chevron, Google, Reimagined Ventures, Sumitomo Corporation of Americas, and TIFF Investment Management are among the company’s most recent investors"
tae-2022-07-series-g2:reimagined-ventures,participant,45ca6617d56204df9ee9bccda2d70fca7378b22a61fa9f6de194653203ad5507,https://web.archive.org/web/2/https://tae.com/tae-technologies-exceeds-fusion-reactor-performance-goals-by-250-as-company-closes-250-million-financing-round-totaling-1-2-billion-to-date/,https://tae.com/tae-technologies-exceeds-fusion-reactor-performance-goals-by-250-as-company-closes-250-million-financing-round-totaling-1-2-billion-to-date/,2026-10-05T18:52:49.929739+00:00,disclosed,"Chevron, Google, Reimagined Ventures, Sumitomo Corporation of Americas, and TIFF Investment Management are among the company’s most recent investors"
tae-2022-07-series-g2:sumitomo-corp-americas,participant,cb41875ae5c4d11e330a5214b31db296898ff3e2945ef939e65b4459ba06d4c0,https://www.cnbc.com/2022/07/19/google-chevron-invest-in-fusion-startup-tae-technologies.html,,2026-10-05T17:56:43.548846+00:00,reported,"Sumitomo Corporation of Americas , also participated in the round"
tae-2022-07-series-g2:tiff-investment-management,participant,45ca6617d56204df9ee9bccda2d70fca7378b22a61fa9f6de194653203ad5507,https://web.archive.org/web/2/https://tae.com/tae-technologies-exceeds-fusion-reactor-performance-goals-by-250-as-company-closes-250-million-financing-round-totaling-1-2-billion-to-date/,https://tae.com/tae-technologies-exceeds-fusion-reactor-performance-goals-by-250-as-company-closes-250-million-financing-round-totaling-1-2-billion-to-date/,2026-10-05T18:52:49.929739+00:00,disclosed,"Chevron, Google, Reimagined Ventures, Sumitomo Corporation of Americas, and TIFF Investment Management are among the company’s most recent investors"
tae-2023-04-power-solutions-series-a,announced_on,9e08ccdb1f9b2fe42e4de219fc6946f36234cd90dc62855de7cf385e3641a4f5,https://www.sec.gov/Archives/edgar/data/1849635/000143774926031534/djt20260922_s4.htm,,2026-10-05T18:49:49.342730+00:00,disclosed,"Series A Preferred Unit Purchase Agreement, dated as of April 7, 2023"
tae-2023-04-power-solutions-series-a:acadia-woods-partners,participant,9e08ccdb1f9b2fe42e4de219fc6946f36234cd90dc62855de7cf385e3641a4f5,https://www.sec.gov/Archives/edgar/data/1849635/000143774926031534/djt20260922_s4.htm,,2026-10-05T18:49:49.342730+00:00,disclosed,"Acadia Woods Partners, LLC (4) ​ ​ 400,000 ​ ​ $ 4,000,000"
tae-2023-04-power-solutions-series-a:buchanan-investments-alterenergy,participant,9e08ccdb1f9b2fe42e4de219fc6946f36234cd90dc62855de7cf385e3641a4f5,https://www.sec.gov/Archives/edgar/data/1849635/000143774926031534/djt20260922_s4.htm,,2026-10-05T18:49:49.342730+00:00,disclosed,"Buchanan Investments AlterEnergy, LLC (2) ​ ​ 410,000 ​ ​ $ 4,100,000"
tae-2023-04-power-solutions-series-a:hos-mbs-investments,participant,9e08ccdb1f9b2fe42e4de219fc6946f36234cd90dc62855de7cf385e3641a4f5,https://www.sec.gov/Archives/edgar/data/1849635/000143774926031534/djt20260922_s4.htm,,2026-10-05T18:49:49.342730+00:00,disclosed,"HOS MBS Investments, LP (5) ​ ​ 150,000 ​ ​ $ 1,500,000"
tae-2023-04-power-solutions-series-a:planet-heritage-foundation,participant,9e08ccdb1f9b2fe42e4de219fc6946f36234cd90dc62855de7cf385e3641a4f5,https://www.sec.gov/Archives/edgar/data/1849635/000143774926031534/djt20260922_s4.htm,,2026-10-05T18:49:49.342730+00:00,disclosed,"Planet Heritage Foundation, Inc. (3) ​ ​ 200,000 ​ ​ $ 2,000,000"
tae-2023-04-power-solutions-series-a:skywriter-llc,participant,9e08ccdb1f9b2fe42e4de219fc6946f36234cd90dc62855de7cf385e3641a4f5,https://www.sec.gov/Archives/edgar/data/1849635/000143774926031534/djt20260922_s4.htm,,2026-10-05T18:49:49.342730+00:00,disclosed,"Skywriter LLC (3) ​ ​ 2,800,000 ​ ​ $ 28,000,000"
tae-2023-04-power-solutions-series-a:ta-330-fund-i,participant,9e08ccdb1f9b2fe42e4de219fc6946f36234cd90dc62855de7cf385e3641a4f5,https://www.sec.gov/Archives/edgar/data/1849635/000143774926031534/djt20260922_s4.htm,,2026-10-05T18:49:49.342730+00:00,disclosed,"TA-330 Fund I, A Series of 3 Alpha Power Solutions 1, LP (2) ​ ​ 90,000 ​ ​ $ 900,000"
tae-2023-2024-safe,amount,9e08ccdb1f9b2fe42e4de219fc6946f36234cd90dc62855de7cf385e3641a4f5,https://www.sec.gov/Archives/edgar/data/1849635/000143774926031534/djt20260922_s4.htm,,2026-10-05T18:49:49.342730+00:00,disclosed,"TAE issued and sold simple agreements for future equity in the aggregate amount of $97,577,980"
tae-2023-2024-safe,announced_on,9e08ccdb1f9b2fe42e4de219fc6946f36234cd90dc62855de7cf385e3641a4f5,https://www.sec.gov/Archives/edgar/data/1849635/000143774926031534/djt20260922_s4.htm,,2026-10-05T18:49:49.342730+00:00,disclosed,"the original Safe and Call Option Purchase Agreement dated as of September 5, 2023"
tae-2023-2024-safe,closed_on,9e08ccdb1f9b2fe42e4de219fc6946f36234cd90dc62855de7cf385e3641a4f5,https://www.sec.gov/Archives/edgar/data/1849635/000143774926031534/djt20260922_s4.htm,,2026-10-05T18:49:49.342730+00:00,disclosed,"Safe and Call Option Purchase Agreements dated as of February 13, 2024, March 11, 2024, April 18, 2024, and May 30, 2024"
tae-2023-2024-safe:3-alpha-3-kh,participant,9e08ccdb1f9b2fe42e4de219fc6946f36234cd90dc62855de7cf385e3641a4f5,https://www.sec.gov/Archives/edgar/data/1849635/000143774926031534/djt20260922_s4.htm,,2026-10-05T18:49:49.342730+00:00,disclosed,"3 Alpha 3 KH LLC (2) ​ $ 2,032,150.00"
tae-2023-2024-safe:acadia-woods-partners,participant,9e08ccdb1f9b2fe42e4de219fc6946f36234cd90dc62855de7cf385e3641a4f5,https://www.sec.gov/Archives/edgar/data/1849635/000143774926031534/djt20260922_s4.htm,,2026-10-05T18:49:49.342730+00:00,disclosed,"Acadia Woods Partners, LLC (5) ​ $ 14,874,297.18"
tae-2023-2024-safe:big-sky-venture-capital,participant,9e08ccdb1f9b2fe42e4de219fc6946f36234cd90dc62855de7cf385e3641a4f5,https://www.sec.gov/Archives/edgar/data/1849635/000143774926031534/djt20260922_s4.htm,,2026-10-05T18:49:49.342730+00:00,disclosed,"Big Sky Venture Capital III, LLC (6) ​ $ 3,029,492.88"
tae-2023-2024-safe:hos-mbs-investments,participant,9e08ccdb1f9b2fe42e4de219fc6946f36234cd90dc62855de7cf385e3641a4f5,https://www.sec.gov/Archives/edgar/data/1849635/000143774926031534/djt20260922_s4.htm,,2026-10-05T18:49:49.342730+00:00,disclosed,"HOS MBS Investments, LP (6) ​ $ 4,514,746.44"
tae-2023-2024-safe:nea,participant,9e08ccdb1f9b2fe42e4de219fc6946f36234cd90dc62855de7cf385e3641a4f5,https://www.sec.gov/Archives/edgar/data/1849635/000143774926031534/djt20260922_s4.htm,,2026-10-05T18:49:49.342730+00:00,disclosed,"NEW ENTERPRISE ASSOCIATES 10, L.P. (4) ​ $ 10,500,000.00"
tae-2023-2024-safe:planet-heritage-foundation,participant,9e08ccdb1f9b2fe42e4de219fc6946f36234cd90dc62855de7cf385e3641a4f5,https://www.sec.gov/Archives/edgar/data/1849635/000143774926031534/djt20260922_s4.htm,,2026-10-05T18:49:49.342730+00:00,disclosed,"Planet Heritage Foundation, Inc. (3) ​ $ 1,079,231.88"
tae-2023-2024-safe:skywriter-llc,participant,9e08ccdb1f9b2fe42e4de219fc6946f36234cd90dc62855de7cf385e3641a4f5,https://www.sec.gov/Archives/edgar/data/1849635/000143774926031534/djt20260922_s4.htm,,2026-10-05T18:49:49.342730+00:00,disclosed,"SKYWRITER LLC (3) ​ $ 6,952,720.55"
tae-2023-2024-safe:stark-investments,participant,9e08ccdb1f9b2fe42e4de219fc6946f36234cd90dc62855de7cf385e3641a4f5,https://www.sec.gov/Archives/edgar/data/1849635/000143774926031534/djt20260922_s4.htm,,2026-10-05T18:49:49.342730+00:00,disclosed,"Stark Investments Ltd. (1) ​ $ 1,211,471.04"
tae-2025-06-funding-round,amount,a96b385eb945f0a53f0d75a3e2a4d1aa6bdf7befaeab5a16a93244b0f010f501,https://web.archive.org/web/2/https://tae.com/tae-technologies-raises-150-million-in-latest-funding-round/,https://tae.com/tae-technologies-raises-150-million-in-latest-funding-round/,2026-10-05T18:51:55.076125+00:00,disclosed,"has raised more than $150 million in its latest funding round, exceeding the company’s initial target for the round"
tae-2025-06-funding-round,amount,18a676ecfed03f8a0c6307fce190d746a566691b8b59c5d66ff55437694ec8b2,https://techcrunch.com/2025/06/03/google-places-another-fusion-power-bet-on-tae-technologies/,,2026-10-05T17:56:45.457643+00:00,reported,"said this week it raised another $150 million in a funding round that included investments from existing backers Google, Chevron, and New Enterprise Associates"
tae-2025-06-funding-round,announced_on,a96b385eb945f0a53f0d75a3e2a4d1aa6bdf7befaeab5a16a93244b0f010f501,https://web.archive.org/web/2/https://tae.com/tae-technologies-raises-150-million-in-latest-funding-round/,https://tae.com/tae-technologies-raises-150-million-in-latest-funding-round/,2026-10-05T18:51:55.076125+00:00,disclosed,"June 2, 2025"
tae-2025-06-funding-round:alphabet,participant,a96b385eb945f0a53f0d75a3e2a4d1aa6bdf7befaeab5a16a93244b0f010f501,https://web.archive.org/web/2/https://tae.com/tae-technologies-raises-150-million-in-latest-funding-round/,https://tae.com/tae-technologies-raises-150-million-in-latest-funding-round/,2026-10-05T18:51:55.076125+00:00,disclosed,"Chevron Technology Ventures, Google and NEA participated in the round, among other new and existing investors"
tae-2025-06-funding-round:chevron-technology-ventures,participant,a96b385eb945f0a53f0d75a3e2a4d1aa6bdf7befaeab5a16a93244b0f010f501,https://web.archive.org/web/2/https://tae.com/tae-technologies-raises-150-million-in-latest-funding-round/,https://tae.com/tae-technologies-raises-150-million-in-latest-funding-round/,2026-10-05T18:51:55.076125+00:00,disclosed,"Chevron Technology Ventures, Google and NEA participated in the round, among other new and existing investors"
tae-2025-06-funding-round:nea,participant,a96b385eb945f0a53f0d75a3e2a4d1aa6bdf7befaeab5a16a93244b0f010f501,https://web.archive.org/web/2/https://tae.com/tae-technologies-raises-150-million-in-latest-funding-round/,https://tae.com/tae-technologies-raises-150-million-in-latest-funding-round/,2026-10-05T18:51:55.076125+00:00,disclosed,"Chevron Technology Ventures, Google and NEA participated in the round, among other new and existing investors"
tae-cumulative-2018-03,amount,0c957033f22b23e57e863db86fe5e30678fe9d0799a6822d89723b132f317419,https://www.geekwire.com/2018/fusion-cancer-tae-life-sciences/,,2026-10-05T18:53:29.024587+00:00,reported,"has taken in more than $500 million in funding from Paul Allen’s Vulcan Capital, the Rockefeller family’s Venrock venture capital firm, Russia’s Rusnano"
tae-cumulative-2018-03,announced_on,0c957033f22b23e57e863db86fe5e30678fe9d0799a6822d89723b132f317419,https://www.geekwire.com/2018/fusion-cancer-tae-life-sciences/,,2026-10-05T18:53:29.024587+00:00,reported,"Alan Boyle on Mar 12, 2018"
tae-cumulative-2018-03:venrock,participant,0c957033f22b23e57e863db86fe5e30678fe9d0799a6822d89723b132f317419,https://www.geekwire.com/2018/fusion-cancer-tae-life-sciences/,,2026-10-05T18:53:29.024587+00:00,reported,"Paul Allen’s Vulcan Capital, the Rockefeller family’s Venrock venture capital firm"
tae-cumulative-2018-03:vulcan,participant,0c957033f22b23e57e863db86fe5e30678fe9d0799a6822d89723b132f317419,https://www.geekwire.com/2018/fusion-cancer-tae-life-sciences/,,2026-10-05T18:53:29.024587+00:00,reported,"Paul Allen’s Vulcan Capital, the Rockefeller family’s Venrock venture capital firm"
tae-cumulative-2021-04,amount,f1ced9cdc9fbb04b2113ca303beadc8d6d8a97433c52192312597fe23c8f5341,https://techcrunch.com/2021/04/08/claiming-a-landmark-in-fusion-energy-tae-technologies-sees-commercialization-by-2030/,,2026-10-05T18:01:49.168287+00:00,reported,bringing its total up to $880 million
tae-cumulative-2021-04,announced_on,2e0c3e1965f20980fafc85e58193087f60671c26f36adc5aa222f1d3dfb69d5a,https://en.wikipedia.org/wiki/TAE_Technologies,,2026-10-05T17:56:35.093481+00:00,reported,"raises $280 million from new, existing investors"" . Reuters . 8 April 2021."
tae-cumulative-2021-04:alphabet,participant,f1ced9cdc9fbb04b2113ca303beadc8d6d8a97433c52192312597fe23c8f5341,https://techcrunch.com/2021/04/08/claiming-a-landmark-in-fusion-energy-tae-technologies-sees-commercialization-by-2030/,,2026-10-05T18:01:49.168287+00:00,reported,"Vulcan, Venrock, NEA, Wellcome Trust, Google and the Kuwait Investment Authority are all backers"
tae-cumulative-2021-04:goldman-sachs,participant,2e0c3e1965f20980fafc85e58193087f60671c26f36adc5aa222f1d3dfb69d5a,https://en.wikipedia.org/wiki/TAE_Technologies,,2026-10-05T17:56:35.093481+00:00,reported,Main financing has come from Goldman Sachs and venture capitalists such as Microsoft co-founder Paul Allen
tae-cumulative-2021-04:kuwait-investment-authority,participant,f1ced9cdc9fbb04b2113ca303beadc8d6d8a97433c52192312597fe23c8f5341,https://techcrunch.com/2021/04/08/claiming-a-landmark-in-fusion-energy-tae-technologies-sees-commercialization-by-2030/,,2026-10-05T18:01:49.168287+00:00,reported,"Vulcan, Venrock, NEA, Wellcome Trust, Google and the Kuwait Investment Authority are all backers"
tae-cumulative-2021-04:nea,participant,f1ced9cdc9fbb04b2113ca303beadc8d6d8a97433c52192312597fe23c8f5341,https://techcrunch.com/2021/04/08/claiming-a-landmark-in-fusion-energy-tae-technologies-sees-commercialization-by-2030/,,2026-10-05T18:01:49.168287+00:00,reported,"Vulcan, Venrock, NEA, Wellcome Trust, Google and the Kuwait Investment Authority are all backers"
tae-cumulative-2021-04:wellcome-trust,participant,f1ced9cdc9fbb04b2113ca303beadc8d6d8a97433c52192312597fe23c8f5341,https://techcrunch.com/2021/04/08/claiming-a-landmark-in-fusion-energy-tae-technologies-sees-commercialization-by-2030/,,2026-10-05T18:01:49.168287+00:00,reported,"Vulcan, Venrock, NEA, Wellcome Trust, Google and the Kuwait Investment Authority are all backers"
tae-cumulative-2022-07,amount,45ca6617d56204df9ee9bccda2d70fca7378b22a61fa9f6de194653203ad5507,https://web.archive.org/web/2/https://tae.com/tae-technologies-exceeds-fusion-reactor-performance-goals-by-250-as-company-closes-250-million-financing-round-totaling-1-2-billion-to-date/,https://tae.com/tae-technologies-exceeds-fusion-reactor-performance-goals-by-250-as-company-closes-250-million-financing-round-totaling-1-2-billion-to-date/,2026-10-05T18:52:49.929739+00:00,disclosed,to date has raised a total of $1.2 billion for its commercial fusion development
tae-cumulative-2022-07,announced_on,cb41875ae5c4d11e330a5214b31db296898ff3e2945ef939e65b4459ba06d4c0,https://www.cnbc.com/2022/07/19/google-chevron-invest-in-fusion-startup-tae-technologies.html,,2026-10-05T17:56:43.548846+00:00,reported,"Published Tue, Jul 19 2022 1:57 PM EDT"
tae-cumulative-2025-06,amount,a96b385eb945f0a53f0d75a3e2a4d1aa6bdf7befaeab5a16a93244b0f010f501,https://web.archive.org/web/2/https://tae.com/tae-technologies-raises-150-million-in-latest-funding-round/,https://tae.com/tae-technologies-raises-150-million-in-latest-funding-round/,2026-10-05T18:51:55.076125+00:00,disclosed,With more than $1.3 billion in equity capital raised since inception
tae-cumulative-2025-06,announced_on,a96b385eb945f0a53f0d75a3e2a4d1aa6bdf7befaeab5a16a93244b0f010f501,https://web.archive.org/web/2/https://tae.com/tae-technologies-raises-150-million-in-latest-funding-round/,https://tae.com/tae-technologies-raises-150-million-in-latest-funding-round/,2026-10-05T18:51:55.076125+00:00,disclosed,"June 2, 2025"
tae-cumulative-2026-09,amount,9e08ccdb1f9b2fe42e4de219fc6946f36234cd90dc62855de7cf385e3641a4f5,https://www.sec.gov/Archives/edgar/data/1849635/000143774926031534/djt20260922_s4.htm,,2026-10-05T18:49:49.342730+00:00,disclosed,TAE has raised more than $1.6 billion in capital since its inception in 1998
tae-cumulative-2026-09,announced_on,41694fe1dab49b626c812e8f10b7cc5984ae5e334ebb1968be81f933b09090f4,https://www.sec.gov/Archives/edgar/data/1849635/000143774926031535/djt20260930_8k.htm,,2026-10-05T17:52:29.519219+00:00,disclosed,"On September 30, 2026, TMTG and TAE issued a joint press release announcing the filing of a registration statement on Form S-4"
tae-google-services-agreement,agreement,9e08ccdb1f9b2fe42e4de219fc6946f36234cd90dc62855de7cf385e3641a4f5,https://www.sec.gov/Archives/edgar/data/1849635/000143774926031534/djt20260922_s4.htm,,2026-10-05T18:49:49.342730+00:00,disclosed,"The warrant was issued pursuant to an Amended and Restated Services Agreement effective as of September 1, 2017 between Google and TAE"
tae-google-services-agreement,agreement,a96b385eb945f0a53f0d75a3e2a4d1aa6bdf7befaeab5a16a93244b0f010f501,https://web.archive.org/web/2/https://tae.com/tae-technologies-raises-150-million-in-latest-funding-round/,https://tae.com/tae-technologies-raises-150-million-in-latest-funding-round/,2026-10-05T18:51:55.076125+00:00,disclosed,"Since 2014, TAE and Google Research have worked together to accelerate fusion science"
tae-life-sciences-2018-03,amount,0c957033f22b23e57e863db86fe5e30678fe9d0799a6822d89723b132f317419,https://www.geekwire.com/2018/fusion-cancer-tae-life-sciences/,,2026-10-05T18:53:29.024587+00:00,reported,"TAE Life Sciences says it has raised $40 million in venture capital, led by Artis Ventures"
tae-life-sciences-2018-03,announced_on,0c957033f22b23e57e863db86fe5e30678fe9d0799a6822d89723b132f317419,https://www.geekwire.com/2018/fusion-cancer-tae-life-sciences/,,2026-10-05T18:53:29.024587+00:00,reported,"Alan Boyle on Mar 12, 2018"
tae-life-sciences-2018-03:artis-ventures,participant,0c957033f22b23e57e863db86fe5e30678fe9d0799a6822d89723b132f317419,https://www.geekwire.com/2018/fusion-cancer-tae-life-sciences/,,2026-10-05T18:53:29.024587+00:00,reported,"TAE Life Sciences says it has raised $40 million in venture capital, led by Artis Ventures"
tae-nifs-partnership,agreement,bee73a1f7e2e040c6605d014052749a70f1b815574a4e8e5c86e87592a10ac3c,https://web.archive.org/web/2/https://tae.com/tae-technologies-partners-with-japans-institute-for-fusion-science-nifs-for-fusion-fuel-research/,https://tae.com/tae-technologies-partners-with-japans-institute-for-fusion-science-nifs-for-fusion-fuel-research/,2026-10-05T18:58:55.357541+00:00,disclosed,announced a landmark partnership with Japan’s National Institute for Fusion Science (NIFS)
tae-rusnano-2012,announced_on,2e0c3e1965f20980fafc85e58193087f60671c26f36adc5aa222f1d3dfb69d5a,https://en.wikipedia.org/wiki/TAE_Technologies,,2026-10-05T17:56:35.093481+00:00,reported,invested in Tri Alpha Energy in October 2012
tae-rusnano-2012:rusnano,participant,2e0c3e1965f20980fafc85e58193087f60671c26f36adc5aa222f1d3dfb69d5a,https://en.wikipedia.org/wiki/TAE_Technologies,,2026-10-05T17:56:35.093481+00:00,reported,invested in Tri Alpha Energy in October 2012
tae-series-12-fy2025,amount,9e08ccdb1f9b2fe42e4de219fc6946f36234cd90dc62855de7cf385e3641a4f5,https://www.sec.gov/Archives/edgar/data/1849635/000143774926031534/djt20260922_s4.htm,,2026-10-05T18:49:49.342730+00:00,disclosed,"issued shares of Series 12 Preferred Stock and warrants to purchase shares of Series 12 Preferred Stock for gross proceeds of $56.8 million and $146.6 million, respectively"
tae-series-12-fy2025,amount,9e08ccdb1f9b2fe42e4de219fc6946f36234cd90dc62855de7cf385e3641a4f5,https://www.sec.gov/Archives/edgar/data/1849635/000143774926031534/djt20260922_s4.htm,,2026-10-05T18:49:49.342730+00:00,disclosed,issued Series 12 Preferred Stock and warrants upon the non-cash conversion of outstanding SAFEs and call options ($97.6 million) and short-term notes payable ($30.0 million)
tae-series-12-fy2025,announced_on,9e08ccdb1f9b2fe42e4de219fc6946f36234cd90dc62855de7cf385e3641a4f5,https://www.sec.gov/Archives/edgar/data/1849635/000143774926031534/djt20260922_s4.htm,,2026-10-05T18:49:49.342730+00:00,disclosed,"Series 12 Preferred Stock Purchase and Exchange Agreement, dated as of August 27, 2024"
tae-series-12-fy2025,round_label,9e08ccdb1f9b2fe42e4de219fc6946f36234cd90dc62855de7cf385e3641a4f5,https://www.sec.gov/Archives/edgar/data/1849635/000143774926031534/djt20260922_s4.htm,,2026-10-05T18:49:49.342730+00:00,disclosed,The Series 12 Preferred Stock Financing opened in August 2024 and closed in December 2025.
tae-series-12-fy2026,amount,9e08ccdb1f9b2fe42e4de219fc6946f36234cd90dc62855de7cf385e3641a4f5,https://www.sec.gov/Archives/edgar/data/1849635/000143774926031534/djt20260922_s4.htm,,2026-10-05T18:49:49.342730+00:00,disclosed,"the Company completed its Series 12 preferred stock financing, raising aggregate gross proceeds of $56.8 million"
tae-series-12-fy2026,announced_on,9e08ccdb1f9b2fe42e4de219fc6946f36234cd90dc62855de7cf385e3641a4f5,https://www.sec.gov/Archives/edgar/data/1849635/000143774926031534/djt20260922_s4.htm,,2026-10-05T18:49:49.342730+00:00,disclosed,"During the year ended March 31, 2026, the Company completed its Series 12 preferred stock financing"
tae-series-12-fy2026,closed_on,9e08ccdb1f9b2fe42e4de219fc6946f36234cd90dc62855de7cf385e3641a4f5,https://www.sec.gov/Archives/edgar/data/1849635/000143774926031534/djt20260922_s4.htm,,2026-10-05T18:49:49.342730+00:00,disclosed,The Series 12 Preferred Stock Financing opened in August 2024 and closed in December 2025.
tae-tmtg-convertible-note-tranche1,amount,4b8201eccb140524fbc758b14749c5606c2cfad7ac868ae59314679415329138,https://www.sec.gov/Archives/edgar/data/1849635/000114036125046056/ef20061577_8k.htm,,2026-10-05T17:52:30.626676+00:00,disclosed,TMTG has agreed to fund $200 million to TAE within 5 business days of the date of the convertible promissory note
tae-tmtg-convertible-note-tranche1,amount,41694fe1dab49b626c812e8f10b7cc5984ae5e334ebb1968be81f933b09090f4,https://www.sec.gov/Archives/edgar/data/1849635/000143774926031535/djt20260930_8k.htm,,2026-10-05T17:52:29.519219+00:00,disclosed,"The Amended Note was issued with an initial principal amount of $200,000,000"
tae-tmtg-convertible-note-tranche1,announced_on,4b8201eccb140524fbc758b14749c5606c2cfad7ac868ae59314679415329138,https://www.sec.gov/Archives/edgar/data/1849635/000114036125046056/ef20061577_8k.htm,,2026-10-05T17:52:30.626676+00:00,disclosed,"unsecured convertible promissory note, dated as of December 18, 2025"
tae-tmtg-convertible-note-tranche1,closed_on,9e08ccdb1f9b2fe42e4de219fc6946f36234cd90dc62855de7cf385e3641a4f5,https://www.sec.gov/Archives/edgar/data/1849635/000143774926031534/djt20260922_s4.htm,,2026-10-05T18:49:49.342730+00:00,disclosed,"The first tranche of $200.0 million was funded on December 19, 2025."
tae-tmtg-convertible-note-tranche1:tmtg,participant,4b8201eccb140524fbc758b14749c5606c2cfad7ac868ae59314679415329138,https://www.sec.gov/Archives/edgar/data/1849635/000114036125046056/ef20061577_8k.htm,,2026-10-05T17:52:30.626676+00:00,disclosed,TMTG has agreed to fund $200 million to TAE within 5 business days of the date of the convertible promissory note
tae-tmtg-convertible-note-tranche2,amount,4b8201eccb140524fbc758b14749c5606c2cfad7ac868ae59314679415329138,https://www.sec.gov/Archives/edgar/data/1849635/000114036125046056/ef20061577_8k.htm,,2026-10-05T17:52:30.626676+00:00,disclosed,"upon request from TAE, up to an additional $100 million upon TMTG’s initial filing of the Registration Statement"
tae-tmtg-convertible-note-tranche2,amount_kind,41694fe1dab49b626c812e8f10b7cc5984ae5e334ebb1968be81f933b09090f4,https://www.sec.gov/Archives/edgar/data/1849635/000143774926031535/djt20260930_8k.htm,,2026-10-05T17:52:29.519219+00:00,disclosed,"TAE may request drawdowns under the Amended Note of up to an additional $100,000,000 (the “Second Tranche”) during the Second Tranche Draw Period"
tae-tmtg-convertible-note-tranche2,announced_on,4b8201eccb140524fbc758b14749c5606c2cfad7ac868ae59314679415329138,https://www.sec.gov/Archives/edgar/data/1849635/000114036125046056/ef20061577_8k.htm,,2026-10-05T17:52:30.626676+00:00,disclosed,"unsecured convertible promissory note, dated as of December 18, 2025"
tae-tmtg-convertible-note-tranche2:tmtg,participant,4b8201eccb140524fbc758b14749c5606c2cfad7ac868ae59314679415329138,https://www.sec.gov/Archives/edgar/data/1849635/000114036125046056/ef20061577_8k.htm,,2026-10-05T17:52:30.626676+00:00,disclosed,TMTG and TAE entered into an unsecured convertible promissory note
tae-tmtg-merger,amount,bf031a5674a39d1862a29789be3137caf0302429a44e6b5ecf2ef5fa7333ee66,https://www.cnbc.com/2025/12/18/trump-media-djt-tae-fusion-merger.html,,2026-10-05T18:53:36.334724+00:00,reported,"a privately held fusion power company, valued at more than $6 billion"
tae-tmtg-merger,announced_on,4b8201eccb140524fbc758b14749c5606c2cfad7ac868ae59314679415329138,https://www.sec.gov/Archives/edgar/data/1849635/000114036125046056/ef20061577_8k.htm,,2026-10-05T17:52:30.626676+00:00,disclosed,"on December 18, 2025, Trump Media & Technology Group Corp., a Florida corporation (“ TMTG ”), and T Media Sub, Inc."
tae-tmtg-merger-agreement,agreement,4b8201eccb140524fbc758b14749c5606c2cfad7ac868ae59314679415329138,https://www.sec.gov/Archives/edgar/data/1849635/000114036125046056/ef20061577_8k.htm,,2026-10-05T17:52:30.626676+00:00,disclosed,TMTG expects that its pre-Merger shareholders will own approximately 50% of the combined company
terra-bridge-loans-2025,amount,66dbb11911d0ffc117272dc55e41430fa90d72233d63b85333c36881901a060f,https://www.sec.gov/Archives/edgar/data/2067627/000121390026068933/ea0285850-10k_terra.htm,,2026-10-05T18:54:13.370795+00:00,disclosed,"cash flows from financing activities proceeds from bridge loans 5,690"
terra-bridge-loans-2025,amount_corroboration,119a6e5a5010d85a75c76ec68517376ff813a98dbac42d6da80622b1c5fea3e4,https://www.sec.gov/Archives/edgar/data/2067627/000121390025111171/ea0265299-10q_terra.htm,,2026-10-05T18:55:44.230529+00:00,disclosed,"in may, june, august and september 2025, the company entered into a series of unsecured debt note subscription agreements (the ""bridge loans"") with multiple lenders, generating aggregate gross proceeds of $ 5,687"
terra-bridge-loans-2025,announced_on,66dbb11911d0ffc117272dc55e41430fa90d72233d63b85333c36881901a060f,https://www.sec.gov/Archives/edgar/data/2067627/000121390026068933/ea0285850-10k_terra.htm,,2026-10-05T18:54:13.370795+00:00,disclosed,"between May 2025 and August 2025, Terra Innovatum entered into the Bridge Loans"
terra-pipe-2025,amount,15f54816f558d3d66dab91d75c94b0b8c31d16772ceae090fbaa8f3aaff42051,https://www.sec.gov/Archives/edgar/data/2067627/000121390025099636/ea0261316-8k_terra.htm,,2026-10-05T18:53:53.708347+00:00,disclosed,for an aggregate total of approximately $31.8 million
terra-pipe-2025,announced_on,15f54816f558d3d66dab91d75c94b0b8c31d16772ceae090fbaa8f3aaff42051,https://www.sec.gov/Archives/edgar/data/2067627/000121390025099636/ea0261316-8k_terra.htm,,2026-10-05T18:53:53.708347+00:00,disclosed,"on September 23, 2025, GSR III entered into Subscription Agreements"
terra-pipe-additional-2025,amount,15f54816f558d3d66dab91d75c94b0b8c31d16772ceae090fbaa8f3aaff42051,https://www.sec.gov/Archives/edgar/data/2067627/000121390025099636/ea0261316-8k_terra.htm,,2026-10-05T18:53:53.708347+00:00,disclosed,for an aggregate total of approximately $4.99 million
terra-pipe-additional-2025,announced_on,15f54816f558d3d66dab91d75c94b0b8c31d16772ceae090fbaa8f3aaff42051,https://www.sec.gov/Archives/edgar/data/2067627/000121390025099636/ea0261316-8k_terra.htm,,2026-10-05T18:53:53.708347+00:00,disclosed,"Subsequent to September 23, 2025, GSR III entered into PIPE Subscription Agreements for an additional 499,500 PIPE Shares"
terra-spac-gsr3-2025,amount,66dbb11911d0ffc117272dc55e41430fa90d72233d63b85333c36881901a060f,https://www.sec.gov/Archives/edgar/data/2067627/000121390026068933/ea0285850-10k_terra.htm,,2026-10-05T18:54:13.370795+00:00,disclosed,"$69,878 of proceeds from business combinations, net of transaction costs, (ii) $36,835 of proceeds from pipe financing"
terra-spac-gsr3-2025,announced_on,15f54816f558d3d66dab91d75c94b0b8c31d16772ceae090fbaa8f3aaff42051,https://www.sec.gov/Archives/edgar/data/2067627/000121390025099636/ea0261316-8k_terra.htm,,2026-10-05T18:53:53.708347+00:00,disclosed,"(as amended, the “Business Combination Agreement”), dated April 21, 2025, with GSR III"
terra-spac-gsr3-2025,closed_on,15f54816f558d3d66dab91d75c94b0b8c31d16772ceae090fbaa8f3aaff42051,https://www.sec.gov/Archives/edgar/data/2067627/000121390025099636/ea0261316-8k_terra.htm,,2026-10-05T18:53:53.708347+00:00,disclosed,"on October 9, 2025 (the “Closing Date”), the Business Combination was consummated"
terrapower-2020-ardp-initial,amount,51c14e4204af7fb3c1efef2330cdba2b77e9015dfd10d5a90be6d95bb780209e,https://www.energy.gov/ne/articles/us-department-energy-announces-160-million-first-awards-under-advanced-reactor,,2026-10-05T17:59:27.432998+00:00,disclosed,"DOE is awarding TerraPower LLC (Bellevue, Washington) and X-energy (Rockville, Maryland) $80 million each in initial funding"
terrapower-2020-ardp-initial,announced_on,51c14e4204af7fb3c1efef2330cdba2b77e9015dfd10d5a90be6d95bb780209e,https://www.energy.gov/ne/articles/us-department-energy-announces-160-million-first-awards-under-advanced-reactor,,2026-10-05T17:59:27.432998+00:00,disclosed,"Office of Nuclear Energy October 13, 2020"
terrapower-2020-ardp-initial:doe-ne,participant,51c14e4204af7fb3c1efef2330cdba2b77e9015dfd10d5a90be6d95bb780209e,https://www.energy.gov/ne/articles/us-department-energy-announces-160-million-first-awards-under-advanced-reactor,,2026-10-05T17:59:27.432998+00:00,disclosed,"DOE is awarding TerraPower LLC (Bellevue, Washington)"
terrapower-2022-08-equity,amount,eb5ce930c367eecb90913bccc920edfee89a85f10d243210aeaca2050b9affd1,https://www.terrapower.com/terrapower-announces-830-million-secured-in-2022,,2026-10-05T17:59:00.126141+00:00,disclosed,"The first phase of the fundraise, announced in mid-August of this year, secured $750 million."
terrapower-2022-08-equity,amount,93c05b2e6af6b01e358c3214a654a5757b1b6019a66e0cbfff965b1c275fa65e,https://www.terrapower.com/fundraise,,2026-10-05T18:49:35.877770+00:00,disclosed,the close of an equity raise that yields a minimum of $750 million
terrapower-2022-08-equity,announced_on,93c05b2e6af6b01e358c3214a654a5757b1b6019a66e0cbfff965b1c275fa65e,https://www.terrapower.com/fundraise,,2026-10-05T18:49:35.877770+00:00,disclosed,"Bellevue, WA – August 15, 2022"
terrapower-2022-08-equity,round_label,93c05b2e6af6b01e358c3214a654a5757b1b6019a66e0cbfff965b1c275fa65e,https://www.terrapower.com/fundraise,,2026-10-05T18:49:35.877770+00:00,disclosed,TerraPower Announces $750 Million Secured in Fundraise
terrapower-2022-08-equity:bill-gates,participant,93c05b2e6af6b01e358c3214a654a5757b1b6019a66e0cbfff965b1c275fa65e,https://www.terrapower.com/fundraise,,2026-10-05T18:49:35.877770+00:00,disclosed,"co-led by SK Inc. and SK Innovation (collectively, “SK”) and TerraPower’s founder Bill Gates"
terrapower-2022-08-equity:sk-group,participant,93c05b2e6af6b01e358c3214a654a5757b1b6019a66e0cbfff965b1c275fa65e,https://www.terrapower.com/fundraise,,2026-10-05T18:49:35.877770+00:00,disclosed,SK invested $250 million.
terrapower-2022-11-equity-extension,amount,eb5ce930c367eecb90913bccc920edfee89a85f10d243210aeaca2050b9affd1,https://www.terrapower.com/terrapower-announces-830-million-secured-in-2022,,2026-10-05T17:59:00.126141+00:00,disclosed,an additional $80 million was raised through additional investors
terrapower-2022-11-equity-extension,announced_on,eb5ce930c367eecb90913bccc920edfee89a85f10d243210aeaca2050b9affd1,https://www.terrapower.com/terrapower-announces-830-million-secured-in-2022,,2026-10-05T17:59:00.126141+00:00,disclosed,"Bellevue, WA – November 3, 2022"
terrapower-2022-11-equity-extension,round_label,eb5ce930c367eecb90913bccc920edfee89a85f10d243210aeaca2050b9affd1,https://www.terrapower.com/terrapower-announces-830-million-secured-in-2022,,2026-10-05T17:59:00.126141+00:00,disclosed,has concluded an equity raise of $830 million
terrapower-2022-11-equity-extension:arcelormittal,participant,eb5ce930c367eecb90913bccc920edfee89a85f10d243210aeaca2050b9affd1,https://www.terrapower.com/terrapower-announces-830-million-secured-in-2022,,2026-10-05T17:59:00.126141+00:00,disclosed,"ArcelorMittal, the world’s leading steel company, which has invested through its XCarb® Innovation Fund"
terrapower-2022-11-equity-extension:hd-hyundai,participant,eb5ce930c367eecb90913bccc920edfee89a85f10d243210aeaca2050b9affd1,https://www.terrapower.com/terrapower-announces-830-million-secured-in-2022,,2026-10-05T17:59:00.126141+00:00,disclosed,"Korea Shipbuilding and Offshore Engineering (“KSOE”), the intermediate holding company of Hyundai Heavy Industries Group’s shipbuilding sector"
terrapower-2022-gain-voucher,announced_on,9016bf37d12b865bffc4f2a48be2b5b030f1b7f7e0c7b464f54fb16190ca022b,https://www.energy.gov/ne/articles/orano-and-terrapower-awarded-gain-vouchers-help-advance-nuclear-technologies,,2026-10-05T17:59:23.937040+00:00,disclosed,"Office of Nuclear Energy June 22, 2022"
terrapower-2022-gain-voucher,round_label,9016bf37d12b865bffc4f2a48be2b5b030f1b7f7e0c7b464f54fb16190ca022b,https://www.energy.gov/ne/articles/orano-and-terrapower-awarded-gain-vouchers-help-advance-nuclear-technologies,,2026-10-05T17:59:23.937040+00:00,disclosed,Orano and TerraPower Awarded GAIN Vouchers to Help Advance Nuclear Technologies
terrapower-2022-gain-voucher:doe-gain-infuse,participant,9016bf37d12b865bffc4f2a48be2b5b030f1b7f7e0c7b464f54fb16190ca022b,https://www.energy.gov/ne/articles/orano-and-terrapower-awarded-gain-vouchers-help-advance-nuclear-technologies,,2026-10-05T17:59:23.937040+00:00,disclosed,Orano Federal Services and TerraPower awarded vouchers to help advance their nuclear technologies.
terrapower-2025-06-equity,amount,471317cf6a2a0fc98b42e08eea9c2639d350354cb1946197fe5b7341aa0b2044,https://www.terrapower.com/terrapower-announces-650-million-fundraise,,2026-10-05T17:52:54.295929+00:00,disclosed,announced today the close of a $650 million fundraise
terrapower-2025-06-equity,announced_on,471317cf6a2a0fc98b42e08eea9c2639d350354cb1946197fe5b7341aa0b2044,https://www.terrapower.com/terrapower-announces-650-million-fundraise,,2026-10-05T17:52:54.295929+00:00,disclosed,"Bellevue, WA – June 18, 2025"
terrapower-2025-06-equity,round_label,471317cf6a2a0fc98b42e08eea9c2639d350354cb1946197fe5b7341aa0b2044,https://www.terrapower.com/terrapower-announces-650-million-fundraise,,2026-10-05T17:52:54.295929+00:00,disclosed,TerraPower Announces $650 Million Fundraise
terrapower-2025-06-equity:bill-gates,participant,471317cf6a2a0fc98b42e08eea9c2639d350354cb1946197fe5b7341aa0b2044,https://www.terrapower.com/terrapower-announces-650-million-fundraise,,2026-10-05T17:52:54.295929+00:00,disclosed,"current investors, including TerraPower-founder Bill Gates and HD Hyundai"
terrapower-2025-06-equity:hd-hyundai,participant,471317cf6a2a0fc98b42e08eea9c2639d350354cb1946197fe5b7341aa0b2044,https://www.terrapower.com/terrapower-announces-650-million-fundraise,,2026-10-05T17:52:54.295929+00:00,disclosed,"current investors, including TerraPower-founder Bill Gates and HD Hyundai"
terrapower-2025-06-equity:nventures,participant,471317cf6a2a0fc98b42e08eea9c2639d350354cb1946197fe5b7341aa0b2044,https://www.terrapower.com/terrapower-announces-650-million-fundraise,,2026-10-05T17:52:54.295929+00:00,disclosed,"new investors, including NVentures, the venture capital arm of NVIDIA"
terrapower-2026-01-khnp-stake,announced_on,1a1d152bef1ba2c620ed9b53a49836cb85407a4aa37824ee07722498ff30568e,https://www.terrapower.com/KHNP-Joins-TerraPower-Investor-Base,,2026-10-05T17:52:55.359393+00:00,disclosed,"Bellevue, WA – January 20, 2026"
terrapower-2026-01-khnp-stake,round_label,1a1d152bef1ba2c620ed9b53a49836cb85407a4aa37824ee07722498ff30568e,https://www.terrapower.com/KHNP-Joins-TerraPower-Investor-Base,,2026-10-05T17:52:55.359393+00:00,disclosed,KHNP’s investment will be through SK’s previously announced $250 million investment into TerraPower.
terrapower-2026-01-khnp-stake:khnp,participant,1a1d152bef1ba2c620ed9b53a49836cb85407a4aa37824ee07722498ff30568e,https://www.terrapower.com/KHNP-Joins-TerraPower-Investor-Base,,2026-10-05T17:52:55.359393+00:00,disclosed,Korea Hydro & Nuclear Power (KHNP) has joined SK as part of the company’s visionary investor base
terrapower-ardp-2b-authorization-ceiling,amount,b9cca7be3a1ae7d2c0ecda8da7b496c7b85e58eec5ddf5a16591a05163c82c56,https://www.terrapower.com/natrium/,,2026-10-05T20:32:21.163339+00:00,disclosed,This program authorizes a 50/50 cost share and authorizes up to $2 billion for the Natrium project.
terrapower-ardp-2b-authorization-ceiling,announced_on,51c14e4204af7fb3c1efef2330cdba2b77e9015dfd10d5a90be6d95bb780209e,https://www.energy.gov/ne/articles/us-department-energy-announces-160-million-first-awards-under-advanced-reactor,,2026-10-05T17:59:27.432998+00:00,disclosed,"Office of Nuclear Energy October 13, 2020"
terrapower-ardp-2b-authorization-ceiling:doe-ne,participant,b9cca7be3a1ae7d2c0ecda8da7b496c7b85e58eec5ddf5a16591a05163c82c56,https://www.terrapower.com/natrium/,,2026-10-05T20:32:21.163339+00:00,disclosed,TerraPower is building its first plant through a public-private partnership with the U.S. Department of Energy's (DOE) Advanced Reactor Demonstration Program (ARDP).
terrapower-ardp-natrium-usaspending,amount,f1b652900cf6d6b8c7f162612db3f040ca0a6550a49600d272f5e41216a8993d,https://api.usaspending.gov/api/v2/awards/ASST_NON_DENE0009054_089/,,2026-10-05T17:57:00.292665+00:00,disclosed,"""total_obligation"":1696938130.8"
terrapower-ardp-natrium-usaspending,announced_on,f1b652900cf6d6b8c7f162612db3f040ca0a6550a49600d272f5e41216a8993d,https://api.usaspending.gov/api/v2/awards/ASST_NON_DENE0009054_089/,,2026-10-05T17:57:00.292665+00:00,disclosed,"""date_signed"":""2021-05-03"""
terrapower-ardp-natrium-usaspending,disbursed,f1b652900cf6d6b8c7f162612db3f040ca0a6550a49600d272f5e41216a8993d,https://api.usaspending.gov/api/v2/awards/ASST_NON_DENE0009054_089/,,2026-10-05T17:57:00.292665+00:00,disclosed,"""total_account_outlay"":972362176.09"
terrapower-ardp-natrium-usaspending,program,f1b652900cf6d6b8c7f162612db3f040ca0a6550a49600d272f5e41216a8993d,https://api.usaspending.gov/api/v2/awards/ASST_NON_DENE0009054_089/,,2026-10-05T17:57:00.292665+00:00,disclosed,"SELECTED UNDER FOA DE-FOA-0002271, ADVANCED REACTOR DEMONSTRATION"
terrapower-ardp-natrium-usaspending,recipient,219c0a4d34d0dcdccb5a68dc149f99536e31c4c970d34c6bd345bf1657f161ea,https://api.usaspending.gov/api/v2/search/spending_by_award/,,2026-10-05T17:55:40.565466+00:00,disclosed,"""Recipient Name"":""US SFR OWNER LLC"""
terrapower-ardp-natrium-usaspending,recipient_address,f1b652900cf6d6b8c7f162612db3f040ca0a6550a49600d272f5e41216a8993d,https://api.usaspending.gov/api/v2/awards/ASST_NON_DENE0009054_089/,,2026-10-05T17:57:00.292665+00:00,disclosed,"""city_name"":""BELLEVUE"",""county_code"":""033"",""county_name"":""KING"",""address_line1"":""15800 NORTHUP WAY"""
terrapower-ardp-natrium-usaspending:doe-ne,participant,219c0a4d34d0dcdccb5a68dc149f99536e31c4c970d34c6bd345bf1657f161ea,https://api.usaspending.gov/api/v2/search/spending_by_award/,,2026-10-05T17:55:40.565466+00:00,disclosed,"""Awarding Sub Agency"":""Department of Energy"""
terrapower-asp-isotopes-2024-haleu-term-sheet,agreement,0019dcf2dfe50b4726a908e661cd9efb6af6ea8b14867462ee473d0bfdab056f,https://www.terrapower.com/terraPower-announces-strategic-agreement,,2026-10-05T18:50:16.635971+00:00,disclosed,TerraPower has signed a term sheet with ASP Isotopes for the construction of a uranium enrichment facility in South Africa
terrapower-cardinal-health-2021-ac225,agreement,5fd32619473e279d39b5030d1ba10238b7ebeedea9c61504262cb86fd0e477d4,https://www.terrapower.com/terrapower-and-cardinal-health-announce-manufacturing-and-distribution-agreement,,2026-10-05T18:50:18.161110+00:00,disclosed,the companies will work together to develop and produce Actinium-225
terrapower-centrus-2023-haleu-mou,agreement,7c936f98042a57ecf040432532534b34e486fb41871003d59abaf3034f53de7f,https://www.terrapower.com/terrapower-and-centrus-expand-efforts-to-commercialize-domestic-haleu-production,,2026-10-05T18:50:14.660530+00:00,disclosed,a new memorandum of understanding (MOU) to significantly expand their collaboration
terrapower-dear0001612-usaspending,amount,66f18a992af6a161414b814e197d1da7f5150eafcbf40bd8c1ac15d7b6502851,https://api.usaspending.gov/api/v2/search/spending_by_award/,,2026-10-05T17:55:33.388313+00:00,disclosed,"""Award ID"":""DEAR0001612"",""Recipient Name"":""TERRAPOWER LLC"",""Recipient UEI"":""G4XNL77M7DR1"",""Award Amount"":2472777.06"
terrapower-dear0001612-usaspending,announced_on,66f18a992af6a161414b814e197d1da7f5150eafcbf40bd8c1ac15d7b6502851,https://api.usaspending.gov/api/v2/search/spending_by_award/,,2026-10-05T17:55:33.388313+00:00,disclosed,"""Start Date"":""2022-08-05"""
terrapower-dear0001612-usaspending,disbursed,66f18a992af6a161414b814e197d1da7f5150eafcbf40bd8c1ac15d7b6502851,https://api.usaspending.gov/api/v2/search/spending_by_award/,,2026-10-05T17:55:33.388313+00:00,disclosed,"""Total Outlays"":2472777.06"
terrapower-dear0001612-usaspending:arpa-e,participant,66f18a992af6a161414b814e197d1da7f5150eafcbf40bd8c1ac15d7b6502851,https://api.usaspending.gov/api/v2/search/spending_by_award/,,2026-10-05T17:55:33.388313+00:00,disclosed,"""cfda_program_title"":""ADVANCED RESEARCH PROJECTS AGENCY - ENERGY"""
terrapower-dene0008924-usaspending,amount,66f18a992af6a161414b814e197d1da7f5150eafcbf40bd8c1ac15d7b6502851,https://api.usaspending.gov/api/v2/search/spending_by_award/,,2026-10-05T17:55:33.388313+00:00,disclosed,"""Award ID"":""DENE0008924"",""Recipient Name"":""TERRAPOWER LLC"",""Recipient UEI"":""G4XNL77M7DR1"",""Award Amount"":492137.0"
terrapower-dene0008924-usaspending,announced_on,66f18a992af6a161414b814e197d1da7f5150eafcbf40bd8c1ac15d7b6502851,https://api.usaspending.gov/api/v2/search/spending_by_award/,,2026-10-05T17:55:33.388313+00:00,disclosed,"""Start Date"":""2020-01-16"""
terrapower-dene0008924-usaspending,disbursed,66f18a992af6a161414b814e197d1da7f5150eafcbf40bd8c1ac15d7b6502851,https://api.usaspending.gov/api/v2/search/spending_by_award/,,2026-10-05T17:55:33.388313+00:00,disclosed,"""Total Outlays"":222444.12"
terrapower-dene0008924-usaspending:doe-ne,participant,66f18a992af6a161414b814e197d1da7f5150eafcbf40bd8c1ac15d7b6502851,https://api.usaspending.gov/api/v2/search/spending_by_award/,,2026-10-05T17:55:33.388313+00:00,disclosed,"""Awarding Sub Agency"":""Department of Energy"",""Award Type"":""PROJECT GRANT (B)"""
terrapower-enec-2023-mou,agreement,da4d0cd54350d3538c84fcfc0018d937447c66192fcf664622f9d67a62d0e9ff,https://www.terrapower.com/terrapower-and-enec-announce-mou-to-explore-natrium-technology-deployment,,2026-10-05T18:50:12.985845+00:00,disclosed,the signing of a memorandum of understanding (MOU) to explore opportunities for the commercialization and global deployment
terrapower-evergy-kansas-2025-mou,agreement,0eb9a4b3d218391a423e986479324815a4bd43691ff11e1b12fc88b0666d34c8,https://www.terrapower.com/terrapower-evergy-and-kansas-announce-agreement-to-explore-advanced-nuclear-energy-deployment,,2026-10-05T18:50:13.577942+00:00,disclosed,the signing of a memorandum of understanding (MOU) to explore siting TerraPower’s flagship technology
terrapower-framatome-2024-haleu-metallization,agreement,ce18d29c198b320b5e894c5e135dea0401b11d116ffbaed3591bc445636f0fdb,https://www.terrapower.com/terrapower-and-framatome-to-develop-haleu-metallization-pilot-plant,,2026-10-05T18:50:14.958697+00:00,disclosed,an agreement with Framatome North America to fund the creation of a high assay low enriched uranium (HALEU) metallization pilot plant
terrapower-gnf-2022-natrium-fuel-facility,agreement,f08d4c3e904a0d9287282ae0ce3215d7a1093c6f5f88e064fffc9bdf63fc451a,https://www.terrapower.com/global-nuclear-fuel-and-terrapower-announce-natrium-fuel-facility,,2026-10-05T18:50:15.265398+00:00,disclosed,The facility represents an investment of more than $200 million.
terrapower-gyeongnam-2023-mou,agreement,6eeaadf9ee2a680e67ed84aa26504bd9afefe7217be7833d1eb8a64ac113740e,https://www.terrapower.com/terrapower-and-the-korean-province-of-gyeongsangnam-do-announce-strategic-agreement,,2026-10-05T18:50:17.457232+00:00,disclosed,Gyeongsangnam-do will provide administrative and financial support to evaluate local facilities
terrapower-hd-hyundai-2026-supply-framework,agreement,5c3dc0505ec97090b68e3313a8cc9e075389b0b299b1349ee691967741388c12,https://www.terrapower.com/TerraPower-Announces-Key-Commercialization-Agreements-for-Natrium-Plants-with-Korean-Counterparts,,2026-10-05T18:50:11.626255+00:00,disclosed,signed a supply framework agreement that establishes HD Hyundai Heavy Industries (HHI)
terrapower-hdec-2026-epc-framework,agreement,49a2f1208c734348cee665386749b1fb058840c2315aee8fff702eef5174293d,https://www.terrapower.com/TerraPower-Accelerates-Natrium-Reactor-Deployment-Following-Landmark-Meetings-with-Korean-Leaders,,2026-10-05T18:50:11.914018+00:00,disclosed,"TerraPower selected HDEC as its engineering, procurement and construction (EPC) contractor to build up to eight of its future Natrium reactors"
terrapower-kbr-2025-alliance,agreement,011bc44a49bbf4d1eeded906e12daeb9b8de3ccbfb04a5ea0ad17251710b75f2,https://www.terrapower.com/terrapower-and-kbr-form-strategic-alliance-to-deploy-natrium-plants-worldwide,,2026-10-05T18:50:14.366569+00:00,disclosed,announced a strategic alliance to establish a long-term collaboration for the commercialization and deployment of Natrium reactors
terrapower-kemmerer-land-2023,agreement,8fcb24eb36bbdfedf4866d665f12ac06034e87e74c7ff4ffef2ee9232299fa1f,https://www.terrapower.com/terrapower-purchases-land-in-kemmerer-wyoming-for-natrium-reactor-demonstration-project,,2026-10-05T18:50:15.773792+00:00,disclosed,"TerraPower announced today the purchase of land in Kemmerer, Wyoming"
terrapower-meta-2026-natrium,agreement,1e609daad71c07bc8701cab8e898ef922d7b63fa38e579de99b77e7e9876e024,https://www.terrapower.com/terrapower-announces-deal-with-meta,,2026-10-05T18:50:11.070451+00:00,disclosed,an agreement to develop up to 8 Natrium reactor 1 and energy storage system plants in the United States
terrapower-meta-2026-natrium,capacity_mw,1e609daad71c07bc8701cab8e898ef922d7b63fa38e579de99b77e7e9876e024,https://www.terrapower.com/terrapower-announces-deal-with-meta,,2026-10-05T18:50:11.070451+00:00,disclosed,"Meta with up to 2.8 GW of carbon-free, baseload energy"
terrapower-nvision-2025-framework,agreement,2d1163011358f7d7b86afdd41aae0dd2e8f4d09aeeb934e5d2fc2a15220d645d,https://www.terrapower.com/terrapower-and-nvision-energy-announce-collaboration-on-deployment-of-natrium-plants,,2026-10-05T18:50:16.854499+00:00,disclosed,an agreement to establish a framework for a repeatable deployment model
terrapower-pacificorp-2023-irp,agreement,a83fe0c48bad6ba60c4c629cba9dbb05b212a43ff172690c48ea6b5546e8f957,https://www.terrapower.com/pacificorp-forecasts-need-for-two-additional-natrium-reactors-in-new-regulatory-filing,,2026-10-05T18:50:13.268766+00:00,disclosed,"This IRP includes 1,500 megawatts of advanced nuclear energy from three total Natrium reactors."
terrapower-sabey-2025-mou,agreement,5b73e339c78ed731274ef9ea3b9d50c7e7453b418557a23461dff02541f4d318,https://www.terrapower.com/terrapower-and-sabey-data-centers-agreement-for-natrium-wide-scale-deployment,,2026-10-05T18:50:12.588695+00:00,disclosed,announced today a memorandum of understanding to develop a strategic collaboration agreement
terrapower-sk-innovation-2026-term-sheet,agreement,49a2f1208c734348cee665386749b1fb058840c2315aee8fff702eef5174293d,https://www.terrapower.com/TerraPower-Accelerates-Natrium-Reactor-Deployment-Following-Landmark-Meetings-with-Korean-Leaders,,2026-10-05T18:50:11.914018+00:00,disclosed,TerraPower and SK Innovation announced a term sheet agreement to advance their intent to develop Korea’s first commercial Natrium plant
terrapower-sk-khnp-2023-collaboration,agreement,c4ed6a5cd800bc18773715cc96e41807e23331d99c98be9600017a0cc20d78ee,https://www.terrapower.com/terrapower-announces-strategic-collaboration-agreement-with-sk-and-khnp,,2026-10-05T18:50:12.251932+00:00,disclosed,sign a collaboration agreement supporting the demonstration and commercialization of the Natrium® reactor
terrapower-utah-oed-2025-mou,agreement,7df23806c4b439bbd3270d9ebf48a3805b52c10385cba7398e70212d3663f878,https://www.terrapower.com/utah-office-of-energy-development-terrapower-and-flagship-companies-sign-mou-to-explore-siting-of-advanced-nuclear-reactor,,2026-10-05T18:50:13.797684+00:00,disclosed,This landmark agreement establishes a non-binding framework for cooperation among the three parties
terrestrial-2019-canada-sif,amount,d14e22db1c822b0f2b5849e5f03ed70cffbd485634c18640cb9403b6ed83d212,https://open.canada.ca/data/en/api/3/action/datastore_search?resource_id=1d15a62f-5656-49ad-8c88-f40ce689d831&limit=50&filters=%7B%22recipient_legal_name%22%3A%22Terrestrial%20Energy%20Inc.%22%7D,,2026-10-05T18:10:40.533314+00:00,disclosed,"""agreement_value"": ""18923000.0"""
terrestrial-2019-canada-sif,announced_on,d14e22db1c822b0f2b5849e5f03ed70cffbd485634c18640cb9403b6ed83d212,https://open.canada.ca/data/en/api/3/action/datastore_search?resource_id=1d15a62f-5656-49ad-8c88-f40ce689d831&limit=50&filters=%7B%22recipient_legal_name%22%3A%22Terrestrial%20Energy%20Inc.%22%7D,,2026-10-05T18:10:40.533314+00:00,disclosed,"""agreement_start_date"": ""2019-04-01"""
terrestrial-2019-canada-sif,round_label,d14e22db1c822b0f2b5849e5f03ed70cffbd485634c18640cb9403b6ed83d212,https://open.canada.ca/data/en/api/3/action/datastore_search?resource_id=1d15a62f-5656-49ad-8c88-f40ce689d831&limit=50&filters=%7B%22recipient_legal_name%22%3A%22Terrestrial%20Energy%20Inc.%22%7D,,2026-10-05T18:10:40.533314+00:00,disclosed,"""prog_name_en"": ""SIF Stream 1 - R&D"""
terrestrial-2019-canada-sif:isde-sif,participant,d14e22db1c822b0f2b5849e5f03ed70cffbd485634c18640cb9403b6ed83d212,https://open.canada.ca/data/en/api/3/action/datastore_search?resource_id=1d15a62f-5656-49ad-8c88-f40ce689d831&limit=50&filters=%7B%22recipient_legal_name%22%3A%22Terrestrial%20Energy%20Inc.%22%7D,,2026-10-05T18:10:40.533314+00:00,disclosed,"""owner_org"": ""ic"""
terrestrial-2025-pipe-closing,amount,7876e1a4cfd4b77ed42eec77d7f31763407fc99d258ca665cb791c76d57b1f96,https://www.sec.gov/Archives/edgar/data/2019804/000121390025105304/ea0263386-8k_terres.htm,,2026-10-05T19:03:11.932178+00:00,disclosed,"New Terrestrial Energy received an aggregate amount of $50,000,000 from the PIPE Investors."
terrestrial-2025-pipe-closing,announced_on,d8314e32fa4559deed0ee642a394ff06991deb6cee4007fc76b451d4a7af2a06,https://www.sec.gov/Archives/edgar/data/2019804/000101376225002481/ea0235355-8k_hcm2acq.htm,,2026-10-05T20:34:41.740116+00:00,disclosed,"each dated as of March 26, 2025, with certain investors"
terrestrial-2025-series-a1-preferred,amount,a30a972833fe00341cd417b71581962b0ac30f340be1e0e0f5cda39f32d1440a,https://www.sec.gov/Archives/edgar/data/2019804/000110465926036846/tmb-20251231x10k.htm,,2026-10-05T19:03:24.688977+00:00,disclosed,"a $25.8 million preferred stock private placement on July 1, 2025"
terrestrial-2025-series-a1-preferred,announced_on,a30a972833fe00341cd417b71581962b0ac30f340be1e0e0f5cda39f32d1440a,https://www.sec.gov/Archives/edgar/data/2019804/000110465926036846/tmb-20251231x10k.htm,,2026-10-05T19:03:24.688977+00:00,disclosed,"a $25.8 million preferred stock private placement on July 1, 2025"
terrestrial-2025-series-a1-preferred,round_label,a30a972833fe00341cd417b71581962b0ac30f340be1e0e0f5cda39f32d1440a,https://www.sec.gov/Archives/edgar/data/2019804/000110465926036846/tmb-20251231x10k.htm,,2026-10-05T19:03:24.688977+00:00,disclosed,issuance of Series A-1 preferred shares for cash
terrestrial-2025-spac-hcm-ii,amount,97b8f981ec0d8fd7aae0ba0e554c237dd141eaaadc0939cba7385db382f1056c,https://www.sec.gov/Archives/edgar/data/2019804/000110465926094085/tmb-20260630x10q.htm,,2026-10-05T19:03:12.341887+00:00,disclosed,"the Company received in excess of $292,000 in gross proceeds before expenses"
terrestrial-2025-spac-hcm-ii,announced_on,7876e1a4cfd4b77ed42eec77d7f31763407fc99d258ca665cb791c76d57b1f96,https://www.sec.gov/Archives/edgar/data/2019804/000121390025105304/ea0263386-8k_terres.htm,,2026-10-05T19:03:11.932178+00:00,disclosed,"As previously announced on March 26, 2025, concurrently with the execution of the Business Combination Agreement"
terrestrial-2025-spac-hcm-ii,closed_on,97b8f981ec0d8fd7aae0ba0e554c237dd141eaaadc0939cba7385db382f1056c,https://www.sec.gov/Archives/edgar/data/2019804/000110465926094085/tmb-20260630x10q.htm,,2026-10-05T19:03:12.341887+00:00,disclosed,"after completing its business combination with HCM II on October 28, 2025"
terrestrial-2025-spac-hcm-ii,round_label,7876e1a4cfd4b77ed42eec77d7f31763407fc99d258ca665cb791c76d57b1f96,https://www.sec.gov/Archives/edgar/data/2019804/000121390025105304/ea0263386-8k_terres.htm,,2026-10-05T19:03:11.932178+00:00,disclosed,"Concurrently with the Closing, New Terrestrial Energy received an aggregate amount of $50,000,000 from the PIPE Investors"
terrestrial-energy-dene0008842,amount,fbd4eb67da7394a8f6ae5f7c7ad046bab44ecdee24e309eeb62cdd63878043bb,https://api.usaspending.gov/api/v2/search/spending_by_award/,,2026-10-05T19:13:51.616002+00:00,disclosed,"""Award ID"": ""DENE0008842"", ""Recipient Name"": ""TERRESTRIAL ENERGY USA, INC."", ""Recipient UEI"": ""GJKZMH1MMWT7"", ""Award Amount"": 495108.28"
terrestrial-energy-dene0008842,announced_on,fbd4eb67da7394a8f6ae5f7c7ad046bab44ecdee24e309eeb62cdd63878043bb,https://api.usaspending.gov/api/v2/search/spending_by_award/,,2026-10-05T19:13:51.616002+00:00,disclosed,"""Base Obligation Date"": ""2019-01-29"", ""generated_internal_id"": ""ASST_NON_DENE0008842_089"""
terrestrial-energy-dene0008842,obligated_disbursed,fbd4eb67da7394a8f6ae5f7c7ad046bab44ecdee24e309eeb62cdd63878043bb,https://api.usaspending.gov/api/v2/search/spending_by_award/,,2026-10-05T19:13:51.616002+00:00,disclosed,"""Recipient UEI"": ""GJKZMH1MMWT7"", ""Award Amount"": 495108.28, ""Total Outlays"": 227904.35"
terrestrial-energy-dene0008842,round_label,fbd4eb67da7394a8f6ae5f7c7ad046bab44ecdee24e309eeb62cdd63878043bb,https://api.usaspending.gov/api/v2/search/spending_by_award/,,2026-10-05T19:13:51.616002+00:00,disclosed,"""Award ID"": ""DENE0008842"", ""Recipient Name"": ""TERRESTRIAL ENERGY USA, INC."""
terrestrial-energy-dene0008842,use_of_proceeds,fbd4eb67da7394a8f6ae5f7c7ad046bab44ecdee24e309eeb62cdd63878043bb,https://api.usaspending.gov/api/v2/search/spending_by_award/,,2026-10-05T19:13:51.616002+00:00,disclosed,"""Description"": ""FINANCIAL ASSISTANCE AWARD TO TERRESTRIAL ENERGY FOR PRE-LICENSING ACTIVITIES FOR THE IMSR"""
terrestrial-energy-dene0008842:doe-ne,participant,fbd4eb67da7394a8f6ae5f7c7ad046bab44ecdee24e309eeb62cdd63878043bb,https://api.usaspending.gov/api/v2/search/spending_by_award/,,2026-10-05T19:13:51.616002+00:00,disclosed,"""Awarding Agency"": ""Department of Energy"", ""Awarding Sub Agency"": ""Department of Energy"""
terrestrial-energy-dene0009228,amount,fbd4eb67da7394a8f6ae5f7c7ad046bab44ecdee24e309eeb62cdd63878043bb,https://api.usaspending.gov/api/v2/search/spending_by_award/,,2026-10-05T19:13:51.616002+00:00,disclosed,"""Award ID"": ""DENE0009228"", ""Recipient Name"": ""TERRESTRIAL ENERGY USA, INC."", ""Recipient UEI"": ""GJKZMH1MMWT7"", ""Award Amount"": 299183.82"
terrestrial-energy-dene0009228,announced_on,fbd4eb67da7394a8f6ae5f7c7ad046bab44ecdee24e309eeb62cdd63878043bb,https://api.usaspending.gov/api/v2/search/spending_by_award/,,2026-10-05T19:13:51.616002+00:00,disclosed,"""Base Obligation Date"": ""2022-06-29"", ""generated_internal_id"": ""ASST_NON_DENE0009228_089"""
terrestrial-energy-dene0009228,obligated_disbursed,fbd4eb67da7394a8f6ae5f7c7ad046bab44ecdee24e309eeb62cdd63878043bb,https://api.usaspending.gov/api/v2/search/spending_by_award/,,2026-10-05T19:13:51.616002+00:00,disclosed,"""Recipient UEI"": ""GJKZMH1MMWT7"", ""Award Amount"": 299183.82, ""Total Outlays"": 299183.82"
terrestrial-energy-dene0009228,round_label,fbd4eb67da7394a8f6ae5f7c7ad046bab44ecdee24e309eeb62cdd63878043bb,https://api.usaspending.gov/api/v2/search/spending_by_award/,,2026-10-05T19:13:51.616002+00:00,disclosed,"""Award ID"": ""DENE0009228"", ""Recipient Name"": ""TERRESTRIAL ENERGY USA, INC."""
terrestrial-energy-dene0009228,use_of_proceeds,fbd4eb67da7394a8f6ae5f7c7ad046bab44ecdee24e309eeb62cdd63878043bb,https://api.usaspending.gov/api/v2/search/spending_by_award/,,2026-10-05T19:13:51.616002+00:00,disclosed,"""Description"": ""TERRESTIAL ENERGY USA, INC AWARD UNDER DE-FOA-0001817"""
terrestrial-energy-dene0009228:doe-ne,participant,fbd4eb67da7394a8f6ae5f7c7ad046bab44ecdee24e309eeb62cdd63878043bb,https://api.usaspending.gov/api/v2/search/spending_by_award/,,2026-10-05T19:13:51.616002+00:00,disclosed,"""Awarding Agency"": ""Department of Energy"", ""Awarding Sub Agency"": ""Department of Energy"""
terrestrial-energy-dene0009445,amount,fbd4eb67da7394a8f6ae5f7c7ad046bab44ecdee24e309eeb62cdd63878043bb,https://api.usaspending.gov/api/v2/search/spending_by_award/,,2026-10-05T19:13:51.616002+00:00,disclosed,"""Award ID"": ""DENE0009445"", ""Recipient Name"": ""TERRESTRIAL ENERGY USA, INC."", ""Recipient UEI"": ""GJKZMH1MMWT7"", ""Award Amount"": 500000.0"
terrestrial-energy-dene0009445,announced_on,fbd4eb67da7394a8f6ae5f7c7ad046bab44ecdee24e309eeb62cdd63878043bb,https://api.usaspending.gov/api/v2/search/spending_by_award/,,2026-10-05T19:13:51.616002+00:00,disclosed,"""Base Obligation Date"": ""2024-02-28"", ""generated_internal_id"": ""ASST_NON_DENE0009445_089"""
terrestrial-energy-dene0009445,obligated_disbursed,fbd4eb67da7394a8f6ae5f7c7ad046bab44ecdee24e309eeb62cdd63878043bb,https://api.usaspending.gov/api/v2/search/spending_by_award/,,2026-10-05T19:13:51.616002+00:00,disclosed,"""Recipient UEI"": ""GJKZMH1MMWT7"", ""Award Amount"": 500000.0, ""Total Outlays"": 361258.26"
terrestrial-energy-dene0009445,round_label,fbd4eb67da7394a8f6ae5f7c7ad046bab44ecdee24e309eeb62cdd63878043bb,https://api.usaspending.gov/api/v2/search/spending_by_award/,,2026-10-05T19:13:51.616002+00:00,disclosed,"""Award ID"": ""DENE0009445"", ""Recipient Name"": ""TERRESTRIAL ENERGY USA, INC."""
terrestrial-energy-dene0009445,use_of_proceeds,fbd4eb67da7394a8f6ae5f7c7ad046bab44ecdee24e309eeb62cdd63878043bb,https://api.usaspending.gov/api/v2/search/spending_by_award/,,2026-10-05T19:13:51.616002+00:00,disclosed,"""Description"": ""COMPLETION OF IMSR® STANDARD DESIGN APPROVAL PRE LICENSING REVIEWS WITH NRC TO SUPPORT ADVANCED REA"
terrestrial-energy-dene0009445:doe-ne,participant,fbd4eb67da7394a8f6ae5f7c7ad046bab44ecdee24e309eeb62cdd63878043bb,https://api.usaspending.gov/api/v2/search/spending_by_award/,,2026-10-05T19:13:51.616002+00:00,disclosed,"""Awarding Agency"": ""Department of Energy"", ""Awarding Sub Agency"": ""Department of Energy"""
terrestrial-energy-reactor-pilot-ota,announced_on,d92aed237e3d72eebae1422dcd91a89156bb7ec851d5eb319adbd1bf1c0d3730,https://www.energy.gov/articles/department-energy-announces-initial-selections-new-reactor-pilot-program,,2026-10-05T17:59:18.711506+00:00,disclosed,"Energy.gov August 12, 2025"
terrestrial-energy-reactor-pilot-ota,summary,d92aed237e3d72eebae1422dcd91a89156bb7ec851d5eb319adbd1bf1c0d3730,https://www.energy.gov/articles/department-energy-announces-initial-selections-new-reactor-pilot-program,,2026-10-05T17:59:18.711506+00:00,disclosed,"Terrestrial Energy Inc., and Valar Atomics Inc."
terrestrial-energy-reactor-pilot-ota,summary,d92aed237e3d72eebae1422dcd91a89156bb7ec851d5eb319adbd1bf1c0d3730,https://www.energy.gov/articles/department-energy-announces-initial-selections-new-reactor-pilot-program,,2026-10-05T17:59:18.711506+00:00,disclosed,"Each company will be responsible for all costs associated with designing, manufacturing, constructing, operating, and decommissioning their test reactors."
terrestrial-energy-reactor-pilot-ota,summary,ddb3decd4034f0b85b670235a63cb6a61d4febf9e06c2ed96a58575a7defd6d1,https://api.usaspending.gov/api/v2/search/spending_by_award/,,2026-10-05T19:13:56.371195+00:00,disclosed,"""Award ID"": ""DENE0009580"", ""Recipient Name"": ""TERRESTRIAL ENERGY, INC."""
terrestrial-energy-reactor-pilot-ota,summary,ddb3decd4034f0b85b670235a63cb6a61d4febf9e06c2ed96a58575a7defd6d1,https://api.usaspending.gov/api/v2/search/spending_by_award/,,2026-10-05T19:13:56.371195+00:00,disclosed,"""Award ID"": ""DENE0009580"", ""Recipient Name"": ""TERRESTRIAL ENERGY, INC."", ""Recipient UEI"": ""DM7DVAJ16BV6"", ""Award Amount"": 0.0"
thea-arpa-e-scaleup-2026,amount,8ef71dd915bf1a2ae3448be155af6ab104921edd021ef8e4bd70cd3f12ace3ea,https://thea.energy/press-release/thea-energy-expands-magnet-manufacturing-lines-with-20-million-arpa-e-scaleup-program-award/,,2026-10-05T19:00:34.818392+00:00,disclosed,selected the Company for a $20 million award as part of the Seeding Critical Advances for Leading Energy technologies with Untapped Potential (SCALEUP) program
thea-arpa-e-scaleup-2026,announced_on,8ef71dd915bf1a2ae3448be155af6ab104921edd021ef8e4bd70cd3f12ace3ea,https://thea.energy/press-release/thea-energy-expands-magnet-manufacturing-lines-with-20-million-arpa-e-scaleup-program-award/,,2026-10-05T19:00:34.818392+00:00,disclosed,"KEARNY, N.J., July 27, 2026 (GLOBE NEWSWIRE)"
thea-arpa-e-scaleup-2026,round_label,8ef71dd915bf1a2ae3448be155af6ab104921edd021ef8e4bd70cd3f12ace3ea,https://thea.energy/press-release/thea-energy-expands-magnet-manufacturing-lines-with-20-million-arpa-e-scaleup-program-award/,,2026-10-05T19:00:34.818392+00:00,disclosed,Seeding Critical Advances for Leading Energy technologies with Untapped Potential (SCALEUP) program
thea-arpa-e-scaleup-2026,use_of_proceeds,8ef71dd915bf1a2ae3448be155af6ab104921edd021ef8e4bd70cd3f12ace3ea,https://thea.energy/press-release/thea-energy-expands-magnet-manufacturing-lines-with-20-million-arpa-e-scaleup-program-award/,,2026-10-05T19:00:34.818392+00:00,disclosed,scaling its manufacturing and test capabilities to support the first domestic production line of modular high-temperature superconducting (HTS) magnets
thea-arpa-e-scaleup-2026:arpa-e,participant,8ef71dd915bf1a2ae3448be155af6ab104921edd021ef8e4bd70cd3f12ace3ea,https://thea.energy/press-release/thea-energy-expands-magnet-manufacturing-lines-with-20-million-arpa-e-scaleup-program-award/,,2026-10-05T19:00:34.818392+00:00,disclosed,Advanced Research Projects Agency – Energy (ARPA-E) has recently selected the Company for a $20 million award
thea-infuse-2023-02,announced_on,bc134cbbb47a642e2acc9c790614d401a0114c8b6f6b57dbe683496aa6078336,https://www.pppl.gov/news/2023/princeton-plasma-physics-laboratory-selected-collaborate-start-licenses-its-innovative,,2026-10-05T18:59:41.720990+00:00,reported,"Written by John Greenwald Feb. 1, 2023"
thea-infuse-2023-02,recipient,bc134cbbb47a642e2acc9c790614d401a0114c8b6f6b57dbe683496aa6078336,https://www.pppl.gov/news/2023/princeton-plasma-physics-laboratory-selected-collaborate-start-licenses-its-innovative,,2026-10-05T18:59:41.720990+00:00,reported,"The two PPPL collaborations, which will receive nearly $500,000 in total funding"
thea-infuse-2023-02,round_label,bc134cbbb47a642e2acc9c790614d401a0114c8b6f6b57dbe683496aa6078336,https://www.pppl.gov/news/2023/princeton-plasma-physics-laboratory-selected-collaborate-start-licenses-its-innovative,,2026-10-05T18:59:41.720990+00:00,reported,awarded in the latest round of the DOE’s Innovation Network for Fusion Energy ( INFUSE ) program
thea-infuse-2023-02:doe-gain-infuse,participant,bc134cbbb47a642e2acc9c790614d401a0114c8b6f6b57dbe683496aa6078336,https://www.pppl.gov/news/2023/princeton-plasma-physics-laboratory-selected-collaborate-start-licenses-its-innovative,,2026-10-05T18:59:41.720990+00:00,reported,awarded in the latest round of the DOE’s Innovation Network for Fusion Energy ( INFUSE ) program
thea-infuse-2023-07,announced_on,16a27f54b85db6af5cd47144c0764c8430d9eafaacd41e8a4213b2ac21f0d315,https://thea.energy/press-release/thea-energy-selected-for-u-s-department-of-energy-public-private-partnership-award-through-the-innovation-network-for-fusion-energy-program/,,2026-10-05T19:00:50.772296+00:00,disclosed,"PRINCETON, N.J., July 27, 2023 (GLOBE NEWSWIRE) — Thea Energy Inc., formerly Princeton Stellarators"
thea-infuse-2023-07,round_label,16a27f54b85db6af5cd47144c0764c8430d9eafaacd41e8a4213b2ac21f0d315,https://thea.energy/press-release/thea-energy-selected-for-u-s-department-of-energy-public-private-partnership-award-through-the-innovation-network-for-fusion-energy-program/,,2026-10-05T19:00:50.772296+00:00,disclosed,selected the company for an award provided through the Innovation Network for Fusion Energy (INFUSE) program
thea-infuse-2023-07:doe-gain-infuse,participant,16a27f54b85db6af5cd47144c0764c8430d9eafaacd41e8a4213b2ac21f0d315,https://thea.energy/press-release/thea-energy-selected-for-u-s-department-of-energy-public-private-partnership-award-through-the-innovation-network-for-fusion-energy-program/,,2026-10-05T19:00:50.772296+00:00,disclosed,sponsored by the Fusion Energy Sciences (FES) program office
thea-infuse-2025-09,announced_on,087f7e302ff38cfbf45d434aa0560c6f3a19944dad0099068933e9685b739373,https://thea.energy/press-release/thea-energy-selected-for-three-u-s-department-of-energy-public-private-partnership-awards-through-the-innovation-network-for-fusion-energy-program/,,2026-10-05T19:00:39.488162+00:00,disclosed,"KEARNY, N.J., Sept. 11, 2025 (GLOBE NEWSWIRE)"
thea-infuse-2025-09,round_label,087f7e302ff38cfbf45d434aa0560c6f3a19944dad0099068933e9685b739373,https://thea.energy/press-release/thea-energy-selected-for-three-u-s-department-of-energy-public-private-partnership-awards-through-the-innovation-network-for-fusion-energy-program/,,2026-10-05T19:00:39.488162+00:00,disclosed,selected the company for three awards provided through the Innovation Network for Fusion Energy (INFUSE) program
thea-infuse-2025-09:doe-gain-infuse,participant,087f7e302ff38cfbf45d434aa0560c6f3a19944dad0099068933e9685b739373,https://thea.energy/press-release/thea-energy-selected-for-three-u-s-department-of-energy-public-private-partnership-awards-through-the-innovation-network-for-fusion-energy-program/,,2026-10-05T19:00:39.488162+00:00,disclosed,These awards are sponsored by the Fusion Energy Sciences (FES) program office
thea-milestone-2023-06,amount,782e941302d538f68c913b281bc7c140cdcefffc4785824be6d917ce4a4d935c,https://api.usaspending.gov/api/v2/search/spending_by_award/,,2026-10-05T18:51:46.039685+00:00,disclosed,"""Award ID"":""DESC0024881"",""Recipient Name"":""THEA ENERGY, INC."",""Recipient UEI"":""C6RDDSQK1KS8"",""Award Amount"":13700000.0"
thea-milestone-2023-06,announced_on,316f837a3de16953acb5422a9a842a1f1c8a96b1c71782432860dfb5ea1f8537,https://thea.energy/press-release/princeton-stellarators-selected-for-u-s-department-of-energy-milestone-based-fusion-development-program/,,2026-10-05T19:00:47.820694+00:00,disclosed,"PRINCETON, N.J., June 01, 2023 (GLOBE NEWSWIRE) — Princeton Stellarators (PSI), a fusion energy company advancing stellarator technology for commercialization, today announced the U.S. Department of Energy (DOE) selected the company for an award"
thea-milestone-2023-06,award_type,5f5e0bf1f6085701df03d694594f96ca9d3943ecc6f5167bfd661673979a38f7,https://api.usaspending.gov/api/v2/awards/ASST_NON_DESC0024881_089/,,2026-10-05T18:56:36.158222+00:00,disclosed,"""type_description"":""OTHER REIMBURSABLE, CONTINGENT, INTANGIBLE, OR INDIRECT FINANCIAL ASSISTANCE"""
thea-milestone-2023-06,date_signed,5f5e0bf1f6085701df03d694594f96ca9d3943ecc6f5167bfd661673979a38f7,https://api.usaspending.gov/api/v2/awards/ASST_NON_DESC0024881_089/,,2026-10-05T18:56:36.158222+00:00,disclosed,"""date_signed"":""2024-06-03"""
thea-milestone-2023-06,obligated_usd,5f5e0bf1f6085701df03d694594f96ca9d3943ecc6f5167bfd661673979a38f7,https://api.usaspending.gov/api/v2/awards/ASST_NON_DESC0024881_089/,,2026-10-05T18:56:36.158222+00:00,disclosed,"""non_federal_funding"":0.0,""total_funding"":13700000.0,""total_account_outlay"":3000000.0,""total_account_obligation"":13700000.0"
thea-milestone-2023-06,round_label,782e941302d538f68c913b281bc7c140cdcefffc4785824be6d917ce4a4d935c,https://api.usaspending.gov/api/v2/search/spending_by_award/,,2026-10-05T18:51:46.039685+00:00,disclosed,"""Description"":""STELLARATOR FUSION PILOT PLANT ENABLED BY ARRAY OF PLANAR SHAPING COILS"",""Start Date"":""2024-06-05"",""End Date"":""2027-06-04"""
thea-milestone-2023-06:doe-fes,participant,316f837a3de16953acb5422a9a842a1f1c8a96b1c71782432860dfb5ea1f8537,https://thea.energy/press-release/princeton-stellarators-selected-for-u-s-department-of-energy-milestone-based-fusion-development-program/,,2026-10-05T19:00:47.820694+00:00,disclosed,selected the company for an award sponsored by the Office of Fusion Energy Sciences
thea-series-a-2024,amount,8f65466109d119b03305b77a27530578642ebb902bb8a096aacb03c9dd30cebb,https://thea.energy/press-release/thea-energy-announces-20-million-series-a-financing/,,2026-10-05T19:00:43.067796+00:00,disclosed,today announced the closing of a $20 million Series A financing
thea-series-a-2024,announced_on,8f65466109d119b03305b77a27530578642ebb902bb8a096aacb03c9dd30cebb,https://thea.energy/press-release/thea-energy-announces-20-million-series-a-financing/,,2026-10-05T19:00:43.067796+00:00,disclosed,"PRINCETON, N.J., Feb. 08, 2024 (GLOBE NEWSWIRE)"
thea-series-a-2024,round_label,8f65466109d119b03305b77a27530578642ebb902bb8a096aacb03c9dd30cebb,https://thea.energy/press-release/thea-energy-announces-20-million-series-a-financing/,,2026-10-05T19:00:43.067796+00:00,disclosed,announced the closing of a $20 million Series A financing
thea-series-a-2024,use_of_proceeds,8f65466109d119b03305b77a27530578642ebb902bb8a096aacb03c9dd30cebb,https://thea.energy/press-release/thea-energy-announces-20-million-series-a-financing/,,2026-10-05T19:00:43.067796+00:00,disclosed,Proceeds from the financing will support the construction and operation of the Company’s proprietary superconducting planar coil magnet array systems
thea-series-a-2024:11-2-capital,participant,8f65466109d119b03305b77a27530578642ebb902bb8a096aacb03c9dd30cebb,https://thea.energy/press-release/thea-energy-announces-20-million-series-a-financing/,,2026-10-05T19:00:43.067796+00:00,disclosed,"Prelude Ventures led the round with participation from other investors including 11.2 Capital, Anglo American, Hitachi Ventures, Lowercarbon Capital, Mercator Partners, Orion Industrial Ventures, and Starlight Ventures"
thea-series-a-2024:anglo-american,participant,8f65466109d119b03305b77a27530578642ebb902bb8a096aacb03c9dd30cebb,https://thea.energy/press-release/thea-energy-announces-20-million-series-a-financing/,,2026-10-05T19:00:43.067796+00:00,disclosed,"Prelude Ventures led the round with participation from other investors including 11.2 Capital, Anglo American, Hitachi Ventures, Lowercarbon Capital, Mercator Partners, Orion Industrial Ventures, and Starlight Ventures"
thea-series-a-2024:hitachi-ventures,participant,8f65466109d119b03305b77a27530578642ebb902bb8a096aacb03c9dd30cebb,https://thea.energy/press-release/thea-energy-announces-20-million-series-a-financing/,,2026-10-05T19:00:43.067796+00:00,disclosed,"Prelude Ventures led the round with participation from other investors including 11.2 Capital, Anglo American, Hitachi Ventures, Lowercarbon Capital, Mercator Partners, Orion Industrial Ventures, and Starlight Ventures"
thea-series-a-2024:lowercarbon-capital,participant,8f65466109d119b03305b77a27530578642ebb902bb8a096aacb03c9dd30cebb,https://thea.energy/press-release/thea-energy-announces-20-million-series-a-financing/,,2026-10-05T19:00:43.067796+00:00,disclosed,"Prelude Ventures led the round with participation from other investors including 11.2 Capital, Anglo American, Hitachi Ventures, Lowercarbon Capital, Mercator Partners, Orion Industrial Ventures, and Starlight Ventures"
thea-series-a-2024:mercator-partners,participant,8f65466109d119b03305b77a27530578642ebb902bb8a096aacb03c9dd30cebb,https://thea.energy/press-release/thea-energy-announces-20-million-series-a-financing/,,2026-10-05T19:00:43.067796+00:00,disclosed,"Prelude Ventures led the round with participation from other investors including 11.2 Capital, Anglo American, Hitachi Ventures, Lowercarbon Capital, Mercator Partners, Orion Industrial Ventures, and Starlight Ventures"
thea-series-a-2024:orion-industrial-ventures,participant,8f65466109d119b03305b77a27530578642ebb902bb8a096aacb03c9dd30cebb,https://thea.energy/press-release/thea-energy-announces-20-million-series-a-financing/,,2026-10-05T19:00:43.067796+00:00,disclosed,"Prelude Ventures led the round with participation from other investors including 11.2 Capital, Anglo American, Hitachi Ventures, Lowercarbon Capital, Mercator Partners, Orion Industrial Ventures, and Starlight Ventures"
thea-series-a-2024:prelude-ventures,participant,8f65466109d119b03305b77a27530578642ebb902bb8a096aacb03c9dd30cebb,https://thea.energy/press-release/thea-energy-announces-20-million-series-a-financing/,,2026-10-05T19:00:43.067796+00:00,disclosed,"Prelude Ventures led the round with participation from other investors including 11.2 Capital, Anglo American, Hitachi Ventures, Lowercarbon Capital, Mercator Partners, Orion Industrial Ventures, and Starlight Ventures"
thea-series-a-2024:starlight-ventures,participant,8f65466109d119b03305b77a27530578642ebb902bb8a096aacb03c9dd30cebb,https://thea.energy/press-release/thea-energy-announces-20-million-series-a-financing/,,2026-10-05T19:00:43.067796+00:00,disclosed,"Prelude Ventures led the round with participation from other investors including 11.2 Capital, Anglo American, Hitachi Ventures, Lowercarbon Capital, Mercator Partners, Orion Industrial Ventures, and Starlight Ventures"
thea-series-b-2026,amount,bed642de4915953fe81a69513123e59c70134f04a05cb8d30a1a7645f594bcd2,https://thea.energy/press-release/thea-energy-raises-100-million-series-b-funding-to-build-scalable-fusion-power-plants/,,2026-10-05T19:00:35.497580+00:00,disclosed,today announced it has raised $100 million in Series B funding
thea-series-b-2026,announced_on,bed642de4915953fe81a69513123e59c70134f04a05cb8d30a1a7645f594bcd2,https://thea.energy/press-release/thea-energy-raises-100-million-series-b-funding-to-build-scalable-fusion-power-plants/,,2026-10-05T19:00:35.497580+00:00,disclosed,"KEARNY, N.J., May 27, 2026 (GLOBE NEWSWIRE)"
thea-series-b-2026,round_label,bed642de4915953fe81a69513123e59c70134f04a05cb8d30a1a7645f594bcd2,https://thea.energy/press-release/thea-energy-raises-100-million-series-b-funding-to-build-scalable-fusion-power-plants/,,2026-10-05T19:00:35.497580+00:00,disclosed,today announced it has raised $100 million in Series B funding
thea-series-b-2026,use_of_proceeds,bed642de4915953fe81a69513123e59c70134f04a05cb8d30a1a7645f594bcd2,https://thea.energy/press-release/thea-energy-raises-100-million-series-b-funding-to-build-scalable-fusion-power-plants/,,2026-10-05T19:00:35.497580+00:00,disclosed,"The funding will expand the Company’s magnet manufacturing capacity, fast-track the construction of its integrated fusion system"
thea-series-b-2026:alumni-ventures,participant,bed642de4915953fe81a69513123e59c70134f04a05cb8d30a1a7645f594bcd2,https://thea.energy/press-release/thea-energy-raises-100-million-series-b-funding-to-build-scalable-fusion-power-plants/,,2026-10-05T19:00:35.497580+00:00,disclosed,"Existing investors Alumni Ventures, Hitachi Ventures, Lowercarbon Capital, Mercator Partners, Orion Industrial Ventures, Prelude Ventures, and Starlight Ventures also participated"
thea-series-b-2026:calm-ventures,participant,bed642de4915953fe81a69513123e59c70134f04a05cb8d30a1a7645f594bcd2,https://thea.energy/press-release/thea-energy-raises-100-million-series-b-funding-to-build-scalable-fusion-power-plants/,,2026-10-05T19:00:35.497580+00:00,disclosed,"today announced it has raised $100 million in Series B funding that draws support from Thomas Tull’s US Innovative Technology Fund (USIT), General Innovation Capital Partners (GICP), Linse Capital, Calm Ventures, Climate Capital, Divergent Capital, Emerald Technology Ventures, Gaingels, Idemitsu Kosan, Overlay Capital, Timescale Ventures, and Whatif Ventures"
thea-series-b-2026:climate-capital,participant,bed642de4915953fe81a69513123e59c70134f04a05cb8d30a1a7645f594bcd2,https://thea.energy/press-release/thea-energy-raises-100-million-series-b-funding-to-build-scalable-fusion-power-plants/,,2026-10-05T19:00:35.497580+00:00,disclosed,"today announced it has raised $100 million in Series B funding that draws support from Thomas Tull’s US Innovative Technology Fund (USIT), General Innovation Capital Partners (GICP), Linse Capital, Calm Ventures, Climate Capital, Divergent Capital, Emerald Technology Ventures, Gaingels, Idemitsu Kosan, Overlay Capital, Timescale Ventures, and Whatif Ventures"
thea-series-b-2026:divergent-capital,participant,bed642de4915953fe81a69513123e59c70134f04a05cb8d30a1a7645f594bcd2,https://thea.energy/press-release/thea-energy-raises-100-million-series-b-funding-to-build-scalable-fusion-power-plants/,,2026-10-05T19:00:35.497580+00:00,disclosed,"today announced it has raised $100 million in Series B funding that draws support from Thomas Tull’s US Innovative Technology Fund (USIT), General Innovation Capital Partners (GICP), Linse Capital, Calm Ventures, Climate Capital, Divergent Capital, Emerald Technology Ventures, Gaingels, Idemitsu Kosan, Overlay Capital, Timescale Ventures, and Whatif Ventures"
thea-series-b-2026:emerald-technology-ventures,participant,bed642de4915953fe81a69513123e59c70134f04a05cb8d30a1a7645f594bcd2,https://thea.energy/press-release/thea-energy-raises-100-million-series-b-funding-to-build-scalable-fusion-power-plants/,,2026-10-05T19:00:35.497580+00:00,disclosed,"today announced it has raised $100 million in Series B funding that draws support from Thomas Tull’s US Innovative Technology Fund (USIT), General Innovation Capital Partners (GICP), Linse Capital, Calm Ventures, Climate Capital, Divergent Capital, Emerald Technology Ventures, Gaingels, Idemitsu Kosan, Overlay Capital, Timescale Ventures, and Whatif Ventures"
thea-series-b-2026:gaingels,participant,bed642de4915953fe81a69513123e59c70134f04a05cb8d30a1a7645f594bcd2,https://thea.energy/press-release/thea-energy-raises-100-million-series-b-funding-to-build-scalable-fusion-power-plants/,,2026-10-05T19:00:35.497580+00:00,disclosed,"today announced it has raised $100 million in Series B funding that draws support from Thomas Tull’s US Innovative Technology Fund (USIT), General Innovation Capital Partners (GICP), Linse Capital, Calm Ventures, Climate Capital, Divergent Capital, Emerald Technology Ventures, Gaingels, Idemitsu Kosan, Overlay Capital, Timescale Ventures, and Whatif Ventures"
thea-series-b-2026:general-innovation-capital-partners,participant,bed642de4915953fe81a69513123e59c70134f04a05cb8d30a1a7645f594bcd2,https://thea.energy/press-release/thea-energy-raises-100-million-series-b-funding-to-build-scalable-fusion-power-plants/,,2026-10-05T19:00:35.497580+00:00,disclosed,"today announced it has raised $100 million in Series B funding that draws support from Thomas Tull’s US Innovative Technology Fund (USIT), General Innovation Capital Partners (GICP), Linse Capital, Calm Ventures, Climate Capital, Divergent Capital, Emerald Technology Ventures, Gaingels, Idemitsu Kosan, Overlay Capital, Timescale Ventures, and Whatif Ventures"
thea-series-b-2026:hitachi-ventures,participant,bed642de4915953fe81a69513123e59c70134f04a05cb8d30a1a7645f594bcd2,https://thea.energy/press-release/thea-energy-raises-100-million-series-b-funding-to-build-scalable-fusion-power-plants/,,2026-10-05T19:00:35.497580+00:00,disclosed,"Existing investors Alumni Ventures, Hitachi Ventures, Lowercarbon Capital, Mercator Partners, Orion Industrial Ventures, Prelude Ventures, and Starlight Ventures also participated"
thea-series-b-2026:idemitsu,participant,bed642de4915953fe81a69513123e59c70134f04a05cb8d30a1a7645f594bcd2,https://thea.energy/press-release/thea-energy-raises-100-million-series-b-funding-to-build-scalable-fusion-power-plants/,,2026-10-05T19:00:35.497580+00:00,disclosed,"today announced it has raised $100 million in Series B funding that draws support from Thomas Tull’s US Innovative Technology Fund (USIT), General Innovation Capital Partners (GICP), Linse Capital, Calm Ventures, Climate Capital, Divergent Capital, Emerald Technology Ventures, Gaingels, Idemitsu Kosan, Overlay Capital, Timescale Ventures, and Whatif Ventures"
thea-series-b-2026:linse-capital,participant,bed642de4915953fe81a69513123e59c70134f04a05cb8d30a1a7645f594bcd2,https://thea.energy/press-release/thea-energy-raises-100-million-series-b-funding-to-build-scalable-fusion-power-plants/,,2026-10-05T19:00:35.497580+00:00,disclosed,"today announced it has raised $100 million in Series B funding that draws support from Thomas Tull’s US Innovative Technology Fund (USIT), General Innovation Capital Partners (GICP), Linse Capital, Calm Ventures, Climate Capital, Divergent Capital, Emerald Technology Ventures, Gaingels, Idemitsu Kosan, Overlay Capital, Timescale Ventures, and Whatif Ventures"
thea-series-b-2026:lowercarbon-capital,participant,bed642de4915953fe81a69513123e59c70134f04a05cb8d30a1a7645f594bcd2,https://thea.energy/press-release/thea-energy-raises-100-million-series-b-funding-to-build-scalable-fusion-power-plants/,,2026-10-05T19:00:35.497580+00:00,disclosed,"Existing investors Alumni Ventures, Hitachi Ventures, Lowercarbon Capital, Mercator Partners, Orion Industrial Ventures, Prelude Ventures, and Starlight Ventures also participated"
thea-series-b-2026:mercator-partners,participant,bed642de4915953fe81a69513123e59c70134f04a05cb8d30a1a7645f594bcd2,https://thea.energy/press-release/thea-energy-raises-100-million-series-b-funding-to-build-scalable-fusion-power-plants/,,2026-10-05T19:00:35.497580+00:00,disclosed,"Existing investors Alumni Ventures, Hitachi Ventures, Lowercarbon Capital, Mercator Partners, Orion Industrial Ventures, Prelude Ventures, and Starlight Ventures also participated"
thea-series-b-2026:orion-industrial-ventures,participant,bed642de4915953fe81a69513123e59c70134f04a05cb8d30a1a7645f594bcd2,https://thea.energy/press-release/thea-energy-raises-100-million-series-b-funding-to-build-scalable-fusion-power-plants/,,2026-10-05T19:00:35.497580+00:00,disclosed,"Existing investors Alumni Ventures, Hitachi Ventures, Lowercarbon Capital, Mercator Partners, Orion Industrial Ventures, Prelude Ventures, and Starlight Ventures also participated"
thea-series-b-2026:overlay-capital,participant,bed642de4915953fe81a69513123e59c70134f04a05cb8d30a1a7645f594bcd2,https://thea.energy/press-release/thea-energy-raises-100-million-series-b-funding-to-build-scalable-fusion-power-plants/,,2026-10-05T19:00:35.497580+00:00,disclosed,"today announced it has raised $100 million in Series B funding that draws support from Thomas Tull’s US Innovative Technology Fund (USIT), General Innovation Capital Partners (GICP), Linse Capital, Calm Ventures, Climate Capital, Divergent Capital, Emerald Technology Ventures, Gaingels, Idemitsu Kosan, Overlay Capital, Timescale Ventures, and Whatif Ventures"
thea-series-b-2026:prelude-ventures,participant,bed642de4915953fe81a69513123e59c70134f04a05cb8d30a1a7645f594bcd2,https://thea.energy/press-release/thea-energy-raises-100-million-series-b-funding-to-build-scalable-fusion-power-plants/,,2026-10-05T19:00:35.497580+00:00,disclosed,"Existing investors Alumni Ventures, Hitachi Ventures, Lowercarbon Capital, Mercator Partners, Orion Industrial Ventures, Prelude Ventures, and Starlight Ventures also participated"
thea-series-b-2026:starlight-ventures,participant,bed642de4915953fe81a69513123e59c70134f04a05cb8d30a1a7645f594bcd2,https://thea.energy/press-release/thea-energy-raises-100-million-series-b-funding-to-build-scalable-fusion-power-plants/,,2026-10-05T19:00:35.497580+00:00,disclosed,"Existing investors Alumni Ventures, Hitachi Ventures, Lowercarbon Capital, Mercator Partners, Orion Industrial Ventures, Prelude Ventures, and Starlight Ventures also participated"
thea-series-b-2026:timescale-ventures,participant,bed642de4915953fe81a69513123e59c70134f04a05cb8d30a1a7645f594bcd2,https://thea.energy/press-release/thea-energy-raises-100-million-series-b-funding-to-build-scalable-fusion-power-plants/,,2026-10-05T19:00:35.497580+00:00,disclosed,"today announced it has raised $100 million in Series B funding that draws support from Thomas Tull’s US Innovative Technology Fund (USIT), General Innovation Capital Partners (GICP), Linse Capital, Calm Ventures, Climate Capital, Divergent Capital, Emerald Technology Ventures, Gaingels, Idemitsu Kosan, Overlay Capital, Timescale Ventures, and Whatif Ventures"
thea-series-b-2026:us-innovative-technology-fund,participant,bed642de4915953fe81a69513123e59c70134f04a05cb8d30a1a7645f594bcd2,https://thea.energy/press-release/thea-energy-raises-100-million-series-b-funding-to-build-scalable-fusion-power-plants/,,2026-10-05T19:00:35.497580+00:00,disclosed,"The oversubscribed raise, led by USIT with participation from General Innovation Capital Partners and Linse Capital"
thea-series-b-2026:what-if-ventures,participant,bed642de4915953fe81a69513123e59c70134f04a05cb8d30a1a7645f594bcd2,https://thea.energy/press-release/thea-energy-raises-100-million-series-b-funding-to-build-scalable-fusion-power-plants/,,2026-10-05T19:00:35.497580+00:00,disclosed,"today announced it has raised $100 million in Series B funding that draws support from Thomas Tull’s US Innovative Technology Fund (USIT), General Innovation Capital Partners (GICP), Linse Capital, Calm Ventures, Climate Capital, Divergent Capital, Emerald Technology Ventures, Gaingels, Idemitsu Kosan, Overlay Capital, Timescale Ventures, and Whatif Ventures"
thea-series-b-extension-2026,announced_on,b70109f990965719f3de6b5956fbec3f83f2a4e1f750c012d1972494abf0abf4,https://thea.energy/press-release/thea-energy-extends-series-b-funding-to-deploy-efficient-and-economical-fusion-power/,,2026-10-05T19:00:31.860775+00:00,disclosed,"KEARNY, N.J., August 18, 2026 (GLOBE NEWSWIRE)"
thea-series-b-extension-2026,round_label,b70109f990965719f3de6b5956fbec3f83f2a4e1f750c012d1972494abf0abf4,https://thea.energy/press-release/thea-energy-extends-series-b-funding-to-deploy-efficient-and-economical-fusion-power/,,2026-10-05T19:00:31.860775+00:00,disclosed,today announced it has closed an extension of its Series B funding
thea-series-b-extension-2026:alj-investments,participant,b70109f990965719f3de6b5956fbec3f83f2a4e1f750c012d1972494abf0abf4,https://thea.energy/press-release/thea-energy-extends-series-b-funding-to-deploy-efficient-and-economical-fusion-power/,,2026-10-05T19:00:31.860775+00:00,disclosed,"with additional support from Brevan Howard Macro Venture, Aloniq, ALJ Investments, Beyond Earth Ventures"
thea-series-b-extension-2026:aloniq,participant,b70109f990965719f3de6b5956fbec3f83f2a4e1f750c012d1972494abf0abf4,https://thea.energy/press-release/thea-energy-extends-series-b-funding-to-deploy-efficient-and-economical-fusion-power/,,2026-10-05T19:00:31.860775+00:00,disclosed,"with additional support from Brevan Howard Macro Venture, Aloniq, ALJ Investments, Beyond Earth Ventures"
thea-series-b-extension-2026:beyond-earth-ventures,participant,b70109f990965719f3de6b5956fbec3f83f2a4e1f750c012d1972494abf0abf4,https://thea.energy/press-release/thea-energy-extends-series-b-funding-to-deploy-efficient-and-economical-fusion-power/,,2026-10-05T19:00:31.860775+00:00,disclosed,"with additional support from Brevan Howard Macro Venture, Aloniq, ALJ Investments, Beyond Earth Ventures"
thea-series-b-extension-2026:brevan-howard,participant,b70109f990965719f3de6b5956fbec3f83f2a4e1f750c012d1972494abf0abf4,https://thea.energy/press-release/thea-energy-extends-series-b-funding-to-deploy-efficient-and-economical-fusion-power/,,2026-10-05T19:00:31.860775+00:00,disclosed,"with additional support from Brevan Howard Macro Venture, Aloniq, ALJ Investments, Beyond Earth Ventures"
thea-total-private-2026-05,amount,9386333a5b7db0cbb362efb8a37f747ed43ce87b22d7d5ffe1078d1f490dbad5,https://techcrunch.com/2026/05/27/with-a-new-100m-raise-princetons-thea-energy-is-now-a-top-funded-fusion-startup/,,2026-10-05T18:02:18.252687+00:00,reported,"The new round brings total private investment to $130 million, the startup told TechCrunch"
thea-total-private-2026-05,announced_on,9386333a5b7db0cbb362efb8a37f747ed43ce87b22d7d5ffe1078d1f490dbad5,https://techcrunch.com/2026/05/27/with-a-new-100m-raise-princetons-thea-energy-is-now-a-top-funded-fusion-startup/,,2026-10-05T18:02:18.252687+00:00,reported,"Tim De Chant 10:54 AM PDT · May 27, 2026"
thorizon-2022-mimosa-grant,amount,48b16e3c727300107788c4c47cc1283d1481a0f4ffcf0884c5c35a1700b143b4,https://cordis.europa.eu/project/id/101061142,,2026-10-05T18:53:57.624392+00:00,disclosed,"€ 113 653,75 Address HEKELVELD 8 1012 SN AMSTERDAM"
thorizon-2022-mimosa-grant,announced_on,48b16e3c727300107788c4c47cc1283d1481a0f4ffcf0884c5c35a1700b143b4,https://cordis.europa.eu/project/id/101061142,,2026-10-05T18:53:57.624392+00:00,disclosed,EC signature date 20 May 2022
thorizon-2022-mimosa-grant:european-commission-horizon,participant,48b16e3c727300107788c4c47cc1283d1481a0f4ffcf0884c5c35a1700b143b4,https://cordis.europa.eu/project/id/101061142,,2026-10-05T18:53:57.624392+00:00,disclosed,Grant agreement ID: 101061142
thorizon-2024-france-2030-grant,amount,3a18d2628393d3ffe093d4982ed7903055f0535c8deab9b6c136531f97dbdc55,https://thorizon.com/news/94/-thorizon-secures-20m-to-advance-molten-salt-reactor-development,,2026-10-05T18:57:44.775860+00:00,disclosed,an earlier €10 million grant from the France 2030 Innovative Reactor Program of the French government in 2024
thorizon-2024-france-2030-grant,announced_on,3a18d2628393d3ffe093d4982ed7903055f0535c8deab9b6c136531f97dbdc55,https://thorizon.com/news/94/-thorizon-secures-20m-to-advance-molten-salt-reactor-development,,2026-10-05T18:57:44.775860+00:00,disclosed,an earlier €10 million grant from the France 2030 Innovative Reactor Program of the French government in 2024
thorizon-2024-france-2030-grant:france-2030,participant,3a18d2628393d3ffe093d4982ed7903055f0535c8deab9b6c136531f97dbdc55,https://thorizon.com/news/94/-thorizon-secures-20m-to-advance-molten-salt-reactor-development,,2026-10-05T18:57:44.775860+00:00,disclosed,France 2030 Innovative Reactor Program of the French government
thorizon-2025-jtf-zilt-grant,amount,87616a3a49e1b49d325c034fe7c348c3f7554286abe3f2557d2b50e4a44fb4f4,https://thorizon.com/news/106/molten-salt-reactor-innovation-receives-10-million-boost-from-europe,,2026-10-05T18:53:47.333894+00:00,disclosed,"The European Union has awarded €10 million from the Just Transition Fund (JTF) to Project ZILT, a consortium led by Thorizon"
thorizon-2025-jtf-zilt-grant,announced_on,87616a3a49e1b49d325c034fe7c348c3f7554286abe3f2557d2b50e4a44fb4f4,https://thorizon.com/news/106/molten-salt-reactor-innovation-receives-10-million-boost-from-europe,,2026-10-05T18:53:47.333894+00:00,disclosed,"Zeeland, 28 August 2025"
thorizon-2025-jtf-zilt-grant:ec-just-transition-fund,participant,87616a3a49e1b49d325c034fe7c348c3f7554286abe3f2557d2b50e4a44fb4f4,https://thorizon.com/news/106/molten-salt-reactor-innovation-receives-10-million-boost-from-europe,,2026-10-05T18:53:47.333894+00:00,disclosed,The European Union has awarded €10 million from the Just Transition Fund (JTF)
thorizon-2025-noord-brabant-grant,amount,3a18d2628393d3ffe093d4982ed7903055f0535c8deab9b6c136531f97dbdc55,https://thorizon.com/news/94/-thorizon-secures-20m-to-advance-molten-salt-reactor-development,,2026-10-05T18:57:44.775860+00:00,disclosed,Thorizon recently secured an additional €4 million grant from the Dutch Province of Noord-Brabant in consortium with VDL Groep and Demcon
thorizon-2025-noord-brabant-grant,announced_on,3a18d2628393d3ffe093d4982ed7903055f0535c8deab9b6c136531f97dbdc55,https://thorizon.com/news/94/-thorizon-secures-20m-to-advance-molten-salt-reactor-development,,2026-10-05T18:57:44.775860+00:00,disclosed,Amsterdam 12 March 2025 – Deep-tech startup Thorizon
thorizon-2025-noord-brabant-grant:province-noord-brabant,participant,3a18d2628393d3ffe093d4982ed7903055f0535c8deab9b6c136531f97dbdc55,https://thorizon.com/news/94/-thorizon-secures-20m-to-advance-molten-salt-reactor-development,,2026-10-05T18:57:44.775860+00:00,disclosed,grant from the Dutch Province of Noord-Brabant
thorizon-2025-series-a-tranche1,amount,3a18d2628393d3ffe093d4982ed7903055f0535c8deab9b6c136531f97dbdc55,https://thorizon.com/news/94/-thorizon-secures-20m-to-advance-molten-salt-reactor-development,,2026-10-05T18:57:44.775860+00:00,disclosed,"This includes €16 million as the first tranche of its Series A round, led by the Dutch National Promotional Institution, Invest-NL"
thorizon-2025-series-a-tranche1,announced_on,3a18d2628393d3ffe093d4982ed7903055f0535c8deab9b6c136531f97dbdc55,https://thorizon.com/news/94/-thorizon-secures-20m-to-advance-molten-salt-reactor-development,,2026-10-05T18:57:44.775860+00:00,disclosed,Amsterdam 12 March 2025 – Deep-tech startup Thorizon
thorizon-2025-series-a-tranche1,round_label,3a18d2628393d3ffe093d4982ed7903055f0535c8deab9b6c136531f97dbdc55,https://thorizon.com/news/94/-thorizon-secures-20m-to-advance-molten-salt-reactor-development,,2026-10-05T18:57:44.775860+00:00,disclosed,This funding milestone brings Thorizon halfway to its Series A target
thorizon-2025-series-a-tranche1:impuls-zeeland,participant,3a18d2628393d3ffe093d4982ed7903055f0535c8deab9b6c136531f97dbdc55,https://thorizon.com/news/94/-thorizon-secures-20m-to-advance-molten-salt-reactor-development,,2026-10-05T18:57:44.775860+00:00,disclosed,"with strong backing from Positron Ventures, PDENH, and Impuls Zeeland"
thorizon-2025-series-a-tranche1:invest-nl,participant,3a18d2628393d3ffe093d4982ed7903055f0535c8deab9b6c136531f97dbdc55,https://thorizon.com/news/94/-thorizon-secures-20m-to-advance-molten-salt-reactor-development,,2026-10-05T18:57:44.775860+00:00,disclosed,"first tranche of its Series A round, led by the Dutch National Promotional Institution, Invest-NL"
thorizon-2025-series-a-tranche1:pdenh,participant,3a18d2628393d3ffe093d4982ed7903055f0535c8deab9b6c136531f97dbdc55,https://thorizon.com/news/94/-thorizon-secures-20m-to-advance-molten-salt-reactor-development,,2026-10-05T18:57:44.775860+00:00,disclosed,"with strong backing from Positron Ventures, PDENH, and Impuls Zeeland"
thorizon-2025-series-a-tranche1:positron-ventures,participant,3a18d2628393d3ffe093d4982ed7903055f0535c8deab9b6c136531f97dbdc55,https://thorizon.com/news/94/-thorizon-secures-20m-to-advance-molten-salt-reactor-development,,2026-10-05T18:57:44.775860+00:00,disclosed,"with strong backing from Positron Ventures, PDENH, and Impuls Zeeland"
thorizon-2026-mooi-grant,amount,b087a3741cc10948c3633b7ec393e7a9e799e9aa669e688553116c365a4f2439,https://thorizon.com/news/118/thorizon-and-dutch-partners-secure-netherlands-first-grant-dedicated-to-nuclear,,2026-10-05T18:53:48.440226+00:00,disclosed,has been awarded a EUR 4 million grant under MOOI Kernenergie
thorizon-2026-mooi-grant,announced_on,b087a3741cc10948c3633b7ec393e7a9e799e9aa669e688553116c365a4f2439,https://thorizon.com/news/118/thorizon-and-dutch-partners-secure-netherlands-first-grant-dedicated-to-nuclear,,2026-10-05T18:53:48.440226+00:00,disclosed,"Amsterdam, July 16th 2026"
thorizon-2026-mooi-grant:nl-mooi-kernenergie,participant,b087a3741cc10948c3633b7ec393e7a9e799e9aa669e688553116c365a4f2439,https://thorizon.com/news/118/thorizon-and-dutch-partners-secure-netherlands-first-grant-dedicated-to-nuclear,,2026-10-05T18:53:48.440226+00:00,disclosed,"MOOI Kernenergie, the Dutch government’s first national subsidy scheme dedicated specifically to nuclear research"
thorizon-2026-netherlands-mou,agreement,9a0dd86b630301f1d7ecd93bce7bac1ffe0319b37e3e35906d26c51d243e48cf,https://thorizon.com/news/119/thorizon-epz-nrg-pallas-provinces-and-investors-sign-mou-to-build-europes-first-commercial-molten-salt-reactor-in-the-netherlands,,2026-10-05T18:53:50.111602+00:00,disclosed,have today signed a Memorandum of Understanding to build Europe's first commercial molten salt reactor in the Netherlands
thorizon-2026-netherlands-mou,announced_on,9a0dd86b630301f1d7ecd93bce7bac1ffe0319b37e3e35906d26c51d243e48cf,https://thorizon.com/news/119/thorizon-epz-nrg-pallas-provinces-and-investors-sign-mou-to-build-europes-first-commercial-molten-salt-reactor-in-the-netherlands,,2026-10-05T18:53:50.111602+00:00,disclosed,"Amsterdam, 16 April 2026"
thorizon-hyundai-enc-2026-mou,agreement,a7781c25fcd86079359bebbfd5ce14c8380ca83203f49255761ebf90e57f6935,https://thorizon.com/news/114/thorizon-and-hyundai-engineering-construction-sign-strategic-cooperation-on-molten-salt-reactor-development-and-commercialization,,2026-10-05T20:36:40.147651+00:00,disclosed,have signed a Strategic Memorandum of Understanding (MOU). The agreement marks the start of a strategic collaboration
thorizon-hyundai-enc-2026-mou,announced_on,a7781c25fcd86079359bebbfd5ce14c8380ca83203f49255761ebf90e57f6935,https://thorizon.com/news/114/thorizon-and-hyundai-engineering-construction-sign-strategic-cooperation-on-molten-salt-reactor-development-and-commercialization,,2026-10-05T20:36:40.147651+00:00,disclosed,"Amsterdam, March 9th 2026"
tibbar-plasma-technologies-dear0000677,amount,e5880433f0bfa9c83699c0422f7a85f95a5348ca09d7902ee5ed28691f46298c,https://api.usaspending.gov/api/v2/search/spending_by_award/,,2026-10-05T19:02:39.448059+00:00,disclosed,"""Award ID"": ""DEAR0000677"", ""Recipient Name"": ""TIBBAR PLASMA TECHNOLOGIES, INC"", ""Recipient UEI"": ""K9VJCLJ798R8"", ""Award Amount"": 2290105.63"
tibbar-plasma-technologies-dear0000677,announced_on,e5880433f0bfa9c83699c0422f7a85f95a5348ca09d7902ee5ed28691f46298c,https://api.usaspending.gov/api/v2/search/spending_by_award/,,2026-10-05T19:02:39.448059+00:00,disclosed,"""Base Obligation Date"": ""2016-04-28"", ""generated_internal_id"": ""ASST_NON_DEAR0000677_089"""
tibbar-plasma-technologies-dear0000677,obligated_usd,819e1e487536d1f817688a52f3d1b85f72ffc68a681ca0665f1f1a69d21e9433,https://api.usaspending.gov/api/v2/awards/ASST_NON_DEAR0000677_089/,,2026-10-05T19:35:29.522634+00:00,disclosed,"""total_obligation"":2290105.63"
tibbar-plasma-technologies-dear0000677,round_label,e5880433f0bfa9c83699c0422f7a85f95a5348ca09d7902ee5ed28691f46298c,https://api.usaspending.gov/api/v2/search/spending_by_award/,,2026-10-05T19:02:39.448059+00:00,disclosed,"""Award ID"": ""DEAR0000677"", ""Recipient Name"": ""TIBBAR PLASMA TECHNOLOGIES, INC"""
tibbar-plasma-technologies-dear0000677,use_of_proceeds,e5880433f0bfa9c83699c0422f7a85f95a5348ca09d7902ee5ed28691f46298c,https://api.usaspending.gov/api/v2/search/spending_by_award/,,2026-10-05T19:02:39.448059+00:00,disclosed,"""Description"": ""PLASMA-BASED ELECTRICAL TRANSFORMERS"""
tibbar-plasma-technologies-dear0000677:arpa-e,participant,819e1e487536d1f817688a52f3d1b85f72ffc68a681ca0665f1f1a69d21e9433,https://api.usaspending.gov/api/v2/awards/ASST_NON_DEAR0000677_089/,,2026-10-05T19:35:29.522634+00:00,disclosed,"""cfda_title"":""Advanced Research Projects Agency - Energy"""
tibbar-plasma-technologies-desc0018278,amount,e5880433f0bfa9c83699c0422f7a85f95a5348ca09d7902ee5ed28691f46298c,https://api.usaspending.gov/api/v2/search/spending_by_award/,,2026-10-05T19:02:39.448059+00:00,disclosed,"""Award ID"": ""DESC0018278"", ""Recipient Name"": ""TIBBAR PLASMA TECHNOLOGIES, INC"", ""Recipient UEI"": ""K9VJCLJ798R8"", ""Award Amount"": 90000.0"
tibbar-plasma-technologies-desc0018278,announced_on,e5880433f0bfa9c83699c0422f7a85f95a5348ca09d7902ee5ed28691f46298c,https://api.usaspending.gov/api/v2/search/spending_by_award/,,2026-10-05T19:02:39.448059+00:00,disclosed,"""Base Obligation Date"": ""2017-09-26"", ""generated_internal_id"": ""ASST_NON_DESC0018278_089"""
tibbar-plasma-technologies-desc0018278,obligated_usd,3e1b1d343c92e0c388cce0c70a6deea7fe6dcc188819e4bf24d4bd7f37aa29a0,https://api.usaspending.gov/api/v2/awards/ASST_NON_DESC0018278_089/,,2026-10-05T19:35:30.512019+00:00,disclosed,"""total_obligation"":90000.0"
tibbar-plasma-technologies-desc0018278,round_label,e5880433f0bfa9c83699c0422f7a85f95a5348ca09d7902ee5ed28691f46298c,https://api.usaspending.gov/api/v2/search/spending_by_award/,,2026-10-05T19:02:39.448059+00:00,disclosed,"""Award ID"": ""DESC0018278"", ""Recipient Name"": ""TIBBAR PLASMA TECHNOLOGIES, INC"""
tibbar-plasma-technologies-desc0018278,use_of_proceeds,e5880433f0bfa9c83699c0422f7a85f95a5348ca09d7902ee5ed28691f46298c,https://api.usaspending.gov/api/v2/search/spending_by_award/,,2026-10-05T19:02:39.448059+00:00,disclosed,"""Description"": ""STABILITY AND CONTROL OF BURNING TOKAMAK PLASMAS WITH RESISTIVE WALLS"""
tibbar-plasma-technologies-desc0018278:doe-office-of-science,participant,3e1b1d343c92e0c388cce0c70a6deea7fe6dcc188819e4bf24d4bd7f37aa29a0,https://api.usaspending.gov/api/v2/awards/ASST_NON_DESC0018278_089/,,2026-10-05T19:35:30.512019+00:00,disclosed,"""cfda_title"":""Office of Science Financial Assistance Program"""
tibbar-plasma-technologies-desc0019016,amount,e5880433f0bfa9c83699c0422f7a85f95a5348ca09d7902ee5ed28691f46298c,https://api.usaspending.gov/api/v2/search/spending_by_award/,,2026-10-05T19:02:39.448059+00:00,disclosed,"""Award ID"": ""DESC0019016"", ""Recipient Name"": ""TIBBAR PLASMA TECHNOLOGIES, INC"", ""Recipient UEI"": ""K9VJCLJ798R8"", ""Award Amount"": 299975.0"
tibbar-plasma-technologies-desc0019016,announced_on,e5880433f0bfa9c83699c0422f7a85f95a5348ca09d7902ee5ed28691f46298c,https://api.usaspending.gov/api/v2/search/spending_by_award/,,2026-10-05T19:02:39.448059+00:00,disclosed,"""Base Obligation Date"": ""2018-09-27"", ""generated_internal_id"": ""ASST_NON_DESC0019016_089"""
tibbar-plasma-technologies-desc0019016,obligated_usd,fd01f3ce66edfb28809778292fa312b0a47d4b57737bf4e9ff0b36aedd4c88d7,https://api.usaspending.gov/api/v2/awards/ASST_NON_DESC0019016_089/,,2026-10-05T19:35:31.602356+00:00,disclosed,"""total_obligation"":299975.0"
tibbar-plasma-technologies-desc0019016,round_label,e5880433f0bfa9c83699c0422f7a85f95a5348ca09d7902ee5ed28691f46298c,https://api.usaspending.gov/api/v2/search/spending_by_award/,,2026-10-05T19:02:39.448059+00:00,disclosed,"""Award ID"": ""DESC0019016"", ""Recipient Name"": ""TIBBAR PLASMA TECHNOLOGIES, INC"""
tibbar-plasma-technologies-desc0019016,use_of_proceeds,e5880433f0bfa9c83699c0422f7a85f95a5348ca09d7902ee5ed28691f46298c,https://api.usaspending.gov/api/v2/search/spending_by_award/,,2026-10-05T19:02:39.448059+00:00,disclosed,"""Description"": ""STABILITY AND CONTROL OF BURNING TOKAMAK PLASMAS WITH RESISTIVE WALLS"""
tibbar-plasma-technologies-desc0019016:doe-office-of-science,participant,fd01f3ce66edfb28809778292fa312b0a47d4b57737bf4e9ff0b36aedd4c88d7,https://api.usaspending.gov/api/v2/awards/ASST_NON_DESC0019016_089/,,2026-10-05T19:35:31.602356+00:00,disclosed,"""cfda_title"":""Office of Science Financial Assistance Program"""
tok-cumulative-2024-11,amount,60b2c10ac3bd4a71752988177ed47c8e5a01139f1a61c314d04a847c82ab18e2,https://www.tokamakenergy.com/2024/11/20/tokamak-energy-raises-125m-to-commercialise-transformative-fusion-and-magnet-technologies/,,2026-10-05T17:52:53.281541+00:00,disclosed,"total raised since forming as a spin-out from UK Atomic Energy Authority in 2009 to $335m, comprising $275m from private investors and $60m funded from the UK and U.S. governments"
tok-cumulative-2024-11,announced_on,60b2c10ac3bd4a71752988177ed47c8e5a01139f1a61c314d04a847c82ab18e2,https://www.tokamakenergy.com/2024/11/20/tokamak-energy-raises-125m-to-commercialise-transformative-fusion-and-magnet-technologies/,,2026-10-05T17:52:53.281541+00:00,disclosed,20 November 2024
tok-doe-leaps-2024,amount,a83a6c3c7e6048c2d1f3fb0fcaa9d5e966d606dd409ab2edb9a6cd982f98f0dc,https://api.usaspending.gov/api/v2/search/spending_by_award/,,2026-10-05T17:56:06.485591+00:00,disclosed,"""Award Amount"":7252989.51"
tok-doe-leaps-2024,announced_on,b206721df4489121846bd75fadcc4a651c486e7b397b423ce09ea9c037147d28,https://tokamakenergy.com/2024/12/05/tokamak-energy-partners-with-u-s-doe-and-uks-desnz-to-accelerate-fusion-development-through-52m-st40-upgrade/,,2026-10-05T18:49:56.903240+00:00,disclosed,5 December 2024
tok-doe-leaps-2024:doe-fes,participant,a83a6c3c7e6048c2d1f3fb0fcaa9d5e966d606dd409ab2edb9a6cd982f98f0dc,https://api.usaspending.gov/api/v2/search/spending_by_award/,,2026-10-05T17:56:06.485591+00:00,disclosed,"""Awarding Sub Agency"":""Department of Energy"""
tok-doe-milestone-2023,amount,3c313a7b2ff361f14a52c53c249d252d82e97d3f3e7a3a3265be5c0bfc5155c4,https://api.usaspending.gov/api/v2/search/spending_by_award/,,2026-10-05T18:51:47.940981+00:00,disclosed,"""Award ID"":""DESC0024889"",""Recipient Name"":""TOKAMAK ENERGY INC"",""Recipient UEI"":""N581GZDDDZE7"",""Award Amount"":7500000.0,""Total Outlays"":3000000.0,""Description"":""ST-E1 PRELIMINARY DESIGN REVIEW FOR A FUSION PILOT PLANT"""
tok-doe-milestone-2023,amount,a853025d6020e25d5faacef5f5d2b9d776853d1444379c4725d669f38391c060,https://api.usaspending.gov/api/v2/search/spending_by_category/recipient/,,2026-10-05T18:06:11.263536+00:00,disclosed,"""amount"":7500000.0,""recipient_id"":""997338fb-e150-e25d-2243-ad9113ca4ee4-R"",""name"":""TOKAMAK ENERGY INC"""
tok-doe-milestone-2023,announced_on,ec85467b507c5f6d4172a8fd0cdb7cd9da084725cae810168449a33a2ee6e63d,https://tokamakenergy.com/2023/05/31/tokamak-energy-selected-for-u-s-doe-milestone-based-fusion-development-program/,,2026-10-05T18:49:57.318131+00:00,disclosed,31 May 2023
tok-doe-milestone-2023:doe-fes,participant,ec85467b507c5f6d4172a8fd0cdb7cd9da084725cae810168449a33a2ee6e63d,https://tokamakenergy.com/2023/05/31/tokamak-energy-selected-for-u-s-doe-milestone-based-fusion-development-program/,,2026-10-05T18:49:57.318131+00:00,disclosed,has been selected by the U.S. Department of Energy (DOE) for an award as part of its bold decadal vision
tok-equity-2024-11,amount,60b2c10ac3bd4a71752988177ed47c8e5a01139f1a61c314d04a847c82ab18e2,https://www.tokamakenergy.com/2024/11/20/tokamak-energy-raises-125m-to-commercialise-transformative-fusion-and-magnet-technologies/,,2026-10-05T17:52:53.281541+00:00,disclosed,Tokamak Energy has raised $125 million to accelerate ambitious plans
tok-equity-2024-11,announced_on,60b2c10ac3bd4a71752988177ed47c8e5a01139f1a61c314d04a847c82ab18e2,https://www.tokamakenergy.com/2024/11/20/tokamak-energy-raises-125m-to-commercialise-transformative-fusion-and-magnet-technologies/,,2026-10-05T17:52:53.281541+00:00,disclosed,20 November 2024
tok-equity-2024-11:british-patient-capital,participant,60b2c10ac3bd4a71752988177ed47c8e5a01139f1a61c314d04a847c82ab18e2,https://www.tokamakenergy.com/2024/11/20/tokamak-energy-raises-125m-to-commercialise-transformative-fusion-and-magnet-technologies/,,2026-10-05T17:52:53.281541+00:00,disclosed,"participation from new investors including Furukawa Electric Company, British Patient Capital, global maritime company BW Group and U.S.-based Sabanci Climate Ventures"
tok-equity-2024-11:bw-group,participant,60b2c10ac3bd4a71752988177ed47c8e5a01139f1a61c314d04a847c82ab18e2,https://www.tokamakenergy.com/2024/11/20/tokamak-energy-raises-125m-to-commercialise-transformative-fusion-and-magnet-technologies/,,2026-10-05T17:52:53.281541+00:00,disclosed,"participation from new investors including Furukawa Electric Company, British Patient Capital, global maritime company BW Group and U.S.-based Sabanci Climate Ventures"
tok-equity-2024-11:east-x-ventures,participant,60b2c10ac3bd4a71752988177ed47c8e5a01139f1a61c314d04a847c82ab18e2,https://www.tokamakenergy.com/2024/11/20/tokamak-energy-raises-125m-to-commercialise-transformative-fusion-and-magnet-technologies/,,2026-10-05T17:52:53.281541+00:00,disclosed,The round was co-led by East X Ventures and Lingotto Investment Management
tok-equity-2024-11:furukawa-electric,participant,60b2c10ac3bd4a71752988177ed47c8e5a01139f1a61c314d04a847c82ab18e2,https://www.tokamakenergy.com/2024/11/20/tokamak-energy-raises-125m-to-commercialise-transformative-fusion-and-magnet-technologies/,,2026-10-05T17:52:53.281541+00:00,disclosed,"participation from new investors including Furukawa Electric Company, British Patient Capital, global maritime company BW Group and U.S.-based Sabanci Climate Ventures"
tok-equity-2024-11:lingotto,participant,60b2c10ac3bd4a71752988177ed47c8e5a01139f1a61c314d04a847c82ab18e2,https://www.tokamakenergy.com/2024/11/20/tokamak-energy-raises-125m-to-commercialise-transformative-fusion-and-magnet-technologies/,,2026-10-05T17:52:53.281541+00:00,disclosed,The round was co-led by East X Ventures and Lingotto Investment Management
tok-equity-2024-11:sabanci-climate,participant,60b2c10ac3bd4a71752988177ed47c8e5a01139f1a61c314d04a847c82ab18e2,https://www.tokamakenergy.com/2024/11/20/tokamak-energy-raises-125m-to-commercialise-transformative-fusion-and-magnet-technologies/,,2026-10-05T17:52:53.281541+00:00,disclosed,"participation from new investors including Furukawa Electric Company, British Patient Capital, global maritime company BW Group and U.S.-based Sabanci Climate Ventures"
tok-innovateuk-2011-market,amount,2d48d294010b938ea843abc4a47b64a2ecbc7ecd8bb7e208b71be013fe59eb8f,https://gtr.ukri.org/gtr/api/funds/FF83B64D-D05D-413F-8684-784883CDD21E,,2026-10-05T18:50:51.249019+00:00,disclosed,"<ns2:valuePounds ns1:amount=""25000"" ns1:currencyCode=""GBP""/>"
tok-innovateuk-2011-market,announced_on,2d48d294010b938ea843abc4a47b64a2ecbc7ecd8bb7e208b71be013fe59eb8f,https://gtr.ukri.org/gtr/api/funds/FF83B64D-D05D-413F-8684-784883CDD21E,,2026-10-05T18:50:51.249019+00:00,disclosed,<ns2:start>2011-11-01Z</ns2:start>
tok-innovateuk-2011-market:innovate-uk,participant,6193e848e80c1a081e9a0959ee89030b50fe7e5a34a19a66968c92ae440024b1,https://gtr.ukri.org/gtr/api/organisations/1FF55152-A419-4E60-AD87-7F1C05581E37/projects?s=100,,2026-10-05T17:57:19.885881+00:00,disclosed,<ns2:leadFunder>Innovate UK</ns2:leadFunder>
tok-innovateuk-2011-neutron-source,amount,fc995eee8d94aa070e0c72e76876170c0ddee86f3659b1637b66a6782b627426,https://gtr.ukri.org/gtr/api/funds/2729E759-CD4A-4F85-980B-D57401130067,,2026-10-05T18:50:51.680957+00:00,disclosed,"<ns2:valuePounds ns1:amount=""100000"" ns1:currencyCode=""GBP""/>"
tok-innovateuk-2011-neutron-source,announced_on,fc995eee8d94aa070e0c72e76876170c0ddee86f3659b1637b66a6782b627426,https://gtr.ukri.org/gtr/api/funds/2729E759-CD4A-4F85-980B-D57401130067,,2026-10-05T18:50:51.680957+00:00,disclosed,<ns2:start>2011-09-30Z</ns2:start>
tok-innovateuk-2011-neutron-source:innovate-uk,participant,6193e848e80c1a081e9a0959ee89030b50fe7e5a34a19a66968c92ae440024b1,https://gtr.ukri.org/gtr/api/organisations/1FF55152-A419-4E60-AD87-7F1C05581E37/projects?s=100,,2026-10-05T17:57:19.885881+00:00,disclosed,<ns2:leadFunder>Innovate UK</ns2:leadFunder>
tok-innovateuk-2012-small-tokamak,amount,d11294ec799982b04db10dcde8b8a15248aec229856d4e73cc8ac0558706fc33,https://gtr.ukri.org/gtr/api/funds/61D0EFC7-2D90-4761-9970-7111A05913B8,,2026-10-05T17:57:20.279610+00:00,disclosed,"<ns2:valuePounds ns1:amount=""250000"" ns1:currencyCode=""GBP""/>"
tok-innovateuk-2012-small-tokamak,announced_on,d11294ec799982b04db10dcde8b8a15248aec229856d4e73cc8ac0558706fc33,https://gtr.ukri.org/gtr/api/funds/61D0EFC7-2D90-4761-9970-7111A05913B8,,2026-10-05T17:57:20.279610+00:00,disclosed,<ns2:start>2012-07-31Z</ns2:start>
tok-innovateuk-2012-small-tokamak:innovate-uk,participant,6193e848e80c1a081e9a0959ee89030b50fe7e5a34a19a66968c92ae440024b1,https://gtr.ukri.org/gtr/api/organisations/1FF55152-A419-4E60-AD87-7F1C05581E37/projects?s=100,,2026-10-05T17:57:19.885881+00:00,disclosed,<ns2:leadFunder>Innovate UK</ns2:leadFunder>
tok-innovateuk-2018-hts-magnets,amount,2c87e78e13cd8802858140d613d2fe7551a9b53e5836e6a51c65ba569effda20,https://gtr.ukri.org/gtr/api/funds/793DB8BD-9849-49E6-A555-55FA05FE215C,,2026-10-05T18:50:52.067527+00:00,disclosed,"<ns2:valuePounds ns1:amount=""987707"" ns1:currencyCode=""GBP""/>"
tok-innovateuk-2018-hts-magnets,announced_on,2c87e78e13cd8802858140d613d2fe7551a9b53e5836e6a51c65ba569effda20,https://gtr.ukri.org/gtr/api/funds/793DB8BD-9849-49E6-A555-55FA05FE215C,,2026-10-05T18:50:52.067527+00:00,disclosed,<ns2:start>2018-09-30Z</ns2:start>
tok-innovateuk-2018-hts-magnets:innovate-uk,participant,6193e848e80c1a081e9a0959ee89030b50fe7e5a34a19a66968c92ae440024b1,https://gtr.ukri.org/gtr/api/organisations/1FF55152-A419-4E60-AD87-7F1C05581E37/projects?s=100,,2026-10-05T17:57:19.885881+00:00,disclosed,<ns2:leadFunder>Innovate UK</ns2:leadFunder>
tok-st40-upgrade-2024,agreement,b206721df4489121846bd75fadcc4a651c486e7b397b423ce09ea9c037147d28,https://tokamakenergy.com/2024/12/05/tokamak-energy-partners-with-u-s-doe-and-uks-desnz-to-accelerate-fusion-development-through-52m-st40-upgrade/,,2026-10-05T18:49:56.903240+00:00,disclosed,announced a plan to jointly sponsor a $52 million upgrade to the ST40 experimental fusion facility
tok-st40-upgrade-2024,announced_on,b206721df4489121846bd75fadcc4a651c486e7b397b423ce09ea9c037147d28,https://tokamakenergy.com/2024/12/05/tokamak-energy-partners-with-u-s-doe-and-uks-desnz-to-accelerate-fusion-development-through-52m-st40-upgrade/,,2026-10-05T18:49:56.903240+00:00,disclosed,5 December 2024
tok-step-magnets-2026,agreement,defe1ef55435a2555e770b73401801b653693ffc79176181d3a481a3b1e44760,https://tokamakenergy.com/2026/04/14/tokamak-energy-named-magnet-systems-partner-for-step-fusion-programme/,,2026-10-05T18:50:00.291705+00:00,disclosed,UK Fusion Energy (UKFE) awarded the £70 million contract covering the period up to March 2029
tok-step-magnets-2026,announced_on,defe1ef55435a2555e770b73401801b653693ffc79176181d3a481a3b1e44760,https://tokamakenergy.com/2026/04/14/tokamak-energy-named-magnet-systems-partner-for-step-fusion-programme/,,2026-10-05T18:50:00.291705+00:00,disclosed,14 April 2026
tok-ukaea-fip-2026,agreement,1ebb611e264af2b786478d39039ade8389d77e1dd8838cec1e34b18f824476ec,https://www.ukaea.org/news/ukaea-commits-8m-to-uk-firms-for-shielding-and-fusion-fuel-tech/,,2026-10-05T18:01:55.934315+00:00,disclosed,Tokamak Energy Ltd CAST: Cermet Advancement for Shielding in Tokamaks
tok-ukaea-fip-2026,announced_on,1ebb611e264af2b786478d39039ade8389d77e1dd8838cec1e34b18f824476ec,https://www.ukaea.org/news/ukaea-commits-8m-to-uk-firms-for-shielding-and-fusion-fuel-tech/,,2026-10-05T18:01:55.934315+00:00,disclosed,2 February 2026
tok-ukaea-librti-2025,agreement,3c86b1f351fe5f1629170c4f708c158df75bb0b19f8dcbc74b2a01d052b71530,https://tokamakenergy.com/2025/01/22/tokamak-energy-wins-librti-fusion-fuel-programme-bid/,,2026-10-05T18:14:12.261725+00:00,disclosed,Tokamak Energy has won a bid to advance fusion development under UK Atomic Energy Authority’s £200 million Lithium Breeding Tritium Innovation
tok-ukaea-librti-2025,announced_on,3c86b1f351fe5f1629170c4f708c158df75bb0b19f8dcbc74b2a01d052b71530,https://tokamakenergy.com/2025/01/22/tokamak-energy-wins-librti-fusion-fuel-programme-bid/,,2026-10-05T18:14:12.261725+00:00,disclosed,22 January 2025
transmutex-dear0002079,amount,227e1fb25727bc760919aad8cdcd0dd20e3b5877b5059de72a3ad8eaf8df435c,https://api.usaspending.gov/api/v2/search/spending_by_award/,,2026-10-05T19:23:44.735940+00:00,disclosed,"""Award ID"": ""DEAR0002079"", ""Recipient Name"": ""TRANSMUTEX U.S.A., INC."", ""Recipient UEI"": ""J5XFEQNP4PU5"", ""Award Amount"": 2805624.0"
transmutex-dear0002079,announced_on,227e1fb25727bc760919aad8cdcd0dd20e3b5877b5059de72a3ad8eaf8df435c,https://api.usaspending.gov/api/v2/search/spending_by_award/,,2026-10-05T19:23:44.735940+00:00,disclosed,"""Base Obligation Date"": ""2026-08-26"", ""generated_internal_id"": ""ASST_NON_DEAR0002079_089"""
transmutex-dear0002079,obligated_usd,7b285c422de4a1f5553ae0fc219c13e61d309cd4afb01c9994f971538b12a13c,https://api.usaspending.gov/api/v2/awards/ASST_NON_DEAR0002079_089/,,2026-10-05T19:33:21.000135+00:00,disclosed,"""total_obligation"":2805624.0"
transmutex-dear0002079,round_label,227e1fb25727bc760919aad8cdcd0dd20e3b5877b5059de72a3ad8eaf8df435c,https://api.usaspending.gov/api/v2/search/spending_by_award/,,2026-10-05T19:23:44.735940+00:00,disclosed,"""Award ID"": ""DEAR0002079"", ""Recipient Name"": ""TRANSMUTEX U.S.A., INC."""
transmutex-dear0002079,use_of_proceeds,227e1fb25727bc760919aad8cdcd0dd20e3b5877b5059de72a3ad8eaf8df435c,https://api.usaspending.gov/api/v2/search/spending_by_award/,,2026-10-05T19:23:44.735940+00:00,disclosed,"""Description"": ""NEW AWARD: TRANSMUTEX USA, \nCONTROL #3418-1514, NUCLEAR ENERGY WASTE TRANSMUTATION OPTIMIZED NOW ("
transmutex-dear0002079:arpa-e,participant,7b285c422de4a1f5553ae0fc219c13e61d309cd4afb01c9994f971538b12a13c,https://api.usaspending.gov/api/v2/awards/ASST_NON_DEAR0002079_089/,,2026-10-05T19:33:21.000135+00:00,disclosed,"""cfda_title"":""Advanced Research Projects Agency - Energy"""
triso-x-48c-2024,amount,db86c83fcbef8023e810745e7dedfcbc8704e21ac346c0f6ef6efef96fc5f87f,https://www.sec.gov/Archives/edgar/data/2088896/000110465926049515/tm2527015-22_424b4.htm,,2026-10-05T17:52:28.012718+00:00,disclosed,"TRISO-X was awarded around $150.0 million investment tax credit for the construction of its first purpose-built commercial-scale fuel fabrication facility, TX-1"
triso-x-48c-2024,announced_on,db86c83fcbef8023e810745e7dedfcbc8704e21ac346c0f6ef6efef96fc5f87f,https://www.sec.gov/Archives/edgar/data/2088896/000110465926049515/tm2527015-22_424b4.htm,,2026-10-05T17:52:28.012718+00:00,disclosed,"In March of 2024, TRISO-X was awarded around $150.0 million investment tax credit"
tva-first-contracts-2025-07,agreement,ad68d08f82832c7e0ed42ebc22b87c511a5306a0b396a9e00fac9d81ed68d2b0,https://typeoneenergy.com/insights-announcements/tva-type-one-energy-sign-first-contracts-fusion-power-plant-project/,,2026-10-05T19:00:36.957186+00:00,disclosed,signed the first set of commercial contracts related to Project Infinity
tva-first-contracts-2025-07,announced_on,ad68d08f82832c7e0ed42ebc22b87c511a5306a0b396a9e00fac9d81ed68d2b0,https://typeoneenergy.com/insights-announcements/tva-type-one-energy-sign-first-contracts-fusion-power-plant-project/,,2026-10-05T19:00:36.957186+00:00,disclosed,"Published: July 22, 2025"
tva-hermes-2-ppa-2025,agreement,98257e62308b2ae4e469a925710a1681c2e76807b11b41cb1e4a955b2b780027,https://www.kairospower.com/updates/google-kairos-power-tva-collaborate-to-meet-americas-growing-energy-needs,,2026-10-05T18:50:38.334945+00:00,disclosed,"Hermes 2 Plant in Oak Ridge, Tenn., will deliver up to 50 megawatts (MW) of reliable, 24/7 energy to the TVA grid"
tva-infinity-two-loi-2025-09,agreement,10c35f769ecac08fd80f5d8ca0640ccfb570deaa8e3f17df333490fe969ed7e3,https://typeoneenergy.com/insights-announcements/tva-type-one-energy-accelerate-fusion-commercialization-tennessee/,,2026-10-05T19:00:33.507541+00:00,disclosed,Infinity Two is a first-generation 400 MWe baseload power plant
tva-infinity-two-loi-2025-09,agreement,10c35f769ecac08fd80f5d8ca0640ccfb570deaa8e3f17df333490fe969ed7e3,https://typeoneenergy.com/insights-announcements/tva-type-one-energy-accelerate-fusion-commercialization-tennessee/,,2026-10-05T19:00:33.507541+00:00,disclosed,The LOI also covers potential future use of the prototype facilities
tva-infinity-two-loi-2025-09,announced_on,10c35f769ecac08fd80f5d8ca0640ccfb570deaa8e3f17df333490fe969ed7e3,https://typeoneenergy.com/insights-announcements/tva-type-one-energy-accelerate-fusion-commercialization-tennessee/,,2026-10-05T19:00:33.507541+00:00,disclosed,"Published: September 19, 2025"
type-one-arpa-e-bethe-2019,amount,541c9d053c1aa1be4f99879ad9b0d4e9026a5a46d142c80ac83f6a2c188e20a5,https://arpa-e.energy.gov/JSONAPI/custom/index/project?page%5Boffset%5D=450&page%5Blimit%5D=50,,2026-10-05T18:02:26.500243+00:00,disclosed,"""award"":""1,180,000"",""release_date"":""Nov 07 2019"""
type-one-arpa-e-bethe-2019,amount,47b5230ae6d4a965b4a8a4ca726bb83ef518f2108255522e13a4ef493e4df294,https://api.usaspending.gov/api/v2/search/spending_by_award/,,2026-10-05T17:55:59.199763+00:00,disclosed,"""Award ID"":""DEAR0001287"",""Recipient Name"":""TYPE ONE ENERGY GROUP, INC."",""Recipient UEI"":""D26JC7VM3Q71"",""Award Amount"":1180000.0"
type-one-arpa-e-bethe-2019,announced_on,541c9d053c1aa1be4f99879ad9b0d4e9026a5a46d142c80ac83f6a2c188e20a5,https://arpa-e.energy.gov/JSONAPI/custom/index/project?page%5Boffset%5D=450&page%5Blimit%5D=50,,2026-10-05T18:02:26.500243+00:00,disclosed,"""release_date"":""Nov 07 2019"",""location"":""Madison, WI"""
type-one-arpa-e-bethe-2019:arpa-e,participant,47b5230ae6d4a965b4a8a4ca726bb83ef518f2108255522e13a4ef493e4df294,https://api.usaspending.gov/api/v2/search/spending_by_award/,,2026-10-05T17:55:59.199763+00:00,disclosed,ADVANCED RESEARCH PROJECTS AGENCY - ENERGY
type-one-convertible-note-2026-01,amount,234d955a405b93aff10e25c65123fb130e3a678670dd43159308c76661dfaef7,https://techcrunch.com/2026/01/14/bill-gates-backed-type-one-energy-raises-87m-ahead-of-250m-series-b/,,2026-10-05T18:02:12.762889+00:00,reported,"Fusion power startup Type One Energy recently raised $87 million, TechCrunch has learned from sources familiar with the deal"
type-one-convertible-note-2026-01,announced_on,234d955a405b93aff10e25c65123fb130e3a678670dd43159308c76661dfaef7,https://techcrunch.com/2026/01/14/bill-gates-backed-type-one-energy-raises-87m-ahead-of-250m-series-b/,,2026-10-05T18:02:12.762889+00:00,reported,"Tim De Chant 8:39 AM PST · January 14, 2026"
type-one-convertible-note-2026-01,round_label,234d955a405b93aff10e25c65123fb130e3a678670dd43159308c76661dfaef7,https://techcrunch.com/2026/01/14/bill-gates-backed-type-one-energy-raises-87m-ahead-of-250m-series-b/,,2026-10-05T18:02:12.762889+00:00,reported,The new funding is a convertible note
type-one-cumulative-2026-08,amount,bb4ae1d3ca3ba4924fb951dbd722f5d6b33b2a815d4d6c845094f569dcbee9a0,https://techcrunch.com/2026/08/15/every-fusion-startup-that-has-raised-over-100m/,,2026-10-05T18:51:11.419589+00:00,reported,"Type One has raised $174.5 million to date, according to FusionX"
type-one-cumulative-2026-08,announced_on,bb4ae1d3ca3ba4924fb951dbd722f5d6b33b2a815d4d6c845094f569dcbee9a0,https://techcrunch.com/2026/08/15/every-fusion-startup-that-has-raised-over-100m/,,2026-10-05T18:51:11.419589+00:00,reported,"Tim De Chant 6:15 AM PDT · August 15, 2026"
type-one-doe-milestone-2023,announced_on,69b6dcec82c9dff9e92b6cb0b2745b6c2fd638b087c2a924c6554ee30662f301,https://www.energy.gov/articles/us-department-energy-announces-selectees-107-million-fusion-innovation-research-engine,,2026-10-05T17:59:15.755855+00:00,disclosed,8 selectees were announced in May 2023
type-one-doe-milestone-2023,announced_on,ec85467b507c5f6d4172a8fd0cdb7cd9da084725cae810168449a33a2ee6e63d,https://tokamakenergy.com/2023/05/31/tokamak-energy-selected-for-u-s-doe-milestone-based-fusion-development-program/,,2026-10-05T18:49:57.318131+00:00,reported,Tokamak Energy selected for U.S. DOE Milestone-Based Fusion Development Program Stuart White 31 May 2023
type-one-doe-milestone-2023,round_label,69b6dcec82c9dff9e92b6cb0b2745b6c2fd638b087c2a924c6554ee30662f301,https://www.energy.gov/articles/us-department-energy-announces-selectees-107-million-fusion-innovation-research-engine,,2026-10-05T17:59:15.755855+00:00,disclosed,"The other Milestone awardees are Commonwealth Fusion Systems, Tokamak Energy, Type One Energy, Xcimer Energy, and Zap Energy"
type-one-doe-milestone-2023:doe-fes,participant,69b6dcec82c9dff9e92b6cb0b2745b6c2fd638b087c2a924c6554ee30662f301,https://www.energy.gov/articles/us-department-energy-announces-selectees-107-million-fusion-innovation-research-engine,,2026-10-05T17:59:15.755855+00:00,disclosed,"Both programs, administered by DOE’s Fusion Energy Sciences (FES) program in the Office of Science"
type-one-seed-2023,amount,71d1b778d3f2b17011c913a510922c46e9e318c3fe83e75d0eb63c2588873c1b,https://techcrunch.com/2023/03/28/fusion-startup-type-one-fundraising/,,2026-10-05T18:02:12.397623+00:00,reported,"an oversubscribed $29 million seed round co-led by Breakthrough Energy Ventures, TDK Ventures and Doral Energy Tech Ventures"
type-one-seed-2023,announced_on,71d1b778d3f2b17011c913a510922c46e9e318c3fe83e75d0eb63c2588873c1b,https://techcrunch.com/2023/03/28/fusion-startup-type-one-fundraising/,,2026-10-05T18:02:12.397623+00:00,reported,"5:00 AM PDT · March 28, 2023"
type-one-seed-2023,round_label,71d1b778d3f2b17011c913a510922c46e9e318c3fe83e75d0eb63c2588873c1b,https://techcrunch.com/2023/03/28/fusion-startup-type-one-fundraising/,,2026-10-05T18:02:12.397623+00:00,reported,Fusion startup Type One Energy gets $29M seed round
type-one-seed-2023:breakthrough-energy-ventures,participant,71d1b778d3f2b17011c913a510922c46e9e318c3fe83e75d0eb63c2588873c1b,https://techcrunch.com/2023/03/28/fusion-startup-type-one-fundraising/,,2026-10-05T18:02:12.397623+00:00,reported,"co-led by Breakthrough Energy Ventures, TDK Ventures and Doral Energy Tech Ventures"
type-one-seed-2023:darco,participant,71d1b778d3f2b17011c913a510922c46e9e318c3fe83e75d0eb63c2588873c1b,https://techcrunch.com/2023/03/28/fusion-startup-type-one-fundraising/,,2026-10-05T18:02:12.397623+00:00,reported,"Other participants include Darco, the Grantham Foundation, MILFAM, Orbia Ventures, Shorewind Capital, TRIREC and VAHOCA"
type-one-seed-2023:doral-energy-tech,participant,71d1b778d3f2b17011c913a510922c46e9e318c3fe83e75d0eb63c2588873c1b,https://techcrunch.com/2023/03/28/fusion-startup-type-one-fundraising/,,2026-10-05T18:02:12.397623+00:00,reported,"co-led by Breakthrough Energy Ventures, TDK Ventures and Doral Energy Tech Ventures"
type-one-seed-2023:grantham-foundation,participant,71d1b778d3f2b17011c913a510922c46e9e318c3fe83e75d0eb63c2588873c1b,https://techcrunch.com/2023/03/28/fusion-startup-type-one-fundraising/,,2026-10-05T18:02:12.397623+00:00,reported,"Other participants include Darco, the Grantham Foundation, MILFAM, Orbia Ventures, Shorewind Capital, TRIREC and VAHOCA"
type-one-seed-2023:milfam,participant,71d1b778d3f2b17011c913a510922c46e9e318c3fe83e75d0eb63c2588873c1b,https://techcrunch.com/2023/03/28/fusion-startup-type-one-fundraising/,,2026-10-05T18:02:12.397623+00:00,reported,"Other participants include Darco, the Grantham Foundation, MILFAM, Orbia Ventures, Shorewind Capital, TRIREC and VAHOCA"
type-one-seed-2023:orbia-ventures,participant,71d1b778d3f2b17011c913a510922c46e9e318c3fe83e75d0eb63c2588873c1b,https://techcrunch.com/2023/03/28/fusion-startup-type-one-fundraising/,,2026-10-05T18:02:12.397623+00:00,reported,"Other participants include Darco, the Grantham Foundation, MILFAM, Orbia Ventures, Shorewind Capital, TRIREC and VAHOCA"
type-one-seed-2023:shorewind-capital,participant,71d1b778d3f2b17011c913a510922c46e9e318c3fe83e75d0eb63c2588873c1b,https://techcrunch.com/2023/03/28/fusion-startup-type-one-fundraising/,,2026-10-05T18:02:12.397623+00:00,reported,"Other participants include Darco, the Grantham Foundation, MILFAM, Orbia Ventures, Shorewind Capital, TRIREC and VAHOCA"
type-one-seed-2023:tdk-ventures,participant,71d1b778d3f2b17011c913a510922c46e9e318c3fe83e75d0eb63c2588873c1b,https://techcrunch.com/2023/03/28/fusion-startup-type-one-fundraising/,,2026-10-05T18:02:12.397623+00:00,reported,"co-led by Breakthrough Energy Ventures, TDK Ventures and Doral Energy Tech Ventures"
type-one-seed-2023:trirec,participant,71d1b778d3f2b17011c913a510922c46e9e318c3fe83e75d0eb63c2588873c1b,https://techcrunch.com/2023/03/28/fusion-startup-type-one-fundraising/,,2026-10-05T18:02:12.397623+00:00,reported,"Other participants include Darco, the Grantham Foundation, MILFAM, Orbia Ventures, Shorewind Capital, TRIREC and VAHOCA"
type-one-seed-2023:vahoca,participant,71d1b778d3f2b17011c913a510922c46e9e318c3fe83e75d0eb63c2588873c1b,https://techcrunch.com/2023/03/28/fusion-startup-type-one-fundraising/,,2026-10-05T18:02:12.397623+00:00,reported,"Other participants include Darco, the Grantham Foundation, MILFAM, Orbia Ventures, Shorewind Capital, TRIREC and VAHOCA"
type-one-seed-extended-cumulative-2024,amount,234d955a405b93aff10e25c65123fb130e3a678670dd43159308c76661dfaef7,https://techcrunch.com/2026/01/14/bill-gates-backed-type-one-energy-raises-87m-ahead-of-250m-series-b/,,2026-10-05T18:02:12.762889+00:00,reported,Type One had previously raised a $29 million seed round in 2023 that was extended to a total of $82.5 million in 2024
type-one-seed-extended-cumulative-2024,announced_on,234d955a405b93aff10e25c65123fb130e3a678670dd43159308c76661dfaef7,https://techcrunch.com/2026/01/14/bill-gates-backed-type-one-energy-raises-87m-ahead-of-250m-series-b/,,2026-10-05T18:02:12.762889+00:00,reported,"Tim De Chant 8:39 AM PST · January 14, 2026"
type-one-seed-extended-cumulative-2024,round_label,bb4ae1d3ca3ba4924fb951dbd722f5d6b33b2a815d4d6c845094f569dcbee9a0,https://techcrunch.com/2026/08/15/every-fusion-startup-that-has-raised-over-100m/,,2026-10-05T18:51:11.419589+00:00,reported,including an extended Series A that totaled $82.5 million
type-one-seed-extended-cumulative-2024:breakthrough-energy-ventures,participant,234d955a405b93aff10e25c65123fb130e3a678670dd43159308c76661dfaef7,https://techcrunch.com/2026/01/14/bill-gates-backed-type-one-energy-raises-87m-ahead-of-250m-series-b/,,2026-10-05T18:02:12.762889+00:00,reported,"Investors in that round included Bill Gates’ Breakthrough Energy Ventures, Doral Energy-Tech Ventures, and TDK Ventures"
type-one-seed-extended-cumulative-2024:doral-energy-tech,participant,234d955a405b93aff10e25c65123fb130e3a678670dd43159308c76661dfaef7,https://techcrunch.com/2026/01/14/bill-gates-backed-type-one-energy-raises-87m-ahead-of-250m-series-b/,,2026-10-05T18:02:12.762889+00:00,reported,"Investors in that round included Bill Gates’ Breakthrough Energy Ventures, Doral Energy-Tech Ventures, and TDK Ventures"
type-one-seed-extended-cumulative-2024:tdk-ventures,participant,234d955a405b93aff10e25c65123fb130e3a678670dd43159308c76661dfaef7,https://techcrunch.com/2026/01/14/bill-gates-backed-type-one-energy-raises-87m-ahead-of-250m-series-b/,,2026-10-05T18:02:12.762889+00:00,reported,"Investors in that round included Bill Gates’ Breakthrough Energy Ventures, Doral Energy-Tech Ventures, and TDK Ventures"
type-one-series-b-2026,announced_on,8ecd7af86842827e90d00decae682cf18692da6a3e215be15e5993afbcbf9f9d,https://typeoneenergy.com/insights-announcements/type-one-energy-appoints-bernard-looney-to-board-of-directors/,,2026-10-05T19:00:30.010044+00:00,disclosed,"Published: June 16, 2026"
type-one-series-b-2026,round_label,8ecd7af86842827e90d00decae682cf18692da6a3e215be15e5993afbcbf9f9d,https://typeoneenergy.com/insights-announcements/type-one-energy-appoints-bernard-looney-to-board-of-directors/,,2026-10-05T19:00:30.010044+00:00,disclosed,prepares to close its Series B funding round
ultra-safe-nuclear-desc0021948,amount,b15ffe6884b051bbf46e5af8229c93ad5d2dbd282f059b07a0fe86422b4d91b3,https://api.usaspending.gov/api/v2/search/spending_by_award/,,2026-10-05T19:14:34.053153+00:00,disclosed,"""Award ID"": ""DESC0021948"", ""Recipient Name"": ""ULTRA SAFE NUCLEAR CORPORATION - TECHNOLOGIES"", ""Recipient UEI"": ""LD35F2QC1T37"", ""Award Amount"": 196201.53"
ultra-safe-nuclear-desc0021948,announced_on,b15ffe6884b051bbf46e5af8229c93ad5d2dbd282f059b07a0fe86422b4d91b3,https://api.usaspending.gov/api/v2/search/spending_by_award/,,2026-10-05T19:14:34.053153+00:00,disclosed,"""Base Obligation Date"": ""2021-09-27"", ""generated_internal_id"": ""ASST_NON_DESC0021948_089"""
ultra-safe-nuclear-desc0021948,obligated_disbursed,b15ffe6884b051bbf46e5af8229c93ad5d2dbd282f059b07a0fe86422b4d91b3,https://api.usaspending.gov/api/v2/search/spending_by_award/,,2026-10-05T19:14:34.053153+00:00,disclosed,"""Recipient UEI"": ""LD35F2QC1T37"", ""Award Amount"": 196201.53, ""Total Outlays"": 196201.53"
ultra-safe-nuclear-desc0021948,round_label,b15ffe6884b051bbf46e5af8229c93ad5d2dbd282f059b07a0fe86422b4d91b3,https://api.usaspending.gov/api/v2/search/spending_by_award/,,2026-10-05T19:14:34.053153+00:00,disclosed,"""Award ID"": ""DESC0021948"", ""Recipient Name"": ""ULTRA SAFE NUCLEAR CORPORATION - TECHNOLOGIES"""
ultra-safe-nuclear-desc0021948,use_of_proceeds,b15ffe6884b051bbf46e5af8229c93ad5d2dbd282f059b07a0fe86422b4d91b3,https://api.usaspending.gov/api/v2/search/spending_by_award/,,2026-10-05T19:14:34.053153+00:00,disclosed,"""Description"": ""COMPACT CERAMIC HEAT EXCHANGERS FOR MMR"""
ultra-safe-nuclear-desc0021948:doe-office-of-science,participant,b15ffe6884b051bbf46e5af8229c93ad5d2dbd282f059b07a0fe86422b4d91b3,https://api.usaspending.gov/api/v2/search/spending_by_award/,,2026-10-05T19:14:34.053153+00:00,disclosed,"""Awarding Agency"": ""Department of Energy"", ""Awarding Sub Agency"": ""Department of Energy"""
ultra-safe-nuclear-desc0022735,amount,b15ffe6884b051bbf46e5af8229c93ad5d2dbd282f059b07a0fe86422b4d91b3,https://api.usaspending.gov/api/v2/search/spending_by_award/,,2026-10-05T19:14:34.053153+00:00,disclosed,"""Award ID"": ""DESC0022735"", ""Recipient Name"": ""ULTRA SAFE NUCLEAR CORP"", ""Recipient UEI"": ""VLUNV3T3X7D8"", ""Award Amount"": 199353.0"
ultra-safe-nuclear-desc0022735,announced_on,b15ffe6884b051bbf46e5af8229c93ad5d2dbd282f059b07a0fe86422b4d91b3,https://api.usaspending.gov/api/v2/search/spending_by_award/,,2026-10-05T19:14:34.053153+00:00,disclosed,"""Base Obligation Date"": ""2022-07-19"", ""generated_internal_id"": ""ASST_NON_DESC0022735_089"""
ultra-safe-nuclear-desc0022735,obligated_disbursed,b15ffe6884b051bbf46e5af8229c93ad5d2dbd282f059b07a0fe86422b4d91b3,https://api.usaspending.gov/api/v2/search/spending_by_award/,,2026-10-05T19:14:34.053153+00:00,disclosed,"""Recipient UEI"": ""VLUNV3T3X7D8"", ""Award Amount"": 199353.0, ""Total Outlays"": 199353.0"
ultra-safe-nuclear-desc0022735,round_label,b15ffe6884b051bbf46e5af8229c93ad5d2dbd282f059b07a0fe86422b4d91b3,https://api.usaspending.gov/api/v2/search/spending_by_award/,,2026-10-05T19:14:34.053153+00:00,disclosed,"""Award ID"": ""DESC0022735"", ""Recipient Name"": ""ULTRA SAFE NUCLEAR CORP"""
ultra-safe-nuclear-desc0022735,use_of_proceeds,b15ffe6884b051bbf46e5af8229c93ad5d2dbd282f059b07a0fe86422b4d91b3,https://api.usaspending.gov/api/v2/search/spending_by_award/,,2026-10-05T19:14:34.053153+00:00,disclosed,"""Description"": ""AFFORDABLE, RELIABLE, HIGH-PERFORMANCE CERAMIC COMPONENTS FOR CSP"""
ultra-safe-nuclear-desc0022735:doe-office-of-science,participant,b15ffe6884b051bbf46e5af8229c93ad5d2dbd282f059b07a0fe86422b4d91b3,https://api.usaspending.gov/api/v2/search/spending_by_award/,,2026-10-05T19:14:34.053153+00:00,disclosed,"""Awarding Agency"": ""Department of Energy"", ""Awarding Sub Agency"": ""Department of Energy"""
usnc-form-d-2020,amount,9a4eadb7d0c5976d94649e0e300b7f4a2dc9abb5d5e421a73384f378c1d6e12f,https://www.sec.gov/Archives/edgar/data/1802092/000180209220000001/primary_doc.xml,,2026-10-05T19:10:17.308458+00:00,disclosed,17398650 17398650 0 false 1
usnc-form-d-2020,announced_on,9a4eadb7d0c5976d94649e0e300b7f4a2dc9abb5d5e421a73384f378c1d6e12f,https://www.sec.gov/Archives/edgar/data/1802092/000180209220000001/primary_doc.xml,,2026-10-05T19:10:17.308458+00:00,disclosed,Francesco Venneri Chief Executive Officer 2020-02-07
usnc-form-d-2020,first_sale_on,9a4eadb7d0c5976d94649e0e300b7f4a2dc9abb5d5e421a73384f378c1d6e12f,https://www.sec.gov/Archives/edgar/data/1802092/000180209220000001/primary_doc.xml,,2026-10-05T19:10:17.308458+00:00,disclosed,06b false 2020-01-30 false true false 0 17398650 17398650 0 false 1
usnc-jmb-dip-2024,amount,eb534c388989a25681947bac346e40306030323a6d3cd54966fea37f257f581f,https://elevenflo.com/blog/ultra-safe-nuclear-chapter-11-28m-sale,,2026-10-05T18:58:16.572539+00:00,reported,"a $23 million debtor-in-possession commitment from JMB Capital Partners Lending, LLC"
usnc-jmb-dip-2024,announced_on,eb534c388989a25681947bac346e40306030323a6d3cd54966fea37f257f581f,https://elevenflo.com/blog/ultra-safe-nuclear-chapter-11-28m-sale,,2026-10-05T18:58:16.572539+00:00,reported,"on October 29, 2024, under lead case number 24-12443 (KBO)"
usnc-jmb-dip-2024:jmb-capital-partners-lending,participant,eb534c388989a25681947bac346e40306030323a6d3cd54966fea37f257f581f,https://elevenflo.com/blog/ultra-safe-nuclear-chapter-11-28m-sale,,2026-10-05T18:58:16.572539+00:00,reported,"a $23 million debtor-in-possession commitment from JMB Capital Partners Lending, LLC"
valar-credit-facility-2026,amount,7e9664774b6139ff30967c5f1ac3f47033f1ec323097682ca60fee2f83efd33a,https://www.valaratomics.com/docs/Announcing-our-1B-Series-B-Led-By-Sequoia,,2026-10-05T18:52:38.759854+00:00,disclosed,the closing of a $200 million credit facility led by Erebor Bank
valar-credit-facility-2026,announced_on,4d951ab6bc7b3e8743f9927e2b77d44c384fe74179d6a7783dd6ef757d41ae16,https://techcrunch.com/2026/08/03/sequoias-shaun-maguire-leads-1b-round-for-nuclear-startup-valar-atomics/,,2026-10-05T18:52:07.032762+00:00,reported,"August 3, 2026"
valar-credit-facility-2026,announced_on,4d951ab6bc7b3e8743f9927e2b77d44c384fe74179d6a7783dd6ef757d41ae16,https://techcrunch.com/2026/08/03/sequoias-shaun-maguire-leads-1b-round-for-nuclear-startup-valar-atomics/,,2026-10-05T18:52:07.032762+00:00,reported,it also secured a $200 million line of credit from Erebor and other banks
valar-credit-facility-2026,round_label,7e9664774b6139ff30967c5f1ac3f47033f1ec323097682ca60fee2f83efd33a,https://www.valaratomics.com/docs/Announcing-our-1B-Series-B-Led-By-Sequoia,,2026-10-05T18:52:38.759854+00:00,disclosed,closing of a $200 million credit facility
valar-credit-facility-2026:crescent-cove,participant,7e9664774b6139ff30967c5f1ac3f47033f1ec323097682ca60fee2f83efd33a,https://www.valaratomics.com/docs/Announcing-our-1B-Series-B-Led-By-Sequoia,,2026-10-05T18:52:38.759854+00:00,disclosed,"credit facility led by Erebor Bank, as administrative agent, and J.P. Morgan, alongside Crescent Cove and Hercules Capital"
valar-credit-facility-2026:erebor-bank,participant,7e9664774b6139ff30967c5f1ac3f47033f1ec323097682ca60fee2f83efd33a,https://www.valaratomics.com/docs/Announcing-our-1B-Series-B-Led-By-Sequoia,,2026-10-05T18:52:38.759854+00:00,disclosed,"credit facility led by Erebor Bank, as administrative agent, and J.P. Morgan, alongside Crescent Cove and Hercules Capital"
valar-credit-facility-2026:hercules-capital,participant,7e9664774b6139ff30967c5f1ac3f47033f1ec323097682ca60fee2f83efd33a,https://www.valaratomics.com/docs/Announcing-our-1B-Series-B-Led-By-Sequoia,,2026-10-05T18:52:38.759854+00:00,disclosed,"credit facility led by Erebor Bank, as administrative agent, and J.P. Morgan, alongside Crescent Cove and Hercules Capital"
valar-credit-facility-2026:jp-morgan,participant,7e9664774b6139ff30967c5f1ac3f47033f1ec323097682ca60fee2f83efd33a,https://www.valaratomics.com/docs/Announcing-our-1B-Series-B-Led-By-Sequoia,,2026-10-05T18:52:38.759854+00:00,disclosed,"credit facility led by Erebor Bank, as administrative agent, and J.P. Morgan, alongside Crescent Cove and Hercules Capital"
valar-debt-2026-03,amount,03a891cb44cfc97a2c87cc64bd7f6724c1f430d07cb45de30e5760d4e0c449e4,https://www.bloomberg.com/news/articles/2026-03-31/palmer-luckey-backed-nuclear-startup-valar-lands-2-billion-valuation,,2026-10-05T18:52:54.717766+00:00,reported,That includes $110 million in debt and $340 million in equity
valar-debt-2026-03,announced_on,03a891cb44cfc97a2c87cc64bd7f6724c1f430d07cb45de30e5760d4e0c449e4,https://www.bloomberg.com/news/articles/2026-03-31/palmer-luckey-backed-nuclear-startup-valar-lands-2-billion-valuation,,2026-10-05T18:52:54.717766+00:00,reported,"March 31, 2026"
valar-debt-2026-03,duplicate,a429e41a316ebe329f69b6322f3f1c270f7071962f99c75b706a5f6af08aa109,https://techcrunch.com/2026/07/17/nuclear-startup-valar-atomics-in-talks-to-raise-new-funding-at-6b-valuation/,,2026-10-05T18:52:48.120328+00:00,reported,Part of that capital has been raised previously at a lower valuation
valar-debt-2026-03,duplicate,a429e41a316ebe329f69b6322f3f1c270f7071962f99c75b706a5f6af08aa109,https://techcrunch.com/2026/07/17/nuclear-startup-valar-atomics-in-talks-to-raise-new-funding-at-6b-valuation/,,2026-10-05T18:52:48.120328+00:00,reported,Valar has raised $450 million — including $340 million in equity and $110 million in debt — at a $2 billion valuation
valar-doe-reactor-pilot-2025,agreement,d92aed237e3d72eebae1422dcd91a89156bb7ec851d5eb319adbd1bf1c0d3730,https://www.energy.gov/articles/department-energy-announces-initial-selections-new-reactor-pilot-program,,2026-10-05T17:59:18.711506+00:00,disclosed,Valar Atomics Inc.
valar-doe-reactor-pilot-2025,announced_on,d92aed237e3d72eebae1422dcd91a89156bb7ec851d5eb319adbd1bf1c0d3730,https://www.energy.gov/articles/department-energy-announces-initial-selections-new-reactor-pilot-program,,2026-10-05T17:59:18.711506+00:00,disclosed,"August 12, 2025"
valar-dow-doe-ward250-transport-2026,agreement,eb730c864989a592f134ec36b71ea0255800a3b97c018b981df0de377057701f,https://www.executivegov.com/articles/dow-doe-valar-atomics-ward-250-nuclear-reactor,,2026-10-05T18:53:19.337312+00:00,reported,The Department of War and the Department of Energy have partnered with Valar Atomics to transport a 5-megawatt nuclear reactor
valar-dow-doe-ward250-transport-2026,announced_on,eb730c864989a592f134ec36b71ea0255800a3b97c018b981df0de377057701f,https://www.executivegov.com/articles/dow-doe-valar-atomics-ward-250-nuclear-reactor,,2026-10-05T18:53:19.337312+00:00,reported,"February 18, 2026"
valar-equity-debt-2026-03,amount,03a891cb44cfc97a2c87cc64bd7f6724c1f430d07cb45de30e5760d4e0c449e4,https://www.bloomberg.com/news/articles/2026-03-31/palmer-luckey-backed-nuclear-startup-valar-lands-2-billion-valuation,,2026-10-05T18:52:54.717766+00:00,reported,That includes $110 million in debt and $340 million in equity
valar-equity-debt-2026-03,announced_on,03a891cb44cfc97a2c87cc64bd7f6724c1f430d07cb45de30e5760d4e0c449e4,https://www.bloomberg.com/news/articles/2026-03-31/palmer-luckey-backed-nuclear-startup-valar-lands-2-billion-valuation,,2026-10-05T18:52:54.717766+00:00,reported,"March 31, 2026"
valar-equity-debt-2026-03,duplicate,a429e41a316ebe329f69b6322f3f1c270f7071962f99c75b706a5f6af08aa109,https://techcrunch.com/2026/07/17/nuclear-startup-valar-atomics-in-talks-to-raise-new-funding-at-6b-valuation/,,2026-10-05T18:52:48.120328+00:00,reported,Part of that capital has been raised previously at a lower valuation
valar-equity-debt-2026-03,duplicate,a429e41a316ebe329f69b6322f3f1c270f7071962f99c75b706a5f6af08aa109,https://techcrunch.com/2026/07/17/nuclear-startup-valar-atomics-in-talks-to-raise-new-funding-at-6b-valuation/,,2026-10-05T18:52:48.120328+00:00,reported,Valar has raised $450 million — including $340 million in equity and $110 million in debt — at a $2 billion valuation
valar-equity-debt-2026-03,round_label,03a891cb44cfc97a2c87cc64bd7f6724c1f430d07cb45de30e5760d4e0c449e4,https://www.bloomberg.com/news/articles/2026-03-31/palmer-luckey-backed-nuclear-startup-valar-lands-2-billion-valuation,,2026-10-05T18:52:54.717766+00:00,reported,has raised fresh capital at a valuation of $2 billion
valar-equity-debt-2026-03,valuation,03a891cb44cfc97a2c87cc64bd7f6724c1f430d07cb45de30e5760d4e0c449e4,https://www.bloomberg.com/news/articles/2026-03-31/palmer-luckey-backed-nuclear-startup-valar-lands-2-billion-valuation,,2026-10-05T18:52:54.717766+00:00,reported,The new valuation includes the dollars raised.
valar-pnri-philippines-2025,agreement,9ec27b1c983f8939c961dceec0abaa5db5e409af3ec012dc30f12fd41600900c,https://techcrunch.com/2025/02/20/valar-atomics-comes-out-of-stealth-with-19m-and-a-pilot-reactor-site/,,2026-10-05T17:58:47.785144+00:00,reported,It has an initial contract with the Philippines Nuclear Research Institute to build a reactor in the country.
valar-pnri-philippines-2025,announced_on,9ec27b1c983f8939c961dceec0abaa5db5e409af3ec012dc30f12fd41600900c,https://techcrunch.com/2025/02/20/valar-atomics-comes-out-of-stealth-with-19m-and-a-pilot-reactor-site/,,2026-10-05T17:58:47.785144+00:00,reported,"February 20, 2025"
valar-seed-2025,amount,9ec27b1c983f8939c961dceec0abaa5db5e409af3ec012dc30f12fd41600900c,https://techcrunch.com/2025/02/20/valar-atomics-comes-out-of-stealth-with-19m-and-a-pilot-reactor-site/,,2026-10-05T17:58:47.785144+00:00,reported,has raised $19 million in a seed funding round
valar-seed-2025,announced_on,9ec27b1c983f8939c961dceec0abaa5db5e409af3ec012dc30f12fd41600900c,https://techcrunch.com/2025/02/20/valar-atomics-comes-out-of-stealth-with-19m-and-a-pilot-reactor-site/,,2026-10-05T17:58:47.785144+00:00,reported,"February 20, 2025"
valar-seed-2025,round_label,9ec27b1c983f8939c961dceec0abaa5db5e409af3ec012dc30f12fd41600900c,https://techcrunch.com/2025/02/20/valar-atomics-comes-out-of-stealth-with-19m-and-a-pilot-reactor-site/,,2026-10-05T17:58:47.785144+00:00,reported,has raised $19 million in a seed funding round
valar-seed-2025:alleycorp,participant,9ec27b1c983f8939c961dceec0abaa5db5e409af3ec012dc30f12fd41600900c,https://techcrunch.com/2025/02/20/valar-atomics-comes-out-of-stealth-with-19m-and-a-pilot-reactor-site/,,2026-10-05T17:58:47.785144+00:00,reported,"The financing was led by Riot Ventures, with AlleyCorp, Initialized Capital, Day One Ventures, and Steel Atlas participating."
valar-seed-2025:day-one-ventures,participant,9ec27b1c983f8939c961dceec0abaa5db5e409af3ec012dc30f12fd41600900c,https://techcrunch.com/2025/02/20/valar-atomics-comes-out-of-stealth-with-19m-and-a-pilot-reactor-site/,,2026-10-05T17:58:47.785144+00:00,reported,"The financing was led by Riot Ventures, with AlleyCorp, Initialized Capital, Day One Ventures, and Steel Atlas participating."
valar-seed-2025:initialized-capital,participant,9ec27b1c983f8939c961dceec0abaa5db5e409af3ec012dc30f12fd41600900c,https://techcrunch.com/2025/02/20/valar-atomics-comes-out-of-stealth-with-19m-and-a-pilot-reactor-site/,,2026-10-05T17:58:47.785144+00:00,reported,"The financing was led by Riot Ventures, with AlleyCorp, Initialized Capital, Day One Ventures, and Steel Atlas participating."
valar-seed-2025:riot-ventures,participant,9ec27b1c983f8939c961dceec0abaa5db5e409af3ec012dc30f12fd41600900c,https://techcrunch.com/2025/02/20/valar-atomics-comes-out-of-stealth-with-19m-and-a-pilot-reactor-site/,,2026-10-05T17:58:47.785144+00:00,reported,"The financing was led by Riot Ventures, with AlleyCorp, Initialized Capital, Day One Ventures, and Steel Atlas participating."
valar-seed-2025:steel-atlas,participant,9ec27b1c983f8939c961dceec0abaa5db5e409af3ec012dc30f12fd41600900c,https://techcrunch.com/2025/02/20/valar-atomics-comes-out-of-stealth-with-19m-and-a-pilot-reactor-site/,,2026-10-05T17:58:47.785144+00:00,reported,"The financing was led by Riot Ventures, with AlleyCorp, Initialized Capital, Day One Ventures, and Steel Atlas participating."
valar-series-a-2025,amount,c05aa85d96bb759ede4e98b590c3edbfb5fb1df98e60f805d251099e68735488,https://www.bloomberg.com/news/articles/2025-11-10/nuclear-startup-backed-by-luckey-lockheed-raises-130-million,,2026-10-05T18:53:13.597891+00:00,reported,are putting $130 million into Valar Atomics
valar-series-a-2025,amount,64426d34beb3b5899ff0875faed4dfc3fd3c36eb5ba5987e4be8e0a9113e3b07,https://www.cnbc.com/2025/11/10/nuclear-startup-valar-atomics-raises-130-million.html,,2026-10-05T17:58:51.433585+00:00,reported,Valar Atomics raised $130 million in its latest funding round
valar-series-a-2025,announced_on,c05aa85d96bb759ede4e98b590c3edbfb5fb1df98e60f805d251099e68735488,https://www.bloomberg.com/news/articles/2025-11-10/nuclear-startup-backed-by-luckey-lockheed-raises-130-million,,2026-10-05T18:53:13.597891+00:00,reported,"November 10, 2025"
valar-series-a-2025,round_label,da6d395bf067898690f9e825fe29a1252b28ad8a7bbc2de2a1a99a58037e351d,https://www.valaratomics.com/docs,,2026-10-05T18:52:57.352105+00:00,disclosed,Valar Atomics Announces $130M Series A
valar-series-a-2025:alumni-ventures,participant,f88b2f2cea8f2ea2fdfc1ea83387b72d447705393717800973c394a06ce763b3,https://www.latimes.com/b2b/banking-finance/story/2025-12-17/valar-atomics-raises-130-million-nuclear-fission,,2026-10-05T20:35:27.041080+00:00,reported,"has closed a $130 million Series A funding round, led by Snowpoint Ventures with co-leads Day One and Dream. Balerion, Contrary, DTX, Alumni, Crosscut, Triplepoint, Palmer Luckey and Shyam Sankar participated"
valar-series-a-2025:balerion,participant,f88b2f2cea8f2ea2fdfc1ea83387b72d447705393717800973c394a06ce763b3,https://www.latimes.com/b2b/banking-finance/story/2025-12-17/valar-atomics-raises-130-million-nuclear-fission,,2026-10-05T20:35:27.041080+00:00,reported,"has closed a $130 million Series A funding round, led by Snowpoint Ventures with co-leads Day One and Dream. Balerion, Contrary, DTX, Alumni, Crosscut, Triplepoint, Palmer Luckey and Shyam Sankar participated"
valar-series-a-2025:contrary,participant,f88b2f2cea8f2ea2fdfc1ea83387b72d447705393717800973c394a06ce763b3,https://www.latimes.com/b2b/banking-finance/story/2025-12-17/valar-atomics-raises-130-million-nuclear-fission,,2026-10-05T20:35:27.041080+00:00,reported,"has closed a $130 million Series A funding round, led by Snowpoint Ventures with co-leads Day One and Dream. Balerion, Contrary, DTX, Alumni, Crosscut, Triplepoint, Palmer Luckey and Shyam Sankar participated"
valar-series-a-2025:crosscut-ventures,participant,f88b2f2cea8f2ea2fdfc1ea83387b72d447705393717800973c394a06ce763b3,https://www.latimes.com/b2b/banking-finance/story/2025-12-17/valar-atomics-raises-130-million-nuclear-fission,,2026-10-05T20:35:27.041080+00:00,reported,"has closed a $130 million Series A funding round, led by Snowpoint Ventures with co-leads Day One and Dream. Balerion, Contrary, DTX, Alumni, Crosscut, Triplepoint, Palmer Luckey and Shyam Sankar participated"
valar-series-a-2025:day-one-ventures,participant,64426d34beb3b5899ff0875faed4dfc3fd3c36eb5ba5987e4be8e0a9113e3b07,https://www.cnbc.com/2025/11/10/nuclear-startup-valar-atomics-raises-130-million.html,,2026-10-05T17:58:51.433585+00:00,reported,"The fundraising was led by venture capital firms Snowpoint Ventures, Day One Ventures and Dream Ventures."
valar-series-a-2025:dream-ventures,participant,64426d34beb3b5899ff0875faed4dfc3fd3c36eb5ba5987e4be8e0a9113e3b07,https://www.cnbc.com/2025/11/10/nuclear-startup-valar-atomics-raises-130-million.html,,2026-10-05T17:58:51.433585+00:00,reported,"The fundraising was led by venture capital firms Snowpoint Ventures, Day One Ventures and Dream Ventures."
valar-series-a-2025:dtx,participant,f88b2f2cea8f2ea2fdfc1ea83387b72d447705393717800973c394a06ce763b3,https://www.latimes.com/b2b/banking-finance/story/2025-12-17/valar-atomics-raises-130-million-nuclear-fission,,2026-10-05T20:35:27.041080+00:00,reported,"has closed a $130 million Series A funding round, led by Snowpoint Ventures with co-leads Day One and Dream. Balerion, Contrary, DTX, Alumni, Crosscut, Triplepoint, Palmer Luckey and Shyam Sankar participated"
valar-series-a-2025:john-donovan,participant,64426d34beb3b5899ff0875faed4dfc3fd3c36eb5ba5987e4be8e0a9113e3b07,https://www.cnbc.com/2025/11/10/nuclear-startup-valar-atomics-raises-130-million.html,,2026-10-05T17:58:51.433585+00:00,reported,board member and former AT&T executive John Donovan also participated
valar-series-a-2025:palmer-luckey,participant,c05aa85d96bb759ede4e98b590c3edbfb5fb1df98e60f805d251099e68735488,https://www.bloomberg.com/news/articles/2025-11-10/nuclear-startup-backed-by-luckey-lockheed-raises-130-million,,2026-10-05T18:53:13.597891+00:00,reported,Anduril Industries Inc. founder Palmer Luckey
valar-series-a-2025:palmer-luckey,participant,64426d34beb3b5899ff0875faed4dfc3fd3c36eb5ba5987e4be8e0a9113e3b07,https://www.cnbc.com/2025/11/10/nuclear-startup-valar-atomics-raises-130-million.html,,2026-10-05T17:58:51.433585+00:00,reported,Valar Atomics raised $130 million with participation from Anduril Industries founder Palmer Luckey and Palantir Chief Technology Officer Shyam Sankar
valar-series-a-2025:shyam-sankar,participant,c05aa85d96bb759ede4e98b590c3edbfb5fb1df98e60f805d251099e68735488,https://www.bloomberg.com/news/articles/2025-11-10/nuclear-startup-backed-by-luckey-lockheed-raises-130-million,,2026-10-05T18:53:13.597891+00:00,reported,Palantir Technology Inc.’s Shyam Sankar and other investors are putting $130 million into Valar Atomics
valar-series-a-2025:shyam-sankar,participant,64426d34beb3b5899ff0875faed4dfc3fd3c36eb5ba5987e4be8e0a9113e3b07,https://www.cnbc.com/2025/11/10/nuclear-startup-valar-atomics-raises-130-million.html,,2026-10-05T17:58:51.433585+00:00,reported,Valar Atomics raised $130 million with participation from Anduril Industries founder Palmer Luckey and Palantir Chief Technology Officer Shyam Sankar
valar-series-a-2025:snowpoint-ventures,participant,64426d34beb3b5899ff0875faed4dfc3fd3c36eb5ba5987e4be8e0a9113e3b07,https://www.cnbc.com/2025/11/10/nuclear-startup-valar-atomics-raises-130-million.html,,2026-10-05T17:58:51.433585+00:00,reported,"The fundraising was led by venture capital firms Snowpoint Ventures, Day One Ventures and Dream Ventures."
valar-series-a-2025:triplepoint,participant,f88b2f2cea8f2ea2fdfc1ea83387b72d447705393717800973c394a06ce763b3,https://www.latimes.com/b2b/banking-finance/story/2025-12-17/valar-atomics-raises-130-million-nuclear-fission,,2026-10-05T20:35:27.041080+00:00,reported,"has closed a $130 million Series A funding round, led by Snowpoint Ventures with co-leads Day One and Dream. Balerion, Contrary, DTX, Alumni, Crosscut, Triplepoint, Palmer Luckey and Shyam Sankar participated"
valar-series-b-2026,amount,4d951ab6bc7b3e8743f9927e2b77d44c384fe74179d6a7783dd6ef757d41ae16,https://techcrunch.com/2026/08/03/sequoias-shaun-maguire-leads-1b-round-for-nuclear-startup-valar-atomics/,,2026-10-05T18:52:07.032762+00:00,reported,the company has raised $1 billion in equity
valar-series-b-2026,amount,7e9664774b6139ff30967c5f1ac3f47033f1ec323097682ca60fee2f83efd33a,https://www.valaratomics.com/docs/Announcing-our-1B-Series-B-Led-By-Sequoia,,2026-10-05T18:52:38.759854+00:00,disclosed,closing of a $1 billion Series B financing led by Sequoia Capital
valar-series-b-2026,announced_on,4d951ab6bc7b3e8743f9927e2b77d44c384fe74179d6a7783dd6ef757d41ae16,https://techcrunch.com/2026/08/03/sequoias-shaun-maguire-leads-1b-round-for-nuclear-startup-valar-atomics/,,2026-10-05T18:52:07.032762+00:00,reported,"August 3, 2026"
valar-series-b-2026,round_label,7e9664774b6139ff30967c5f1ac3f47033f1ec323097682ca60fee2f83efd33a,https://www.valaratomics.com/docs/Announcing-our-1B-Series-B-Led-By-Sequoia,,2026-10-05T18:52:38.759854+00:00,disclosed,closing of a $1 billion Series B financing led by Sequoia Capital
valar-series-b-2026,valuation,4d951ab6bc7b3e8743f9927e2b77d44c384fe74179d6a7783dd6ef757d41ae16,https://techcrunch.com/2026/08/03/sequoias-shaun-maguire-leads-1b-round-for-nuclear-startup-valar-atomics/,,2026-10-05T18:52:07.032762+00:00,reported,Bloomberg reported that it was $6 billion
valar-series-b-2026:apandion-capital,participant,7e9664774b6139ff30967c5f1ac3f47033f1ec323097682ca60fee2f83efd33a,https://www.valaratomics.com/docs/Announcing-our-1B-Series-B-Led-By-Sequoia,,2026-10-05T18:52:38.759854+00:00,disclosed,"Sequoia was joined in this round by Apandion, Atreides Management, Conviction, Dream Ventures, HOF Capital, Point72, Riot Ventures, Snowpoint Ventures, Valor Equity Partners, and other both new and longtime investors."
valar-series-b-2026:atreides-management,participant,7e9664774b6139ff30967c5f1ac3f47033f1ec323097682ca60fee2f83efd33a,https://www.valaratomics.com/docs/Announcing-our-1B-Series-B-Led-By-Sequoia,,2026-10-05T18:52:38.759854+00:00,disclosed,"Sequoia was joined in this round by Apandion, Atreides Management, Conviction, Dream Ventures, HOF Capital, Point72, Riot Ventures, Snowpoint Ventures, Valor Equity Partners, and other both new and longtime investors."
valar-series-b-2026:conviction,participant,7e9664774b6139ff30967c5f1ac3f47033f1ec323097682ca60fee2f83efd33a,https://www.valaratomics.com/docs/Announcing-our-1B-Series-B-Led-By-Sequoia,,2026-10-05T18:52:38.759854+00:00,disclosed,"Sequoia was joined in this round by Apandion, Atreides Management, Conviction, Dream Ventures, HOF Capital, Point72, Riot Ventures, Snowpoint Ventures, Valor Equity Partners, and other both new and longtime investors."
valar-series-b-2026:dream-ventures,participant,7e9664774b6139ff30967c5f1ac3f47033f1ec323097682ca60fee2f83efd33a,https://www.valaratomics.com/docs/Announcing-our-1B-Series-B-Led-By-Sequoia,,2026-10-05T18:52:38.759854+00:00,disclosed,"Sequoia was joined in this round by Apandion, Atreides Management, Conviction, Dream Ventures, HOF Capital, Point72, Riot Ventures, Snowpoint Ventures, Valor Equity Partners, and other both new and longtime investors."
valar-series-b-2026:hof-capital,participant,7e9664774b6139ff30967c5f1ac3f47033f1ec323097682ca60fee2f83efd33a,https://www.valaratomics.com/docs/Announcing-our-1B-Series-B-Led-By-Sequoia,,2026-10-05T18:52:38.759854+00:00,disclosed,"Sequoia was joined in this round by Apandion, Atreides Management, Conviction, Dream Ventures, HOF Capital, Point72, Riot Ventures, Snowpoint Ventures, Valor Equity Partners, and other both new and longtime investors."
valar-series-b-2026:point72-ventures,participant,7e9664774b6139ff30967c5f1ac3f47033f1ec323097682ca60fee2f83efd33a,https://www.valaratomics.com/docs/Announcing-our-1B-Series-B-Led-By-Sequoia,,2026-10-05T18:52:38.759854+00:00,disclosed,"Sequoia was joined in this round by Apandion, Atreides Management, Conviction, Dream Ventures, HOF Capital, Point72, Riot Ventures, Snowpoint Ventures, Valor Equity Partners, and other both new and longtime investors."
valar-series-b-2026:riot-ventures,participant,7e9664774b6139ff30967c5f1ac3f47033f1ec323097682ca60fee2f83efd33a,https://www.valaratomics.com/docs/Announcing-our-1B-Series-B-Led-By-Sequoia,,2026-10-05T18:52:38.759854+00:00,disclosed,"Sequoia was joined in this round by Apandion, Atreides Management, Conviction, Dream Ventures, HOF Capital, Point72, Riot Ventures, Snowpoint Ventures, Valor Equity Partners, and other both new and longtime investors."
valar-series-b-2026:sequoia-capital,participant,7e9664774b6139ff30967c5f1ac3f47033f1ec323097682ca60fee2f83efd33a,https://www.valaratomics.com/docs/Announcing-our-1B-Series-B-Led-By-Sequoia,,2026-10-05T18:52:38.759854+00:00,disclosed,closing of a $1 billion Series B financing led by Sequoia Capital
valar-series-b-2026:snowpoint-ventures,participant,7e9664774b6139ff30967c5f1ac3f47033f1ec323097682ca60fee2f83efd33a,https://www.valaratomics.com/docs/Announcing-our-1B-Series-B-Led-By-Sequoia,,2026-10-05T18:52:38.759854+00:00,disclosed,"Sequoia was joined in this round by Apandion, Atreides Management, Conviction, Dream Ventures, HOF Capital, Point72, Riot Ventures, Snowpoint Ventures, Valor Equity Partners, and other both new and longtime investors."
valar-series-b-2026:valor-equity-partners,participant,7e9664774b6139ff30967c5f1ac3f47033f1ec323097682ca60fee2f83efd33a,https://www.valaratomics.com/docs/Announcing-our-1B-Series-B-Led-By-Sequoia,,2026-10-05T18:52:38.759854+00:00,disclosed,"Sequoia was joined in this round by Apandion, Atreides Management, Conviction, Dream Ventures, HOF Capital, Point72, Riot Ventures, Snowpoint Ventures, Valor Equity Partners, and other both new and longtime investors."
x-energy-c2-convertible-notes-2022-23,amount,db86c83fcbef8023e810745e7dedfcbc8704e21ac346c0f6ef6efef96fc5f87f,https://www.sec.gov/Archives/edgar/data/2088896/000110465926049515/tm2527015-22_424b4.htm,,2026-10-05T17:52:28.012718+00:00,disclosed,the Company issued convertible notes payable in an aggregate principal amount of $113.0 million (“C-2 Notes”)
x-energy-c2-convertible-notes-2022-23,announced_on,db86c83fcbef8023e810745e7dedfcbc8704e21ac346c0f6ef6efef96fc5f87f,https://www.sec.gov/Archives/edgar/data/2088896/000110465926049515/tm2527015-22_424b4.htm,,2026-10-05T17:52:28.012718+00:00,disclosed,"In 2022 and 2023, the Company issued convertible notes payable"
x-energy-c2-convertible-notes-2022-23:ares-management,participant,db86c83fcbef8023e810745e7dedfcbc8704e21ac346c0f6ef6efef96fc5f87f,https://www.sec.gov/Archives/edgar/data/2088896/000110465926049515/tm2527015-22_424b4.htm,,2026-10-05T17:52:28.012718+00:00,disclosed,"$30 million of the C-2 Notes were issued to Ares X-Energy Holdings LP, Ares X-Energy Co-Invest LP and ACIP Investments Pooling LLC"
x-energy-c2-convertible-notes-2022-23:ontario-power-generation,participant,db86c83fcbef8023e810745e7dedfcbc8704e21ac346c0f6ef6efef96fc5f87f,https://www.sec.gov/Archives/edgar/data/2088896/000110465926049515/tm2527015-22_424b4.htm,,2026-10-05T17:52:28.012718+00:00,disclosed,of which $40 million of the C-2 Notes were issued to Ontario Power Generation
x-energy-dow-2023-jda,agreement,4cf83f5aa6d55a086bb24e367815862fcf1e4bc66975772d34e6d26d4b0351b3,https://web.archive.org/web/2/https://x-energy.com/news/dow-increases-total-investment/,https://x-energy.com/news/dow-increases-total-investment/,2026-10-05T20:32:52.538229+00:00,disclosed,"The JDA provides for up to $50 million in engineering work, up to half of which is eligible to be funded through ARDP, and the other half by Dow."
x-energy-dow-2023-jda,announced_on,db86c83fcbef8023e810745e7dedfcbc8704e21ac346c0f6ef6efef96fc5f87f,https://www.sec.gov/Archives/edgar/data/2088896/000110465926049515/tm2527015-22_424b4.htm,,2026-10-05T17:52:28.012718+00:00,disclosed,"In the first quarter of 2023, the Company entered into a joint development agreement with Dow."
x-energy-dow-2025-mpda,agreement,db86c83fcbef8023e810745e7dedfcbc8704e21ac346c0f6ef6efef96fc5f87f,https://www.sec.gov/Archives/edgar/data/2088896/000110465926049515/tm2527015-22_424b4.htm,,2026-10-05T17:52:28.012718+00:00,disclosed,"In the first quarter of 2025, the Company entered into a master project development agreement and a commercial cooperation agreement with Dow."
x-energy-opg-2022-framework,agreement,db86c83fcbef8023e810745e7dedfcbc8704e21ac346c0f6ef6efef96fc5f87f,https://www.sec.gov/Archives/edgar/data/2088896/000110465926049515/tm2527015-22_424b4.htm,,2026-10-05T17:52:28.012718+00:00,disclosed,"In 2022, X-energy and OPG entered into a framework agreement to work exclusively with one another"
x-energy-series-c-2023-12-completion,amount,2670be578489d6be60de8eafe4db655cc0d9a1f09a096bedf971e0cbb8db08a6,https://web.archive.org/web/2/https://x-energy.com/news/x-energy-finalizes-235-million-series-c-financing/,https://x-energy.com/news/x-energy-finalizes-235-million-series-c-financing/,2026-10-05T20:32:35.802544+00:00,disclosed,"completed its Series C financing round with an additional $80 million from Ares Management Corporation and X-energy Founder, Kam Ghaffarian"
x-energy-series-c-2023-12-completion,announced_on,2670be578489d6be60de8eafe4db655cc0d9a1f09a096bedf971e0cbb8db08a6,https://web.archive.org/web/2/https://x-energy.com/news/x-energy-finalizes-235-million-series-c-financing/,https://x-energy.com/news/x-energy-finalizes-235-million-series-c-financing/,2026-10-05T20:32:35.802544+00:00,disclosed,"ROCKVILLE, MD – December 5, 2023"
x-energy-series-c-2023-12-completion,round_label,c4628f6b6d17f89fb5c05a0c5d57a47567b73dc6b8118e165a10389b8e17a615,https://en.wikipedia.org/wiki/X-energy,,2026-10-05T20:32:51.026917+00:00,reported,"In December 2023, the company raised $235 million of investment in a new funding round from existing investors."
x-energy-series-c-2023-12-completion:ares-management,participant,2670be578489d6be60de8eafe4db655cc0d9a1f09a096bedf971e0cbb8db08a6,https://web.archive.org/web/2/https://x-energy.com/news/x-energy-finalizes-235-million-series-c-financing/,https://x-energy.com/news/x-energy-finalizes-235-million-series-c-financing/,2026-10-05T20:32:35.802544+00:00,disclosed,"an additional $80 million from Ares Management Corporation and X-energy Founder, Kam Ghaffarian"
x-energy-series-c-2023-12-completion:curtiss-wright,participant,2670be578489d6be60de8eafe4db655cc0d9a1f09a096bedf971e0cbb8db08a6,https://web.archive.org/web/2/https://x-energy.com/news/x-energy-finalizes-235-million-series-c-financing/,https://x-energy.com/news/x-energy-finalizes-235-million-series-c-financing/,2026-10-05T20:32:35.802544+00:00,disclosed,"Previous investors in the Series C financing round include Ontario Power Generation, Curtiss-Wright Corporation, DL E&C, and Doosan Enerbility."
x-energy-series-c-2023-12-completion:dl-enc,participant,2670be578489d6be60de8eafe4db655cc0d9a1f09a096bedf971e0cbb8db08a6,https://web.archive.org/web/2/https://x-energy.com/news/x-energy-finalizes-235-million-series-c-financing/,https://x-energy.com/news/x-energy-finalizes-235-million-series-c-financing/,2026-10-05T20:32:35.802544+00:00,disclosed,"Previous investors in the Series C financing round include Ontario Power Generation, Curtiss-Wright Corporation, DL E&C, and Doosan Enerbility."
x-energy-series-c-2023-12-completion:doosan-enerbility,participant,2670be578489d6be60de8eafe4db655cc0d9a1f09a096bedf971e0cbb8db08a6,https://web.archive.org/web/2/https://x-energy.com/news/x-energy-finalizes-235-million-series-c-financing/,https://x-energy.com/news/x-energy-finalizes-235-million-series-c-financing/,2026-10-05T20:32:35.802544+00:00,disclosed,"Previous investors in the Series C financing round include Ontario Power Generation, Curtiss-Wright Corporation, DL E&C, and Doosan Enerbility."
x-energy-series-c-2023-12-completion:kam-ghaffarian,participant,2670be578489d6be60de8eafe4db655cc0d9a1f09a096bedf971e0cbb8db08a6,https://web.archive.org/web/2/https://x-energy.com/news/x-energy-finalizes-235-million-series-c-financing/,https://x-energy.com/news/x-energy-finalizes-235-million-series-c-financing/,2026-10-05T20:32:35.802544+00:00,disclosed,"an additional $80 million from Ares Management Corporation and X-energy Founder, Kam Ghaffarian"
x-energy-series-c-2023-12-completion:ontario-power-generation,participant,2670be578489d6be60de8eafe4db655cc0d9a1f09a096bedf971e0cbb8db08a6,https://web.archive.org/web/2/https://x-energy.com/news/x-energy-finalizes-235-million-series-c-financing/,https://x-energy.com/news/x-energy-finalizes-235-million-series-c-financing/,2026-10-05T20:32:35.802544+00:00,disclosed,"Previous investors in the Series C financing round include Ontario Power Generation, Curtiss-Wright Corporation, DL E&C, and Doosan Enerbility."
xcimer-arpae-dear0002030,amount,375f44637445b4dfb8c7bb53fac5e91f985003b580d66eb45b2627afc5781470,https://api.usaspending.gov/api/v2/awards/ASST_NON_DEAR0002030_089/,,2026-10-05T18:52:29.052463+00:00,disclosed,"""total_obligation"": 3571249.0"
xcimer-arpae-dear0002030,announced_on,375f44637445b4dfb8c7bb53fac5e91f985003b580d66eb45b2627afc5781470,https://api.usaspending.gov/api/v2/awards/ASST_NON_DEAR0002030_089/,,2026-10-05T18:52:29.052463+00:00,disclosed,"""date_signed"": ""2025-11-18"""
xcimer-arpae-dear0002030:arpa-e,participant,375f44637445b4dfb8c7bb53fac5e91f985003b580d66eb45b2627afc5781470,https://api.usaspending.gov/api/v2/awards/ASST_NON_DEAR0002030_089/,,2026-10-05T18:52:29.052463+00:00,disclosed,"""total_obligation"": 3571249.0"
xcimer-cumulative-2026-09,amount,fa33bf4f0e7271a0fdd682a527e102a9e8f7a87771d0c7f88ea7629e22cd2fc9,https://xcimer.energy/news/rtx-partners-with-xcimer/,,2026-10-05T18:49:57.837878+00:00,disclosed,Xcimer has raised nearly $200M from top-tier energy and technology investors
xcimer-cumulative-2026-09,announced_on,fa33bf4f0e7271a0fdd682a527e102a9e8f7a87771d0c7f88ea7629e22cd2fc9,https://xcimer.energy/news/rtx-partners-with-xcimer/,,2026-10-05T18:49:57.837878+00:00,disclosed,"(Sept. 10, 2026)"
xcimer-doe-milestone-desc0024890,amount,075ca71d72c8858011d5cba52e3783522aaa9ded85999c6f497fbc1be7da3b55,https://api.usaspending.gov/api/v2/awards/ASST_NON_DESC0024890_089/,,2026-10-05T18:52:21.968717+00:00,disclosed,"""total_obligation"": 39500000.0"
xcimer-doe-milestone-desc0024890,announced_on,075ca71d72c8858011d5cba52e3783522aaa9ded85999c6f497fbc1be7da3b55,https://api.usaspending.gov/api/v2/awards/ASST_NON_DESC0024890_089/,,2026-10-05T18:52:21.968717+00:00,disclosed,"""date_signed"": ""2024-06-04"""
xcimer-doe-milestone-desc0024890-obligated,amount,075ca71d72c8858011d5cba52e3783522aaa9ded85999c6f497fbc1be7da3b55,https://api.usaspending.gov/api/v2/awards/ASST_NON_DESC0024890_089/,,2026-10-05T18:52:21.968717+00:00,disclosed,"""total_account_obligation"": 13500000.0"
xcimer-doe-milestone-desc0024890-obligated,announced_on,075ca71d72c8858011d5cba52e3783522aaa9ded85999c6f497fbc1be7da3b55,https://api.usaspending.gov/api/v2/awards/ASST_NON_DESC0024890_089/,,2026-10-05T18:52:21.968717+00:00,disclosed,"""date_signed"": ""2024-06-04"""
xcimer-doe-milestone-desc0024890-obligated,disbursed_usd,075ca71d72c8858011d5cba52e3783522aaa9ded85999c6f497fbc1be7da3b55,https://api.usaspending.gov/api/v2/awards/ASST_NON_DESC0024890_089/,,2026-10-05T18:52:21.968717+00:00,disclosed,"""total_account_outlay"": 8500000.0"
xcimer-doe-milestone-desc0024890-obligated:doe-fes,participant,075ca71d72c8858011d5cba52e3783522aaa9ded85999c6f497fbc1be7da3b55,https://api.usaspending.gov/api/v2/awards/ASST_NON_DESC0024890_089/,,2026-10-05T18:52:21.968717+00:00,disclosed,"""total_account_obligation"": 13500000.0"
xcimer-doe-milestone-desc0024890:doe-fes,participant,075ca71d72c8858011d5cba52e3783522aaa9ded85999c6f497fbc1be7da3b55,https://api.usaspending.gov/api/v2/awards/ASST_NON_DESC0024890_089/,,2026-10-05T18:52:21.968717+00:00,disclosed,"""total_obligation"": 39500000.0"
xcimer-rtx-2026,amount,9d6edcacabc38b461395c12fbaa92915417a103428a5b75ad44f67a7ed14abd6,https://www.finsmes.com/2026/09/xcimer-energy-receives-investment-from-rtx-ventures.html,,2026-10-05T18:49:46.678799+00:00,reported,The amount of the deal was not disclosed.
xcimer-rtx-2026,announced_on,fa33bf4f0e7271a0fdd682a527e102a9e8f7a87771d0c7f88ea7629e22cd2fc9,https://xcimer.energy/news/rtx-partners-with-xcimer/,,2026-10-05T18:49:57.837878+00:00,disclosed,"(Sept. 10, 2026)"
xcimer-rtx-2026,round_label,fa33bf4f0e7271a0fdd682a527e102a9e8f7a87771d0c7f88ea7629e22cd2fc9,https://xcimer.energy/news/rtx-partners-with-xcimer/,,2026-10-05T18:49:57.837878+00:00,disclosed,"RTX Ventures, the venture capital arm of RTX , has made a minority investment in laser fusion company"
xcimer-rtx-2026:rtx-ventures,participant,fa33bf4f0e7271a0fdd682a527e102a9e8f7a87771d0c7f88ea7629e22cd2fc9,https://xcimer.energy/news/rtx-partners-with-xcimer/,,2026-10-05T18:49:57.837878+00:00,disclosed,"RTX Ventures, the venture capital arm of RTX , has made a minority investment in laser fusion company"
xcimer-rtx-teaming-2026,agreement,fa33bf4f0e7271a0fdd682a527e102a9e8f7a87771d0c7f88ea7629e22cd2fc9,https://xcimer.energy/news/rtx-partners-with-xcimer/,,2026-10-05T18:49:57.837878+00:00,disclosed,RTX and Xcimer have signed a teaming agreement to explore the integration and containerization
xcimer-safe-2022-form-d,amount,83765b0e79ba282c195ba4594fa655be42cb248e06a57800efb65c9403409374,https://www.sec.gov/Archives/edgar/data/1916136/000191613622000006/primary_doc.xml,,2026-10-05T17:55:17.168913+00:00,disclosed,"10000000 365000 9635000 Up to $10,000,000 in SAFEs and underlying shares of preferred stock upon conversion"
xcimer-safe-2022-form-d,announced_on,83765b0e79ba282c195ba4594fa655be42cb248e06a57800efb65c9403409374,https://www.sec.gov/Archives/edgar/data/1916136/000191613622000006/primary_doc.xml,,2026-10-05T17:55:17.168913+00:00,disclosed,Conner Galloway CEO 2022-11-01
xcimer-safe-2022-form-d,round_label,83765b0e79ba282c195ba4594fa655be42cb248e06a57800efb65c9403409374,https://www.sec.gov/Archives/edgar/data/1916136/000191613622000006/primary_doc.xml,,2026-10-05T17:55:17.168913+00:00,disclosed,"Up to $10,000,000 in SAFEs and underlying shares of preferred stock upon conversion"
xcimer-seed-2022-form-d,amount,9e61bbd2590b25aeb96016d10fbdfb2161a5775f4d0db2c627ef0e2bb4def2c2,https://www.sec.gov/Archives/edgar/data/1916136/000191613622000001/primary_doc.xml,,2026-10-05T20:33:45.689549+00:00,disclosed,"2500058 875000 1625058 Up to 1,320,755 shares of Series Seed Preferred Stock and underlying Common Stock upon conversion."
xcimer-seed-2022-form-d,announced_on,9e61bbd2590b25aeb96016d10fbdfb2161a5775f4d0db2c627ef0e2bb4def2c2,https://www.sec.gov/Archives/edgar/data/1916136/000191613622000001/primary_doc.xml,,2026-10-05T20:33:45.689549+00:00,disclosed,Conner Galloway CEO 2022-03-30
xcimer-seed-2022-form-d,round_label,9e61bbd2590b25aeb96016d10fbdfb2161a5775f4d0db2c627ef0e2bb4def2c2,https://www.sec.gov/Archives/edgar/data/1916136/000191613622000001/primary_doc.xml,,2026-10-05T20:33:45.689549+00:00,disclosed,Series Seed Preferred Stock
xcimer-series-a-2024,amount,2e030dbe404e95ce54b640734c1e9a18a86ce40f19dc3bc6e1928aba21abfb96,https://xcimer.energy/news/100-million-raised-to-advance-inertial-fusion-energy-toward-commercialization/,,2026-10-05T18:49:20.003288+00:00,disclosed,raised $100 million in Series A financing led by Hedosophia
xcimer-series-a-2024,announced_on,2e030dbe404e95ce54b640734c1e9a18a86ce40f19dc3bc6e1928aba21abfb96,https://xcimer.energy/news/100-million-raised-to-advance-inertial-fusion-energy-toward-commercialization/,,2026-10-05T18:49:20.003288+00:00,disclosed,"June 4, 2024"
xcimer-series-a-2024,round_label,2e030dbe404e95ce54b640734c1e9a18a86ce40f19dc3bc6e1928aba21abfb96,https://xcimer.energy/news/100-million-raised-to-advance-inertial-fusion-energy-toward-commercialization/,,2026-10-05T18:49:20.003288+00:00,disclosed,raised $100 million in Series A financing led by Hedosophia
xcimer-series-a-2024:breakthrough-energy-ventures,participant,2e030dbe404e95ce54b640734c1e9a18a86ce40f19dc3bc6e1928aba21abfb96,https://xcimer.energy/news/100-million-raised-to-advance-inertial-fusion-energy-toward-commercialization/,,2026-10-05T18:49:20.003288+00:00,disclosed,"with participation from investors including Breakthrough Energy Ventures, Lowercarbon Capital, Prelude Ventures, Emerson Collective, Gigascale Capital and Starlight Ventures"
xcimer-series-a-2024:emerson-collective,participant,2e030dbe404e95ce54b640734c1e9a18a86ce40f19dc3bc6e1928aba21abfb96,https://xcimer.energy/news/100-million-raised-to-advance-inertial-fusion-energy-toward-commercialization/,,2026-10-05T18:49:20.003288+00:00,disclosed,"with participation from investors including Breakthrough Energy Ventures, Lowercarbon Capital, Prelude Ventures, Emerson Collective, Gigascale Capital and Starlight Ventures"
xcimer-series-a-2024:gigascale-capital,participant,2e030dbe404e95ce54b640734c1e9a18a86ce40f19dc3bc6e1928aba21abfb96,https://xcimer.energy/news/100-million-raised-to-advance-inertial-fusion-energy-toward-commercialization/,,2026-10-05T18:49:20.003288+00:00,disclosed,"with participation from investors including Breakthrough Energy Ventures, Lowercarbon Capital, Prelude Ventures, Emerson Collective, Gigascale Capital and Starlight Ventures"
xcimer-series-a-2024:hedosophia,participant,2e030dbe404e95ce54b640734c1e9a18a86ce40f19dc3bc6e1928aba21abfb96,https://xcimer.energy/news/100-million-raised-to-advance-inertial-fusion-energy-toward-commercialization/,,2026-10-05T18:49:20.003288+00:00,disclosed,raised $100 million in Series A financing led by Hedosophia
xcimer-series-a-2024:lowercarbon-capital,participant,2e030dbe404e95ce54b640734c1e9a18a86ce40f19dc3bc6e1928aba21abfb96,https://xcimer.energy/news/100-million-raised-to-advance-inertial-fusion-energy-toward-commercialization/,,2026-10-05T18:49:20.003288+00:00,disclosed,"with participation from investors including Breakthrough Energy Ventures, Lowercarbon Capital, Prelude Ventures, Emerson Collective, Gigascale Capital and Starlight Ventures"
xcimer-series-a-2024:prelude-ventures,participant,2e030dbe404e95ce54b640734c1e9a18a86ce40f19dc3bc6e1928aba21abfb96,https://xcimer.energy/news/100-million-raised-to-advance-inertial-fusion-energy-toward-commercialization/,,2026-10-05T18:49:20.003288+00:00,disclosed,"with participation from investors including Breakthrough Energy Ventures, Lowercarbon Capital, Prelude Ventures, Emerson Collective, Gigascale Capital and Starlight Ventures"
xcimer-series-a-2024:starlight-ventures,participant,2e030dbe404e95ce54b640734c1e9a18a86ce40f19dc3bc6e1928aba21abfb96,https://xcimer.energy/news/100-million-raised-to-advance-inertial-fusion-energy-toward-commercialization/,,2026-10-05T18:49:20.003288+00:00,disclosed,"with participation from investors including Breakthrough Energy Ventures, Lowercarbon Capital, Prelude Ventures, Emerson Collective, Gigascale Capital and Starlight Ventures"
zap-arpae-bethe,amount,541c9d053c1aa1be4f99879ad9b0d4e9026a5a46d142c80ac83f6a2c188e20a5,https://arpa-e.energy.gov/JSONAPI/custom/index/project?page%5Boffset%5D=450&page%5Blimit%5D=50,,2026-10-05T18:02:26.500243+00:00,disclosed,"""award"":""1,000,000"",""release_date"":""Nov 07 2019"",""location"":""Seattle, WA"""
zap-arpae-bethe,amount_corroboration,b623232ae08b7696d78adfb532548e6bb5bc2f179044f5104a8cc7d84812ca44,https://api.usaspending.gov/api/v2/search/spending_by_award/,,2026-10-05T17:53:38.657062+00:00,disclosed,"""Award ID"":""DEAR0001260"",""Recipient Name"":""ZAP ENERGY INC"",""Recipient UEI"":""PAJUZGUV4YL3"",""Award Amount"":999189.16,""Total Outlays"":537961.64"
zap-arpae-bethe,announced_on,541c9d053c1aa1be4f99879ad9b0d4e9026a5a46d142c80ac83f6a2c188e20a5,https://arpa-e.energy.gov/JSONAPI/custom/index/project?page%5Boffset%5D=450&page%5Blimit%5D=50,,2026-10-05T18:02:26.500243+00:00,disclosed,"""award"":""1,000,000"",""release_date"":""Nov 07 2019"",""location"":""Seattle, WA"""
zap-arpae-bethe,program,541c9d053c1aa1be4f99879ad9b0d4e9026a5a46d142c80ac83f6a2c188e20a5,https://arpa-e.energy.gov/JSONAPI/custom/index/project?page%5Boffset%5D=450&page%5Blimit%5D=50,,2026-10-05T18:02:26.500243+00:00,disclosed,"""title"":""BETHE"",""alias"":""bethe"""
zap-arpae-bethe:arpa-e,participant,541c9d053c1aa1be4f99879ad9b0d4e9026a5a46d142c80ac83f6a2c188e20a5,https://arpa-e.energy.gov/JSONAPI/custom/index/project?page%5Boffset%5D=450&page%5Blimit%5D=50,,2026-10-05T18:02:26.500243+00:00,disclosed,"""title"":""BETHE"",""alias"":""bethe"""
zap-arpae-open2018,amount,0ef149feafbb5ed2245353022fd6c70aca87d6b3387f8c09063088c196e01506,https://arpa-e.energy.gov/JSONAPI/custom/index/project?page%5Boffset%5D=650&page%5Blimit%5D=50,,2026-10-05T18:03:12.210014+00:00,disclosed,"""award"":""6,767,334"",""release_date"":""Dec 13 2017"",""location"":""Seattle, WA"""
zap-arpae-open2018,amount_corroboration,b623232ae08b7696d78adfb532548e6bb5bc2f179044f5104a8cc7d84812ca44,https://api.usaspending.gov/api/v2/search/spending_by_award/,,2026-10-05T17:53:38.657062+00:00,disclosed,"""Award ID"":""DEAR0001010"",""Recipient Name"":""ZAP ENERGY INC"",""Recipient UEI"":""PAJUZGUV4YL3"",""Award Amount"":6767334.0,""Total Outlays"":4092066.87"
zap-arpae-open2018,announced_on,0ef149feafbb5ed2245353022fd6c70aca87d6b3387f8c09063088c196e01506,https://arpa-e.energy.gov/JSONAPI/custom/index/project?page%5Boffset%5D=650&page%5Blimit%5D=50,,2026-10-05T18:03:12.210014+00:00,disclosed,"""award"":""6,767,334"",""release_date"":""Dec 13 2017"",""location"":""Seattle, WA"""
zap-arpae-open2018,program,0ef149feafbb5ed2245353022fd6c70aca87d6b3387f8c09063088c196e01506,https://arpa-e.energy.gov/JSONAPI/custom/index/project?page%5Boffset%5D=650&page%5Blimit%5D=50,,2026-10-05T18:03:12.210014+00:00,disclosed,"""title"":""OPEN 2018"",""alias"":""open-2018"""
zap-arpae-open2018:arpa-e,participant,0ef149feafbb5ed2245353022fd6c70aca87d6b3387f8c09063088c196e01506,https://arpa-e.energy.gov/JSONAPI/custom/index/project?page%5Boffset%5D=650&page%5Blimit%5D=50,,2026-10-05T18:03:12.210014+00:00,disclosed,"""title"":""OPEN 2018"",""alias"":""open-2018"""
zap-cumulative-2024-10,amount,7cf02d97b61e0de3d0ca014bec985d189c644eeab6bb794156d394d8f28a7308,https://www.zapenergy.com/updates/2024/10/zap-energy-attracts-130m-in-fresh-capital-as-demo-power-plant-system-begins-operations-and-aims-for-first-milestone,,2026-10-05T18:49:45.584637+00:00,disclosed,total funding that now surpasses $330M
zap-cumulative-2024-10,announced_on,7cf02d97b61e0de3d0ca014bec985d189c644eeab6bb794156d394d8f28a7308,https://www.zapenergy.com/updates/2024/10/zap-energy-attracts-130m-in-fresh-capital-as-demo-power-plant-system-begins-operations-and-aims-for-first-milestone,,2026-10-05T18:49:45.584637+00:00,disclosed,Date 9 October 2024
zap-doe-milestone-2023,amount,75724c2244f1bb02b9d11ad4c1747b2fac7f3bfbd0b29517a5ae31da8d5d8053,https://www.zapenergy.com/updates/2023/05/doe-award-to-zap-energy-for-fusion-pilot-plant-design,,2026-10-05T18:49:54.480471+00:00,disclosed,The award of $5 million in federal funding will contribute to the development of a pilot plant
zap-doe-milestone-2023,announced_on,75724c2244f1bb02b9d11ad4c1747b2fac7f3bfbd0b29517a5ae31da8d5d8053,https://www.zapenergy.com/updates/2023/05/doe-award-to-zap-energy-for-fusion-pilot-plant-design,,2026-10-05T18:49:54.480471+00:00,disclosed,Date 31 May 2023
zap-doe-milestone-2023,program,69b6dcec82c9dff9e92b6cb0b2745b6c2fd638b087c2a924c6554ee30662f301,https://www.energy.gov/articles/us-department-energy-announces-selectees-107-million-fusion-innovation-research-engine,,2026-10-05T17:59:15.755855+00:00,disclosed,"The other Milestone awardees are Commonwealth Fusion Systems, Tokamak Energy, Type One Energy, Xcimer Energy, and Zap Energy"
zap-doe-milestone-2023:doe-fes,participant,75724c2244f1bb02b9d11ad4c1747b2fac7f3bfbd0b29517a5ae31da8d5d8053,https://www.zapenergy.com/updates/2023/05/doe-award-to-zap-energy-for-fusion-pilot-plant-design,,2026-10-05T18:49:54.480471+00:00,disclosed,Zap Energy was selected by the U.S. Department of Energy (DOE) today for support of the conceptual design of a fusion pilot plant
zap-series-a-2020,amount,37c980c24725ae9bc9a78ef646ba7c75d45dd22066ac1bd3055d2fe3ed9ec97f,https://www.zapenergy.com/updates/2021/05/zap-raises-series-b-to-advance-reactor-technology,,2026-10-05T18:49:50.264146+00:00,disclosed,The new financing comes just nine months after closing a $6.5 million Series A funding round
zap-series-a-2020,announced_on,f9412a78f189425a3b623a2deb4a87a12f6a8db955ab7cc7fbd8b30063550253,https://web.archive.org/web/2/https://www.chevron.com/stories/chevron-invests-in-nuclear-fusion-start-up,https://www.chevron.com/stories/chevron-invests-in-nuclear-fusion-start-up,2026-10-05T18:58:59.942770+00:00,disclosed,"Houston, Texas, August 12, 2020 — Chevron Corporation (NYSE: CVX) today announced a Series A investment in Zap Energy Inc."
zap-series-a-2020,round_label,f9412a78f189425a3b623a2deb4a87a12f6a8db955ab7cc7fbd8b30063550253,https://web.archive.org/web/2/https://www.chevron.com/stories/chevron-invests-in-nuclear-fusion-start-up,https://www.chevron.com/stories/chevron-invests-in-nuclear-fusion-start-up,2026-10-05T18:58:59.942770+00:00,disclosed,today announced a Series A investment in Zap Energy Inc.
zap-series-a-2020:chevron-technology-ventures,participant,f9412a78f189425a3b623a2deb4a87a12f6a8db955ab7cc7fbd8b30063550253,https://web.archive.org/web/2/https://www.chevron.com/stories/chevron-invests-in-nuclear-fusion-start-up,https://www.chevron.com/stories/chevron-invests-in-nuclear-fusion-start-up,2026-10-05T18:58:59.942770+00:00,disclosed,Chevron Technology Ventures’ investment in fusion is an opportunity
zap-series-b-2021,amount,37c980c24725ae9bc9a78ef646ba7c75d45dd22066ac1bd3055d2fe3ed9ec97f,https://www.zapenergy.com/updates/2021/05/zap-raises-series-b-to-advance-reactor-technology,,2026-10-05T18:49:50.264146+00:00,disclosed,today announced that it has raised $27.5 million in Series B funding
zap-series-b-2021,amount_corroboration,ae6d88f19ef75887071292de1ddf58a2b09dcd11506b67c322066464b1f7f2f6,https://www.sec.gov/Archives/edgar/data/1714402/000171440221000002/primary_doc.xml,https://www.sec.gov/Archives/edgar/data/1714402/000171440221000002/primary_doc.xml,2026-10-05T17:51:05.608875+00:00,disclosed,2021-04-20 false true false 0 27500000 25249943 2250057
zap-series-b-2021,announced_on,37c980c24725ae9bc9a78ef646ba7c75d45dd22066ac1bd3055d2fe3ed9ec97f,https://www.zapenergy.com/updates/2021/05/zap-raises-series-b-to-advance-reactor-technology,,2026-10-05T18:49:50.264146+00:00,disclosed,Date 18 May 2021
zap-series-b-2021,round_label,37c980c24725ae9bc9a78ef646ba7c75d45dd22066ac1bd3055d2fe3ed9ec97f,https://www.zapenergy.com/updates/2021/05/zap-raises-series-b-to-advance-reactor-technology,,2026-10-05T18:49:50.264146+00:00,disclosed,announced that it has raised $27.5 million in Series B funding
zap-series-b-2021,use_of_proceeds,37c980c24725ae9bc9a78ef646ba7c75d45dd22066ac1bd3055d2fe3ed9ec97f,https://www.zapenergy.com/updates/2021/05/zap-raises-series-b-to-advance-reactor-technology,,2026-10-05T18:49:50.264146+00:00,disclosed,Zap Energy will use this latest funding round to advance key technologies relating to their fusion reactor.
zap-series-b-2021:addition,participant,37c980c24725ae9bc9a78ef646ba7c75d45dd22066ac1bd3055d2fe3ed9ec97f,https://www.zapenergy.com/updates/2021/05/zap-raises-series-b-to-advance-reactor-technology,,2026-10-05T18:49:50.264146+00:00,disclosed,"The round was led by Addition, with participation from Energy Impact Partners, GA Capital and Fourth Realm"
zap-series-b-2021:chevron-technology-ventures,participant,37c980c24725ae9bc9a78ef646ba7c75d45dd22066ac1bd3055d2fe3ed9ec97f,https://www.zapenergy.com/updates/2021/05/zap-raises-series-b-to-advance-reactor-technology,,2026-10-05T18:49:50.264146+00:00,disclosed,as well as existing investors Chevron Technology Ventures and LowerCarbon Capital
zap-series-b-2021:energy-impact-partners,participant,37c980c24725ae9bc9a78ef646ba7c75d45dd22066ac1bd3055d2fe3ed9ec97f,https://www.zapenergy.com/updates/2021/05/zap-raises-series-b-to-advance-reactor-technology,,2026-10-05T18:49:50.264146+00:00,disclosed,"with participation from Energy Impact Partners, GA Capital and Fourth Realm"
zap-series-b-2021:fourth-realm,participant,37c980c24725ae9bc9a78ef646ba7c75d45dd22066ac1bd3055d2fe3ed9ec97f,https://www.zapenergy.com/updates/2021/05/zap-raises-series-b-to-advance-reactor-technology,,2026-10-05T18:49:50.264146+00:00,disclosed,"with participation from Energy Impact Partners, GA Capital and Fourth Realm"
zap-series-b-2021:ga-capital,participant,37c980c24725ae9bc9a78ef646ba7c75d45dd22066ac1bd3055d2fe3ed9ec97f,https://www.zapenergy.com/updates/2021/05/zap-raises-series-b-to-advance-reactor-technology,,2026-10-05T18:49:50.264146+00:00,disclosed,"with participation from Energy Impact Partners, GA Capital and Fourth Realm"
zap-series-b-2021:lowercarbon-capital,participant,37c980c24725ae9bc9a78ef646ba7c75d45dd22066ac1bd3055d2fe3ed9ec97f,https://www.zapenergy.com/updates/2021/05/zap-raises-series-b-to-advance-reactor-technology,,2026-10-05T18:49:50.264146+00:00,disclosed,as well as existing investors Chevron Technology Ventures and LowerCarbon Capital
zap-series-c-2022,amount,0a9064d320ce5d47d19a76b59c2c121e479b0bd0a17fec4951cd1d351f7f355a,https://web.archive.org/web/20221201151715/https://www.zapenergy.com/news/first-plasmas-fuzeq-series-c,https://web.archive.org/web/20221201151715/https://www.zapenergy.com/news/first-plasmas-fuzeq-series-c,2026-10-05T18:56:46.385770+00:00,disclosed,the company is also announcing the close of $160 million in Series C funding
zap-series-c-2022,amount_corroboration,b9dfa7738662cd23e5b41478068f835e814291a9aa5840112f5734571f9b4586,https://techcrunch.com/2022/06/22/zap-energy-nets-160m-series-c-to-advance-its-lightning-in-a-bottle-fusion-tech/,,2026-10-05T18:02:16.962595+00:00,reported,a $160 million Series C round and a successful test of a prototype fusion reactor
zap-series-c-2022,amount_corroboration,ee58b565e03144efdbdffbb0d3974aedd13fd82bfbf3a8331e8e9b23e11578c2,https://www.sec.gov/Archives/edgar/data/1714402/000171440222000002/primary_doc.xml,https://www.sec.gov/Archives/edgar/data/1714402/000171440222000002/primary_doc.xml,2026-10-05T17:51:02.851761+00:00,disclosed,2022-05-24 false true false 0 162610820 162610820 0
zap-series-c-2022,announced_on,0a9064d320ce5d47d19a76b59c2c121e479b0bd0a17fec4951cd1d351f7f355a,https://web.archive.org/web/20221201151715/https://www.zapenergy.com/news/first-plasmas-fuzeq-series-c,https://web.archive.org/web/20221201151715/https://www.zapenergy.com/news/first-plasmas-fuzeq-series-c,2026-10-05T18:56:46.385770+00:00,disclosed,"Press release / June 22, 2022"
zap-series-c-2022,round_label,0a9064d320ce5d47d19a76b59c2c121e479b0bd0a17fec4951cd1d351f7f355a,https://web.archive.org/web/20221201151715/https://www.zapenergy.com/news/first-plasmas-fuzeq-series-c,https://web.archive.org/web/20221201151715/https://www.zapenergy.com/news/first-plasmas-fuzeq-series-c,2026-10-05T18:56:46.385770+00:00,disclosed,$160 million in Series C funding mark major milestones for Zap Energy
zap-series-c-2022:addition,participant,0a9064d320ce5d47d19a76b59c2c121e479b0bd0a17fec4951cd1d351f7f355a,https://web.archive.org/web/20221201151715/https://www.zapenergy.com/news/first-plasmas-fuzeq-series-c,https://web.archive.org/web/20221201151715/https://www.zapenergy.com/news/first-plasmas-fuzeq-series-c,2026-10-05T18:56:46.385770+00:00,disclosed,"Existing ﬁnancial and strategic investors who have backed the new raise include Addition , Energy Impact Partners (EIP) and Chevron Technology Ventures"
zap-series-c-2022:breakthrough-energy-ventures,participant,0a9064d320ce5d47d19a76b59c2c121e479b0bd0a17fec4951cd1d351f7f355a,https://web.archive.org/web/20221201151715/https://www.zapenergy.com/news/first-plasmas-fuzeq-series-c,https://web.archive.org/web/20221201151715/https://www.zapenergy.com/news/first-plasmas-fuzeq-series-c,2026-10-05T18:56:46.385770+00:00,disclosed,"a new set of investors that includes Breakthrough Energy Ventures , Shell Ventures , DCVC and Valor Equity Partners"
zap-series-c-2022:chevron-technology-ventures,participant,0a9064d320ce5d47d19a76b59c2c121e479b0bd0a17fec4951cd1d351f7f355a,https://web.archive.org/web/20221201151715/https://www.zapenergy.com/news/first-plasmas-fuzeq-series-c,https://web.archive.org/web/20221201151715/https://www.zapenergy.com/news/first-plasmas-fuzeq-series-c,2026-10-05T18:56:46.385770+00:00,disclosed,"Existing ﬁnancial and strategic investors who have backed the new raise include Addition , Energy Impact Partners (EIP) and Chevron Technology Ventures"
zap-series-c-2022:dcvc,participant,0a9064d320ce5d47d19a76b59c2c121e479b0bd0a17fec4951cd1d351f7f355a,https://web.archive.org/web/20221201151715/https://www.zapenergy.com/news/first-plasmas-fuzeq-series-c,https://web.archive.org/web/20221201151715/https://www.zapenergy.com/news/first-plasmas-fuzeq-series-c,2026-10-05T18:56:46.385770+00:00,disclosed,"a new set of investors that includes Breakthrough Energy Ventures , Shell Ventures , DCVC and Valor Equity Partners"
zap-series-c-2022:energy-impact-partners,participant,0a9064d320ce5d47d19a76b59c2c121e479b0bd0a17fec4951cd1d351f7f355a,https://web.archive.org/web/20221201151715/https://www.zapenergy.com/news/first-plasmas-fuzeq-series-c,https://web.archive.org/web/20221201151715/https://www.zapenergy.com/news/first-plasmas-fuzeq-series-c,2026-10-05T18:56:46.385770+00:00,disclosed,"Existing ﬁnancial and strategic investors who have backed the new raise include Addition , Energy Impact Partners (EIP) and Chevron Technology Ventures"
zap-series-c-2022:lowercarbon-capital,participant,0a9064d320ce5d47d19a76b59c2c121e479b0bd0a17fec4951cd1d351f7f355a,https://web.archive.org/web/20221201151715/https://www.zapenergy.com/news/first-plasmas-fuzeq-series-c,https://web.archive.org/web/20221201151715/https://www.zapenergy.com/news/first-plasmas-fuzeq-series-c,2026-10-05T18:56:46.385770+00:00,disclosed,Zap Energy’s oversubscribed $160 million Series C funding round was led by Lowercarbon Capital
zap-series-c-2022:shell-ventures,participant,0a9064d320ce5d47d19a76b59c2c121e479b0bd0a17fec4951cd1d351f7f355a,https://web.archive.org/web/20221201151715/https://www.zapenergy.com/news/first-plasmas-fuzeq-series-c,https://web.archive.org/web/20221201151715/https://www.zapenergy.com/news/first-plasmas-fuzeq-series-c,2026-10-05T18:56:46.385770+00:00,disclosed,"a new set of investors that includes Breakthrough Energy Ventures , Shell Ventures , DCVC and Valor Equity Partners"
zap-series-c-2022:valor-equity-partners,participant,0a9064d320ce5d47d19a76b59c2c121e479b0bd0a17fec4951cd1d351f7f355a,https://web.archive.org/web/20221201151715/https://www.zapenergy.com/news/first-plasmas-fuzeq-series-c,https://web.archive.org/web/20221201151715/https://www.zapenergy.com/news/first-plasmas-fuzeq-series-c,2026-10-05T18:56:46.385770+00:00,disclosed,"a new set of investors that includes Breakthrough Energy Ventures , Shell Ventures , DCVC and Valor Equity Partners"
zap-series-d-2024,amount,7cf02d97b61e0de3d0ca014bec985d189c644eeab6bb794156d394d8f28a7308,https://www.zapenergy.com/updates/2024/10/zap-energy-attracts-130m-in-fresh-capital-as-demo-power-plant-system-begins-operations-and-aims-for-first-milestone,,2026-10-05T18:49:45.584637+00:00,disclosed,closed $130 million of fresh capital
zap-series-d-2024,amount_corroboration,609ac645f0fe06d2825da861a77b9db28fb5749cab4cfc4faa7854e11c10456a,https://www.sec.gov/Archives/edgar/data/1714402/000171440224000001/primary_doc.xml,https://www.sec.gov/Archives/edgar/data/1714402/000171440224000001/primary_doc.xml,2026-10-05T17:51:01.453633+00:00,disclosed,2024-07-15 false true false 0 129997713 129997713 0
zap-series-d-2024,announced_on,7cf02d97b61e0de3d0ca014bec985d189c644eeab6bb794156d394d8f28a7308,https://www.zapenergy.com/updates/2024/10/zap-energy-attracts-130m-in-fresh-capital-as-demo-power-plant-system-begins-operations-and-aims-for-first-milestone,,2026-10-05T18:49:45.584637+00:00,disclosed,Date 9 October 2024
zap-series-d-2024,round_label,7cf02d97b61e0de3d0ca014bec985d189c644eeab6bb794156d394d8f28a7308,https://www.zapenergy.com/updates/2024/10/zap-energy-attracts-130m-in-fresh-capital-as-demo-power-plant-system-begins-operations-and-aims-for-first-milestone,,2026-10-05T18:49:45.584637+00:00,disclosed,Zap’s $130 million Series D was led by Soros Fund Management LLC
zap-series-d-2024,use_of_proceeds,7cf02d97b61e0de3d0ca014bec985d189c644eeab6bb794156d394d8f28a7308,https://www.zapenergy.com/updates/2024/10/zap-energy-attracts-130m-in-fresh-capital-as-demo-power-plant-system-begins-operations-and-aims-for-first-milestone,,2026-10-05T18:49:45.584637+00:00,disclosed,The new funding will be used to continue parallel development of both plasma R&D and systems-level plant engineering and integration
zap-series-d-2024:addition,participant,7cf02d97b61e0de3d0ca014bec985d189c644eeab6bb794156d394d8f28a7308,https://www.zapenergy.com/updates/2024/10/zap-energy-attracts-130m-in-fresh-capital-as-demo-power-plant-system-begins-operations-and-aims-for-first-milestone,,2026-10-05T18:49:45.584637+00:00,disclosed,"Current investors participating in the new round include Addition, Breakthrough Energy Ventures, Chevron Technology Ventures, DCVC, Energy Impact Partners, Lowercarbon Capital and Shell Ventures."
zap-series-d-2024:bam-elevate,participant,7cf02d97b61e0de3d0ca014bec985d189c644eeab6bb794156d394d8f28a7308,https://www.zapenergy.com/updates/2024/10/zap-energy-attracts-130m-in-fresh-capital-as-demo-power-plant-system-begins-operations-and-aims-for-first-milestone,,2026-10-05T18:49:45.584637+00:00,disclosed,"Zap’s $130 million Series D was led by Soros Fund Management LLC, with participation by new investors that include BAM Elevate, Emerson Collective, Leitmotif, Mizuho Financial Group, Plynth Energy and Xplor Ventures."
zap-series-d-2024:breakthrough-energy-ventures,participant,7cf02d97b61e0de3d0ca014bec985d189c644eeab6bb794156d394d8f28a7308,https://www.zapenergy.com/updates/2024/10/zap-energy-attracts-130m-in-fresh-capital-as-demo-power-plant-system-begins-operations-and-aims-for-first-milestone,,2026-10-05T18:49:45.584637+00:00,disclosed,"Current investors participating in the new round include Addition, Breakthrough Energy Ventures, Chevron Technology Ventures, DCVC, Energy Impact Partners, Lowercarbon Capital and Shell Ventures."
zap-series-d-2024:chevron-technology-ventures,participant,7cf02d97b61e0de3d0ca014bec985d189c644eeab6bb794156d394d8f28a7308,https://www.zapenergy.com/updates/2024/10/zap-energy-attracts-130m-in-fresh-capital-as-demo-power-plant-system-begins-operations-and-aims-for-first-milestone,,2026-10-05T18:49:45.584637+00:00,disclosed,"Current investors participating in the new round include Addition, Breakthrough Energy Ventures, Chevron Technology Ventures, DCVC, Energy Impact Partners, Lowercarbon Capital and Shell Ventures."
zap-series-d-2024:dcvc,participant,7cf02d97b61e0de3d0ca014bec985d189c644eeab6bb794156d394d8f28a7308,https://www.zapenergy.com/updates/2024/10/zap-energy-attracts-130m-in-fresh-capital-as-demo-power-plant-system-begins-operations-and-aims-for-first-milestone,,2026-10-05T18:49:45.584637+00:00,disclosed,"Current investors participating in the new round include Addition, Breakthrough Energy Ventures, Chevron Technology Ventures, DCVC, Energy Impact Partners, Lowercarbon Capital and Shell Ventures."
zap-series-d-2024:emerson-collective,participant,7cf02d97b61e0de3d0ca014bec985d189c644eeab6bb794156d394d8f28a7308,https://www.zapenergy.com/updates/2024/10/zap-energy-attracts-130m-in-fresh-capital-as-demo-power-plant-system-begins-operations-and-aims-for-first-milestone,,2026-10-05T18:49:45.584637+00:00,disclosed,"Zap’s $130 million Series D was led by Soros Fund Management LLC, with participation by new investors that include BAM Elevate, Emerson Collective, Leitmotif, Mizuho Financial Group, Plynth Energy and Xplor Ventures."
zap-series-d-2024:energy-impact-partners,participant,7cf02d97b61e0de3d0ca014bec985d189c644eeab6bb794156d394d8f28a7308,https://www.zapenergy.com/updates/2024/10/zap-energy-attracts-130m-in-fresh-capital-as-demo-power-plant-system-begins-operations-and-aims-for-first-milestone,,2026-10-05T18:49:45.584637+00:00,disclosed,"Current investors participating in the new round include Addition, Breakthrough Energy Ventures, Chevron Technology Ventures, DCVC, Energy Impact Partners, Lowercarbon Capital and Shell Ventures."
zap-series-d-2024:leitmotif,participant,7cf02d97b61e0de3d0ca014bec985d189c644eeab6bb794156d394d8f28a7308,https://www.zapenergy.com/updates/2024/10/zap-energy-attracts-130m-in-fresh-capital-as-demo-power-plant-system-begins-operations-and-aims-for-first-milestone,,2026-10-05T18:49:45.584637+00:00,disclosed,"Zap’s $130 million Series D was led by Soros Fund Management LLC, with participation by new investors that include BAM Elevate, Emerson Collective, Leitmotif, Mizuho Financial Group, Plynth Energy and Xplor Ventures."
zap-series-d-2024:lowercarbon-capital,participant,7cf02d97b61e0de3d0ca014bec985d189c644eeab6bb794156d394d8f28a7308,https://www.zapenergy.com/updates/2024/10/zap-energy-attracts-130m-in-fresh-capital-as-demo-power-plant-system-begins-operations-and-aims-for-first-milestone,,2026-10-05T18:49:45.584637+00:00,disclosed,"Current investors participating in the new round include Addition, Breakthrough Energy Ventures, Chevron Technology Ventures, DCVC, Energy Impact Partners, Lowercarbon Capital and Shell Ventures."
zap-series-d-2024:mizuho,participant,7cf02d97b61e0de3d0ca014bec985d189c644eeab6bb794156d394d8f28a7308,https://www.zapenergy.com/updates/2024/10/zap-energy-attracts-130m-in-fresh-capital-as-demo-power-plant-system-begins-operations-and-aims-for-first-milestone,,2026-10-05T18:49:45.584637+00:00,disclosed,"Zap’s $130 million Series D was led by Soros Fund Management LLC, with participation by new investors that include BAM Elevate, Emerson Collective, Leitmotif, Mizuho Financial Group, Plynth Energy and Xplor Ventures."
zap-series-d-2024:plynth-energy,participant,7cf02d97b61e0de3d0ca014bec985d189c644eeab6bb794156d394d8f28a7308,https://www.zapenergy.com/updates/2024/10/zap-energy-attracts-130m-in-fresh-capital-as-demo-power-plant-system-begins-operations-and-aims-for-first-milestone,,2026-10-05T18:49:45.584637+00:00,disclosed,"Zap’s $130 million Series D was led by Soros Fund Management LLC, with participation by new investors that include BAM Elevate, Emerson Collective, Leitmotif, Mizuho Financial Group, Plynth Energy and Xplor Ventures."
zap-series-d-2024:plynth-energy,participant,894104171e557b258395c492aec940df5be44bf543e9edab86c5d6b6ff24d53c,https://www.zapenergy.com/updates/2024/09/us-uae-joint-statement-on-investment-in-zap-energy,,2026-10-05T18:49:48.114937+00:00,disclosed,Plynth Energy – a recently established Abu Dhabi government-owned early-stage fund focused on fusion technologies and supply chains – invested in the U.S. company
zap-series-d-2024:shell-ventures,participant,7cf02d97b61e0de3d0ca014bec985d189c644eeab6bb794156d394d8f28a7308,https://www.zapenergy.com/updates/2024/10/zap-energy-attracts-130m-in-fresh-capital-as-demo-power-plant-system-begins-operations-and-aims-for-first-milestone,,2026-10-05T18:49:45.584637+00:00,disclosed,"Current investors participating in the new round include Addition, Breakthrough Energy Ventures, Chevron Technology Ventures, DCVC, Energy Impact Partners, Lowercarbon Capital and Shell Ventures."
zap-series-d-2024:soros-fund-management,participant,7cf02d97b61e0de3d0ca014bec985d189c644eeab6bb794156d394d8f28a7308,https://www.zapenergy.com/updates/2024/10/zap-energy-attracts-130m-in-fresh-capital-as-demo-power-plant-system-begins-operations-and-aims-for-first-milestone,,2026-10-05T18:49:45.584637+00:00,disclosed,"Zap’s $130 million Series D was led by Soros Fund Management LLC, with participation by new investors that include BAM Elevate, Emerson Collective, Leitmotif, Mizuho Financial Group, Plynth Energy and Xplor Ventures."
zap-series-d-2024:xplor-ventures,participant,7cf02d97b61e0de3d0ca014bec985d189c644eeab6bb794156d394d8f28a7308,https://www.zapenergy.com/updates/2024/10/zap-energy-attracts-130m-in-fresh-capital-as-demo-power-plant-system-begins-operations-and-aims-for-first-milestone,,2026-10-05T18:49:45.584637+00:00,disclosed,"Zap’s $130 million Series D was led by Soros Fund Management LLC, with participation by new investors that include BAM Elevate, Emerson Collective, Leitmotif, Mizuho Financial Group, Plynth Energy and Xplor Ventures."
